strain,normal_stress_GPa,,,,Lx_angstrom,Ly_angstrom,Lz_angstrom,,,
6.81E-16,-0.111767392,-0.059846765,-0.061330644,0.072400407,62.64308244,62.64308244,63.27906912,-137490.4746,2232.327517,1101.475683
0.000625,0.396442745,-0.004435885,0.011636049,0.555912022,62.68223437,62.65219032,63.26596694,-137504.8824,2247.672543,1109.04723
0.00125,0.815626981,0.024114895,0.028900274,1.115998743,62.72138629,62.66363271,63.23462976,-137505.8382,2250.248597,1110.318307
0.001875,1.102877266,0.027107003,-0.079985908,1.60247179,62.76053822,62.66601086,63.19866001,-137481.388,2227.880873,1099.281618
0.0025,1.430142313,0.087147601,0.090910769,1.896625974,62.79969015,62.64837395,63.20585123,-137488.2821,2237.020383,1103.791238
0.003125,1.765591426,-0.01990754,0.005620329,2.50722087,62.83884207,62.64453419,63.17890402,-137483.6302,2234.956849,1102.773049
0.00375,2.147846833,-0.173417543,-0.075410107,3.215702907,62.877994,62.65213804,63.14873791,-137480.5107,2235.031791,1102.810026
0.004375,2.473508133,0.00551962,-0.052343651,3.531889394,62.91714593,62.65561643,63.12130527,-137486.6555,2244.519979,1107.491691
0.005,2.995608093,0.110284488,0.146849511,4.054855702,62.95629785,62.66119542,63.11263665,-137474.4594,2236.585276,1103.576548
0.005625,3.275505773,0.019977038,0.041652043,4.588763134,62.99544978,62.64799278,63.08606392,-137481.8517,2248.149397,1109.28252
0.00625,3.595210112,-0.155286869,-0.077427979,5.24981525,63.0346017,62.64738263,63.05714314,-137476.7751,2248.236938,1109.325714
0.006875,3.979893765,0.082956883,0.079418883,5.513604436,63.07375363,62.66306388,63.05673767,-137438.6078,2215.48748,1093.166467
0.0075,4.208445303,-0.122277356,-0.103386052,6.111252348,63.11290556,62.64972343,63.01479359,-137447.2329,2230.158877,1100.405632
0.008125,4.465592869,-0.115745601,-0.172658859,6.51960738,63.15205748,62.65073723,62.98621074,-137442.2006,2231.489179,1101.06203
0.00875,4.992047197,0.214891467,0.203369053,6.764080721,63.19120941,62.65675961,62.99540803,-137438.9034,2235.123972,1102.855511
0.009375,5.350962313,0.139179776,0.026086433,7.451830007,63.23036134,62.65052937,62.95258432,-137457.4204,2260.630741,1115.441068
0.01,5.620064964,-0.192316333,-0.132718112,8.178131902,63.26951326,62.64967167,62.92872787,-137421.0143,2232.332326,1101.478056
0.010625,6.094102162,0.172695619,0.123705094,8.408989039,63.30866519,62.66023185,62.92151184,-137422.2384,2241.781451,1106.140446
0.01125,6.415238167,-0.111109026,-0.015927125,9.163086505,63.34781712,62.65047643,62.89636241,-137413.7778,2241.838054,1106.168375
0.011875,6.773496688,0.035658618,0.01514702,9.543278934,63.38696904,62.65481019,62.86798283,-137396.9623,2234.127666,1102.363913
0.0125,7.222204423,0.22954013,0.149459612,9.946229736,63.42612097,62.67013534,62.85607531,-137399.0739,2245.555203,1108.002491
0.013125,7.448441325,-0.075643916,0.035219134,10.56314407,63.4652729,62.63985991,62.8380099,-137385.6711,2242.345339,1106.41868
0.01375,7.76365662,-0.033005786,0.025784679,10.98481057,63.50442482,62.66479272,62.8078105,-137341.8998,2208.958397,1089.944885
0.014375,8.104304108,-0.04587692,-0.087845943,11.55588744,63.54357675,62.6549269,62.78097306,-137359.8333,2237.236316,1103.897784
0.015,8.451390279,-0.039818518,0.030147226,11.95921639,63.58272868,62.65351841,62.77753427,-137325.2858,2214.226785,1092.544414
0.015625,8.796701858,0.016869719,-0.040409213,12.45725754,63.6218806,62.66983026,62.74302409,-137328.6161,2228.814835,1099.742455
0.01625,9.283689585,0.025155005,0.07042255,13.06165385,63.66103253,62.65187892,62.73797867,-137331.3535,2243.403634,1106.940864
0.016875,9.523844398,0.095725057,0.059751101,13.35888432,63.70018446,62.65774197,62.71084533,-137309.6682,2233.698021,1102.151917
0.0175,9.956283126,0.111734531,0.028822385,13.98129065,63.73933638,62.67433672,62.68322059,-137297.3457,2234.124428,1102.362315
0.018125,10.32109886,-0.109695067,-0.003762405,14.67703797,63.77848831,62.66324218,62.66872973,-137277.2172,2226.867843,1098.781769
0.01875,10.44498353,-0.065043955,-0.142105835,14.91821295,63.81764024,62.65557493,62.6382516,-137266.3841,2229.387213,1100.024877
0.019375,10.94152089,0.185722104,0.078674462,15.28725284,63.85679216,62.67451243,62.62936252,-137265.5343,2242.002652,1106.249591
0.02,11.08750514,-0.12194468,-0.06284365,15.81093092,63.89594409,62.64671142,62.61209348,-137235.1927,2225.447615,1098.081
0.020625,11.39958182,-0.141913109,-0.110016687,16.2996313,63.93509601,62.64883875,62.5890194,-137210.824,2215.426243,1093.136251
0.02125,11.87990021,0.208779334,0.161973836,16.53865326,63.97424794,62.67434518,62.57509544,-137197.5457,2216.511446,1093.671713
0.021875,12.095303,-0.21554735,-0.093300091,17.32437664,64.01339987,62.64799357,62.54482135,-137180.9386,2214.85144,1092.852632
0.0225,12.42699855,-0.148536921,-0.073559413,17.7317135,64.05255179,62.64522351,62.52984272,-137171.9785,2220.868948,1095.821793
0.023125,12.94285906,0.31591431,0.194645556,17.94356116,64.09170372,62.6796262,62.51462372,-137167.6241,2231.944847,1101.286866
0.02375,13.13080818,-0.050346684,-0.043576105,18.63618229,64.13085565,62.6569298,62.47734896,-137143.4855,2223.830943,1097.283301
0.024375,13.48396387,-0.000575486,0.03896326,19.0421219,64.17000757,62.6529862,62.47513309,-137134.3286,2230.912336,1100.777404
0.025,13.76994126,0.161328454,0.095306553,19.29233878,64.2091595,62.66397481,62.45780754,-137115.6678,2228.930883,1099.799715
0.025625,14.00728163,0.129311903,0.028311208,19.69821969,64.24831143,62.65835998,62.43175569,-137105.5911,2235.523422,1103.052607
0.02625,14.37531576,-0.329627401,-0.174814299,20.68732958,64.28746335,62.65065991,62.4111003,-137068.6549,2216.016567,1093.427529
0.026875,14.7881599,0.122594154,0.049568238,20.79207146,64.32661528,62.67997,62.38458149,-137061.3995,2226.189429,1098.447026
0.0275,15.03495093,0.003968825,0.060597741,21.21708942,64.36576721,62.65947105,62.37121228,-137055.6738,2238.182881,1104.364838
0.028125,15.30132003,-0.212582517,-0.014349302,21.80115125,64.40491913,62.64296127,62.36051208,-137023.8839,2224.507822,1097.617287
0.02875,15.61655351,0.107680063,0.004725626,22.00602019,64.44407106,62.67293305,62.3279148,-137004.2366,2223.493831,1097.116963
0.029375,16.05622072,0.007261132,0.04947437,22.666866,64.48322299,62.66817051,62.31809691,-136974.4919,2212.592509,1091.73803
0.03,16.21988857,-0.191136175,-0.026579193,23.09321387,64.52237491,62.64787924,62.30121106,-136953.9856,2211.105859,1091.004487
0.030625,16.49367029,0.209848875,0.016459454,23.16675886,64.56152684,62.66784103,62.26784701,-136961.7792,2238.161485,1104.354281
0.03125,16.90618453,0.172345854,0.13691697,23.69031336,64.60067877,62.66749067,62.27048597,-136915.2861,2211.495328,1091.196659
0.031875,17.22321675,-0.087478629,0.011609491,24.41125595,64.63983069,62.6585433,62.24070289,-136909.6624,2225.804547,1098.257117
0.0325,17.4839461,0.122892444,-0.0491891,24.67481765,64.67898262,62.67871323,62.20323212,-136888.4246,2225.158062,1097.938128
0.033125,17.81760527,-0.032833523,0.1297931,25.13012758,64.71813455,62.66464022,62.21807152,-136850.2065,2207.777674,1089.362293
0.03375,18.02628651,0.069372912,-0.045459288,25.47649758,64.75728647,62.67136591,62.17329758,-136855.156,2233.471927,1102.040358
0.034375,18.28721509,-0.051874759,-0.076867752,25.95308036,64.7964384,62.66856293,62.15042582,-136815.331,2214.987506,1092.91977
0.035,18.62745963,0.141450464,0.062964528,26.19883916,64.83559032,62.67646104,62.15506221,-136801.2249,2222.599771,1096.675816
0.035625,19.08194088,-0.1282566,-0.011678138,27.08526471,64.87474225,62.67381318,62.11218106,-136778.6895,2222.03241,1096.395868
0.03625,19.11038496,-0.096450839,-0.110926548,27.17280933,64.91389418,62.67027413,62.08614131,-136745.7196,2211.329231,1091.114703
0.036875,19.59051743,0.046943192,0.069390841,27.62292854,64.9530461,62.6774391,62.09730011,-136713.7849,2201.980716,1086.501956
0.0375,19.71889857,0.016773376,-0.001308538,27.87580729,64.99219803,62.67968154,62.05810085,-136717.11,2227.992071,1099.336486
0.038125,19.99423962,-0.202870066,-0.150244865,28.52588762,65.03134996,62.66844218,62.03674718,-136663.1403,2197.165379,1084.125971
0.03875,20.31621585,0.200676852,0.153951986,28.48076503,65.07050188,62.6844608,62.03259811,-136661.132,2218.335299,1094.571639
0.039375,20.58539243,0.135709718,-0.029361366,29.03764531,65.10965381,62.69333542,61.99510834,-136642.0508,2222.998,1096.87231
0.04,20.67955975,-0.214287043,-0.125671421,29.48590053,65.14880574,62.659273,61.98729272,-136608.376,2213.27148,1092.073048
0.040625,21.10999475,0.00744944,0.080945991,29.79167186,65.18795766,62.67398258,61.97727311,-136580.3138,2209.440551,1090.182789
0.04125,21.15524661,0.025176737,-0.094175928,29.96718299,65.22710959,62.69384751,61.93142493,-136530.2234,2183.775076,1077.518924
0.041875,21.65266093,-0.04012474,0.012920114,30.6407922,65.26626152,62.68214128,61.93625234,-136524.5602,2202.710989,1086.862287
0.0425,21.83827953,-0.126716556,-0.01073329,30.98150846,65.30541344,62.67585612,61.908984,-136498.9031,2202.06394,1086.54302
0.043125,22.1355621,0.058785587,-0.007030215,31.26791946,65.34456537,62.69439507,61.87825364,-136492.841,2220.990927,1095.88198
0.04375,22.40178881,0.055416926,0.105680783,31.56706029,65.3837173,62.68869902,61.87669485,-136454.8221,2208.661369,1089.798325
0.044375,22.53836758,-0.11954957,0.036032694,31.93368897,65.42286922,62.67654464,61.8659644,-136419.8426,2199.572032,1085.313462
0.045,22.75689745,-0.16076891,-0.118136003,32.38037067,65.46202115,62.6865187,61.81814751,-136389.1856,2194.777155,1082.947573
0.045625,23.15180002,0.141942615,0.035074336,32.61668232,65.50117308,62.70972113,61.79987354,-136387.1475,2218.981419,1094.890448
0.04625,23.31765882,-0.171481023,-0.005106543,33.10164279,65.540325,62.68477821,61.80765166,-136324.6629,2183.133038,1077.202129
0.046875,23.46750778,-0.154279259,-0.213246474,33.44802568,65.57947693,62.6972898,61.75350517,-136325.1262,2210.25772,1090.585997
0.0475,23.74428188,0.153464318,0.086784186,33.40970393,65.61862886,62.71048664,61.741127,-136280.2409,2192.571796,1081.859404
0.048125,24.10582774,0.085336665,0.098000451,33.96115314,65.65778078,62.69339886,61.75873301,-136273.1011,2212.893351,1091.886471
0.04875,24.21170998,-0.207586883,-0.152570398,34.49526409,65.69693271,62.69232964,61.70384672,-136240.5646,2207.394505,1089.173229
0.049375,24.39105033,0.054169693,-0.166216251,34.57443668,65.73608463,62.72533571,61.6591931,-136201.817,2196.54559,1083.820154
0.05,24.78239008,0.334870023,0.277347305,34.61476082,65.77523656,62.71031886,61.69531329,-136181.1471,2203.873735,1087.43601
0.050625,24.95276687,-0.280615388,-0.034337397,35.51252755,65.81438849,62.69611642,61.66710025,-136146.0944,2197.322023,1084.203262
0.05125,25.04443266,-0.167472228,-0.211840014,35.68643197,65.85354041,62.71843808,61.60443903,-136123.8251,2203.325932,1087.165713
0.051875,25.32897506,0.177625168,0.183566142,35.56517997,65.89269234,62.71889112,61.62711764,-136078.2824,2186.781141,1079.002177
0.0525,25.55203479,0.011984139,-0.002871906,36.12959541,65.93184427,62.71637561,61.59868236,-136070.6924,2207.725576,1089.336586
0.053125,25.69469325,-0.171887757,-0.128499175,36.55022794,65.97099619,62.72186509,61.54799764,-136032.9336,2199.339454,1085.198703
0.05375,25.93041307,0.272284173,0.131016654,36.38637644,66.01014812,62.73614081,61.55859619,-136009.7245,2205.335637,1088.157342
0.054375,26.04939755,-0.113137229,-0.051335624,36.9557887,66.04930005,62.72008761,61.53417249,-135961.7497,2187.179434,1079.198703
0.055,26.36792855,-0.067691653,-0.014293136,37.34791143,66.08845197,62.72171442,61.51364654,-135947.0964,2202.284505,1086.651852
0.055625,26.62630317,-0.072391345,0.024837853,37.68909258,66.1276039,62.73073148,61.49640044,-135915.9205,2201.110288,1086.072469
0.05625,26.71225971,-0.067911731,-0.059730875,37.86709824,66.16675583,62.73363787,61.47536308,-135880.546,2195.980006,1083.541084
0.056875,26.95546325,0.01142531,-0.004957986,38.1162139,66.20590775,62.7313551,61.45616104,-135865.5456,2211.036224,1090.970127
0.0575,27.16991369,0.251230526,0.172222036,38.12475705,66.24505968,62.74906853,61.444109,-135827.312,2203.586342,1087.294204
0.058125,27.29905445,0.235807878,-0.015686069,38.4522771,66.28421161,62.74799227,61.40949226,-135819.3611,2226.124304,1098.414892
0.05875,27.4302855,-0.179613523,-0.066597738,38.96662527,66.32336353,62.72986164,61.4014145,-135759.5296,2197.645162,1084.362705
0.059375,27.52070434,0.129744351,0.036536442,38.80274297,66.36251546,62.74741888,61.38013546,-135711.9644,2181.130466,1076.214019
0.06,27.81112156,0.153870093,0.022815426,39.20625832,66.40166739,62.755905,61.35598476,-135705.2371,2205.739593,1088.356662
0.060625,27.86404356,-0.212413546,-0.083587166,39.61532662,66.44081931,62.7366906,61.34016996,-135659.1674,2190.969049,1081.068576
0.06125,28.12824557,0.103106261,0.08159322,39.64875287,66.47997124,62.75689941,61.32555426,-135630.8958,2194.309927,1082.717033
0.061875,28.30395739,-0.020394904,0.008287744,40.03641688,66.51912317,62.75844777,61.29121,-135593.0952,2188.417598,1079.809638
0.0625,28.35625784,-0.077329256,-0.161014122,40.27046906,66.55827509,62.75411319,61.2660898,-135564.5473,2192.032852,1081.593478
0.063125,28.59730713,0.115791904,0.148346686,40.25594515,66.59742702,62.75792016,61.27121749,-135541.5659,2200.935769,1085.986358
0.06375,28.55578248,-0.109322281,-0.067086063,40.50874743,66.63657894,62.76176858,61.22415828,-135493.2888,2185.098436,1078.171896
0.064375,28.89093836,-0.019560187,0.006695961,40.86706589,66.67573087,62.76341648,61.22032453,-135468.6705,2192.648468,1081.897235
0.065,28.90893117,-0.252324885,-0.001607998,41.06410828,66.7148828,62.75200532,61.21081554,-135421.0698,2177.752938,1074.547478
0.065625,29.09251797,-0.057809451,-0.066083672,41.23064039,66.75403472,62.77963556,61.16204857,-135397.8463,2187.272065,1079.244409
0.06625,29.34688233,0.395559161,0.175709196,41.0996933,66.79318665,62.79819031,61.15242561,-135364.9332,2187.251743,1079.234381
0.066875,29.43272504,-0.086334993,-0.019132109,41.69881666,66.83233858,62.77596706,61.14243103,-135323.3335,2178.948748,1075.137516
0.0675,29.5818397,-0.02107546,-0.044015275,41.88107442,66.8714905,62.79172441,61.10841953,-135294.2143,2183.314272,1077.291553
0.068125,29.77312473,0.008077102,0.031979237,42.07724286,66.91064243,62.79858502,61.08613672,-135261.1771,2183.482062,1077.374345
0.06875,29.78035464,-0.142038195,-0.077794736,42.27130001,66.94979436,62.78704292,61.06238197,-135230.6727,2186.541893,1078.884127
0.069375,30.07842259,0.075700882,0.015756555,42.47270644,66.98894628,62.8007936,61.05008327,-135199.12,2188.883074,1080.039314
0.07,30.00824996,-0.027657914,-0.105184233,42.53211364,67.02809821,62.80559928,61.02149974,-135154.6458,2178.322109,1074.828319
0.070625,30.24356654,-0.002501951,0.08271576,42.71426976,67.06725014,62.80612102,61.00949324,-135121.3495,2178.945471,1075.135899
0.07125,30.34996386,-0.006427358,0.003921334,42.92310441,67.10640206,62.81028698,60.98651531,-135084.3823,2176.319608,1073.840244
0.071875,30.49509753,0.078294617,0.069080161,43.02237229,67.14555399,62.81452581,60.96642106,-135063.4112,2189.491977,1080.339758
0.0725,30.53381465,-0.158256508,-0.085548738,43.35382258,67.18470592,62.82209189,60.92932501,-134995.1278,2155.913241,1063.771329
0.073125,30.66983163,-0.168929999,-0.067605157,43.54112431,67.22385784,62.82238271,60.91169607,-134981.1828,2176.103136,1073.733433
0.07375,30.94568861,-0.179068029,-0.16629853,44.00802634,67.26300977,62.82215489,60.89001454,-134969.5891,2199.174206,1085.117167
0.074375,31.03463196,0.077978765,0.140616499,43.7350945,67.3021617,62.8393124,60.87943246,-134913.2509,2177.722305,1074.532364
0.075,31.01193993,-0.025845346,-0.070761723,43.92585201,67.34131362,62.84563733,60.83284626,-134869.2418,2168.379828,1069.922596
0.075625,31.14647594,-0.133036817,-0.034291432,44.16625321,67.38046555,62.82876659,60.83421682,-134842.5894,2176.84665,1074.100298
0.07625,31.31054023,-0.057833489,-0.022465014,44.33659141,67.41961748,62.83551794,60.81893793,-134807.6059,2176.774904,1074.064897
0.076875,31.60922545,0.352422791,0.131341294,44.36094882,67.4587694,62.86922316,60.78688491,-134787.8695,2192.281615,1081.716223
0.0775,31.52037044,-0.162704188,-0.100712383,44.76286341,67.49792133,62.8518443,60.74705475,-134728.1251,2167.804572,1069.638753
0.078125,31.52583637,-0.204665302,-0.119390788,44.81352932,67.53707326,62.8486138,60.73403726,-134701.7265,2177.069222,1074.210119
0.07875,31.73766498,0.107598512,0.075030645,44.75471571,67.57622518,62.87019897,60.73550949,-134657.7434,2168.595832,1070.029177
0.079375,31.96843723,0.153520604,0.142482486,45.00089374,67.61537711,62.87429233,60.70638121,-134640.6396,2187.181107,1079.199528
0.08,32.01536544,0.019045087,0.002771802,45.26114153,67.65452903,62.882454,60.65831394,-134603.6863,2186.024981,1078.629072
0.080625,32.12235304,0.200281529,0.143679539,45.18470329,67.69368096,62.90148905,60.64149514,-134559.5777,2177.671965,1074.507525
0.08125,32.18479816,-0.224876661,-0.08644325,45.73662874,67.73283289,62.88741732,60.631569,-134503.4128,2157.639135,1064.62292
0.081875,32.30316593,-0.054269421,-0.012675664,45.73094106,67.77198481,62.88197036,60.61200345,-134493.454,2183.574225,1077.41982
0.0825,32.24702819,0.191577797,0.115490459,45.38715023,67.81113674,62.91906302,60.57622759,-134427.0469,2153.511799,1062.586409
0.083125,32.41364324,0.068000102,-0.055889523,45.83150158,67.85028867,62.91805132,60.52908935,-134414.5487,2177.080448,1074.215658
0.08375,32.46286841,-0.141747053,-0.118173512,46.09322942,67.88944059,62.91650598,60.50880643,-134382.3792,2181.202071,1076.249351
0.084375,32.50944913,0.05972164,0.118602554,45.84926633,67.92859252,62.92229482,60.50726685,-134326.6885,2161.968045,1066.758892
0.085,32.73472441,0.128955316,0.07043997,46.15295311,67.96774445,62.93382915,60.48360977,-134294.3,2166.088566,1068.792041
0.085625,32.84963582,-0.237600042,-0.059273775,46.66683306,68.00689637,62.93563946,60.4441952,-134246.2641,2155.063971,1063.352282
0.08625,32.90276176,0.018066851,-0.028905675,46.53923168,68.0460483,62.94368748,60.41901039,-134220.1505,2165.538818,1068.520784
0.086875,32.98458306,0.127057238,0.083436876,46.49843359,68.08520023,62.95958856,60.42651252,-134178.5026,2161.040582,1066.301263
0.0875,33.04862749,-0.272094345,-0.062968839,46.97544091,68.12435215,62.93800984,60.38541311,-134146.8493,2166.364671,1068.928277
0.088125,33.0452787,0.072048933,0.014521534,46.67191993,68.16350408,62.98075666,60.33089379,-134114.4697,2170.724741,1071.079624
0.08875,33.15199401,0.171510955,0.016083717,46.75173762,68.20265601,62.99815509,60.30321923,-134074.354,2167.649125,1069.562052
0.089375,33.33361551,-0.261086308,-0.078262359,47.38133596,68.24180793,62.95928655,60.30318751,-134046.2788,2176.712809,1074.034258
0.09,33.16411516,-0.014649924,0.058448445,46.87025672,68.28095986,62.97352562,60.28538209,-133995.0322,2162.466805,1067.004991
0.090625,33.34221872,0.262426619,0.079852506,46.91152294,68.32011179,63.02023145,60.23795419,-133948.2969,2153.312335,1062.487989
0.09125,33.41923291,-0.312075289,-0.164726584,47.59942436,68.35926371,62.99391367,60.20019232,-133905.9868,2148.364288,1060.046523
0.091875,33.53513977,0.057408202,0.067512697,47.33751869,68.39841564,63.00702312,60.21275173,-133868.7597,2148.473663,1060.100491
0.0925,33.75921767,0.085139376,0.051247029,47.64632181,68.43756757,63.01473625,60.17873036,-133864.6447,2181.868295,1076.578079
0.093125,33.60067413,-0.020463847,-0.02290459,47.54919527,68.47671949,63.03093526,60.11766118,-133813.596,2168.181956,1069.824962
0.09375,33.70224715,0.249470479,0.051358045,47.45007749,68.51587142,63.05601512,60.08843209,-133784.6127,2176.608068,1073.982577
0.094375,33.8016272,0.055378817,0.080655769,47.70653868,68.55502334,63.0346869,60.10184286,-133743.0607,2172.651369,1072.030261
0.095,33.92266642,-0.145379721,0.008064447,48.07135883,68.59417527,63.02960054,60.08305262,-133707.7478,2175.362646,1073.36806
0.095625,34.02396186,0.039537567,-0.012194571,48.09785561,68.6333272,63.05966313,60.03240421,-133676.8384,2181.933362,1076.610185
0.09625,33.93811507,0.223628872,0.078304824,47.78257474,68.67247912,63.06895097,60.00472532,-133617.925,2161.024043,1066.293102
0.096875,33.96884525,-0.232484489,-0.023887164,48.22116056,68.71163105,63.05562545,59.98575431,-133568.5618,2149.560142,1060.636581
0.0975,34.15529828,0.198375969,0.086493566,48.10164805,68.75078298,63.09540269,59.95337291,-133548.9908,2167.879633,1069.67579
0.098125,34.07963227,-0.018075767,-0.080236821,48.2654557,68.7899349,63.10089988,59.88948642,-133507.268,2164.287907,1067.903559
0.09875,34.12379185,0.161128588,0.173261301,48.02188217,68.82908683,63.10650613,59.88507501,-133465.2677,2160.277865,1065.924923
0.099375,34.1270892,0.094354575,0.059640237,48.15412039,68.86823876,63.10901234,59.87222461,-133436.5191,2169.583799,1070.51666
0.1,34.06228457,-0.07953092,-0.037109425,48.25384995,68.90739068,63.11094232,59.83239913,-133386.222,2157.23077,1064.421424
0.100625,34.24387357,-0.038703318,-0.094797287,48.52259824,68.94654261,63.14427306,59.77634675,-133357.4478,2166.604683,1069.046703
0.10125,34.24125579,0.09903971,-0.03154884,48.37698947,68.98569454,63.14644186,59.74879673,-133324.7226,2172.190537,1071.802877
0.101875,34.233031,-0.236331572,-0.042542699,48.61059002,69.02484646,63.13050033,59.74809207,-133269.0812,2154.725762,1063.185403
0.1025,34.32160748,0.172904093,0.137260301,48.31878315,69.06399839,63.16824625,59.71253161,-133235.2193,2158.815711,1065.203466
0.103125,34.15546171,0.021782388,-0.075181785,48.34102212,69.10315032,63.19286573,59.64678978,-133192.6619,2154.298273,1062.974471
0.10375,34.11358418,-0.173083264,-0.099573363,48.43677442,69.14230224,63.19100246,59.61256393,-133149.7417,2149.733698,1060.722217
0.104375,33.96021412,0.385101576,0.184092974,47.62515036,69.18145417,63.21588952,59.60598259,-133128.1994,2166.085841,1068.790696
0.105,33.6169489,-0.097429374,0.041896405,47.58111878,69.2206061,63.20589598,59.5702651,-133080.5501,2156.429573,1064.026098
0.105625,32.83927956,-0.017005936,-0.079428751,46.51000698,69.25975802,63.23028367,59.49591755,-133049.6549,2162.514965,1067.028754
0.10625,32.11343723,0.145321469,0.043154836,45.28215848,69.29890995,63.26081697,59.45877192,-133021.3445,2170.919828,1071.175883
0.106875,31.06423975,-0.129110773,-0.036895252,44.04899794,69.33806188,63.23247796,59.43501645,-133026.9017,2211.582641,1091.23974
0.1075,29.74316282,0.067315059,0.166282159,41.89818139,69.3772138,63.25817788,59.38153753,-133015.142,2233.117191,1101.865324
0.108125,27.66119694,0.2055676,0.048597644,38.93959248,69.41636573,63.30708725,59.26249258,-133026.1677,2274.707136,1122.386647
0.10875,25.06010292,-0.039370811,-0.091714539,35.53308659,69.45551765,63.27821054,59.16939628,-133028.0308,2303.651189,1136.66823
0.109375,23.21884548,0.059549743,0.158604784,32.6823728,69.49466958,63.28981256,59.10213088,-133051.3152,2349.293546,1159.189095
0.11,21.26113249,-0.0514105,0.032390526,30.08140617,69.53382151,63.268825,58.95919757,-133090.8575,2405.917011,1187.128261
0.110625,19.64611359,0.067176207,-0.014997644,27.74708699,69.57297343,63.26429419,58.84032839,-133117.0813,2444.386491,1206.109883
0.11125,18.1039323,-0.199385914,0.066834118,25.69862333,69.61212536,63.2036166,58.71163428,-133165.8704,2499.876725,1233.48989
0.111875,16.44759391,0.019123908,-0.059332068,23.28904007,69.65127729,63.20308429,58.5554555,-133211.811,2548.601041,1257.531456
0.1125,15.0586026,0.030515149,-0.216820699,21.42995905,69.69042921,63.15454654,58.44837467,-133278.9946,2616.258627,1290.915082
0.113125,14.02363311,-0.160085025,0.099359948,19.87789111,69.72958114,63.07314925,58.43215843,-133341.9965,2676.434183,1320.606921
0.11375,12.8659856,-0.059158112,-0.070581096,18.28699615,69.76873307,63.05340295,58.33546977,-133386.8704,2716.039788,1340.149131
0.114375,12.54148432,-0.133008892,0.063325033,17.78723656,69.80788499,63.0293053,58.30143523,-133441.3601,2762.905622,1363.273684
0.115,11.75397294,0.029382359,0.104684988,16.52808533,69.84703692,63.03170661,58.19503577,-133465.1623,2776.074451,1369.771451
0.115625,11.21831785,0.093498924,-0.015549456,15.81054276,69.88618885,63.04522399,58.08614262,-133533.293,2832.1683,1397.449294
0.11625,10.35877246,-0.185477886,-0.02550642,14.80000182,69.92534077,63.02351817,58.06055139,-133548.769,2833.401026,1398.057546
0.116875,9.724321998,-0.017644656,0.053465657,13.72721506,69.9644927,62.99704362,58.00814074,-133610.6091,2879.002764,1420.558369
0.1175,9.38217946,0.114785878,-0.150696469,13.2977738,70.00364463,62.99370057,57.95949969,-133627.124,2877.603339,1419.867864
0.118125,8.99083769,-0.190939532,-0.019365243,12.86538875,70.04279655,62.925052,57.98688528,-133655.8629,2887.88585,1424.941464
0.11875,8.89701717,-0.026625512,0.08925006,12.53880327,70.08194848,62.90019343,57.96633967,-133710.2188,2922.401884,1441.972375
0.119375,8.307493062,-0.017674511,-0.035018066,11.78584778,70.12110041,62.88891523,57.88972014,-133741.1545,2932.585454,1446.997155
0.12,7.773611514,-0.085619414,-0.079976938,11.11064328,70.16025233,62.87838428,57.83211842,-133761.9589,2931.051386,1446.240214
0.120625,7.515494588,0.042325056,0.017047747,10.58657673,70.19940426,62.86051576,57.82959012,-133789.8996,2936.224894,1448.792929
0.12125,7.522158275,-0.263398009,0.056073554,10.79163425,70.23855619,62.80334724,57.82149344,-133834.4651,2957.865586,1459.470885
0.121875,7.162007954,0.168968843,0.082426995,9.951409551,70.27770811,62.83574148,57.79144685,-133901.878,3001.040162,1480.774097
0.1225,6.997912497,0.030730739,-0.035125867,9.89997916,70.31686004,62.8039247,57.77395047,-133911.6698,2986.425925,1473.563135
0.123125,6.871643484,-0.181935941,-0.074621653,9.900257492,70.35601196,62.77168939,57.74418453,-133925.007,2974.799787,1467.826563
0.12375,6.850376413,0.285173059,0.030675291,9.46968783,70.39516389,62.81865161,57.70340955,-133953.8406,2978.012803,1469.41193
0.124375,6.657308053,-0.307364669,-0.249378401,9.808789238,70.43431582,62.77303643,57.6544911,-133975.4944,2974.045729,1467.454496
0.125,7.12080139,0.072033314,0.13703978,9.922816307,70.47346774,62.79464771,57.67103805,-134025.7851,2998.535297,1479.538145
0.125625,6.806346241,-0.089425744,-0.195775285,9.828157881,70.51261967,62.76045074,57.63262297,-134038.1857,2985.428443,1473.070958
0.12625,6.841772749,-0.012429016,0.164867022,9.570401549,70.5517716,62.73539435,57.66204055,-134061.4563,2982.671221,1471.710489
0.126875,6.547963916,-0.112607756,-0.020587069,9.355081232,70.59092352,62.71788145,57.63488571,-134089.1582,2984.28584,1472.507174
0.1275,6.389031628,-0.049341229,-0.106392155,9.145842223,70.63007545,62.71822513,57.60174168,-134085.5598,2954.735064,1457.926222
0.128125,6.367372106,0.371713188,0.128566443,8.656196758,70.66922738,62.72931143,57.57103194,-134105.8071,2949.099049,1455.145298
0.12875,6.295405946,-0.002532697,0.076639464,8.851178223,70.7083793,62.68739646,57.5561087,-134133.5668,2951.432457,1456.296649
0.129375,5.993769982,-0.211320086,-0.118399073,8.710360935,70.74753123,62.66570855,57.52207738,-134161.1954,2953.494722,1457.314212
0.13,6.308122024,0.101459794,0.023501566,8.833186732,70.78668316,62.69492807,57.46487344,-134214.5687,2981.441925,1471.103929
0.130625,6.420198867,0.198199032,0.079773449,8.88416012,70.82583508,62.71614487,57.44036799,-134198.7899,2941.672292,1451.480785
0.13125,6.356256571,-0.006192043,0.088441676,8.931697009,70.86498701,62.69611294,57.41208178,-134211.4015,2929.104876,1445.279767
0.131875,6.186382881,0.078567379,-0.128410495,8.787767944,70.90413894,62.71545066,57.37446898,-134236.5736,2929.616403,1445.532165
0.1325,6.089026824,-0.046283084,0.083490769,8.586345685,70.94329086,62.69447718,57.37002734,-134265.5468,2934.070577,1447.729945
0.133125,5.88221214,-0.019431172,-0.188937632,8.468588181,70.98244279,62.69293442,57.31748406,-134268.1873,2912.714397,1437.192372
0.13375,6.147953197,-0.044271392,0.103291499,8.654672449,71.02159472,62.67061845,57.33233056,-134284.9344,2905.592488,1433.678278
0.134375,6.206229695,0.037316333,0.131956535,8.658016128,71.06074664,62.69415159,57.29147306,-134303.7091,2900.652668,1431.24087
0.135,6.119752586,-0.138675941,-0.410898423,9.04938867,71.09989857,62.69404759,57.22084664,-134291.1789,2866.070336,1414.177246
0.135625,6.392113211,0.124229919,0.294541194,8.746184963,71.1390505,62.69901403,57.26008802,-134310.7149,2862.966051,1412.645529
0.13625,6.17956177,-0.055700292,-0.320713599,9.011232153,71.17820242,62.72434884,57.14511842,-134341.4364,2871.201489,1416.709061
0.136875,6.278806799,0.068498613,0.003245227,8.82920488,71.21735435,62.72981433,57.14381652,-134294.8418,2803.420381,1383.264487
0.1375,6.342535985,0.007946664,0.106338477,8.889705405,71.25650627,62.690936,57.14114998,-134364.0201,2851.232253,1406.855835
0.138125,6.261742772,0.097041849,-0.020411438,8.802431156,71.2956582,62.69885896,57.10766598,-134355.0576,2821.211366,1392.04292
0.13875,5.9580825,0.06916245,0.032993606,8.353883285,71.33481013,62.70714895,57.09028384,-134379.2842,2824.648645,1393.738944
0.139375,5.632818761,-0.35931118,-0.468626576,8.552497079,71.37396205,62.67317416,57.02882266,-134377.5684,2802.09676,1382.611386
0.14,6.076895931,0.129943302,0.333716011,8.269938602,71.41311398,62.69022022,57.04073461,-134415.6731,2819.250401,1391.07534
0.140625,5.744199429,0.080368429,0.014535069,8.05682129,71.45226591,62.70612358,56.96732654,-134424.8205,2808.219151,1385.632298
0.14125,5.54159021,0.07854593,-0.029252728,7.80325345,71.49141783,62.69628862,56.9338297,-134434.675,2797.850072,1380.515984
0.141875,5.812076395,-0.01556083,0.020555288,8.216104718,71.53056976,62.68321286,56.91070178,-134468.8893,2811.597552,1387.29927
0.1425,5.681901845,0.084070798,-0.026421061,7.995803354,71.56972169,62.68818234,56.89100719,-134492.6186,2815.348339,1389.149984
0.143125,5.303759752,0.106222553,0.319392678,7.204425694,71.60887361,62.67811056,56.86829361,-134490.4948,2792.90842,1378.077673
0.14375,4.972251842,-0.027761621,-0.245585851,7.230035422,71.64802554,62.69264181,56.77588509,-134511.5308,2794.627672,1378.925987
0.144375,5.250318092,0.045727496,0.279088864,7.201065258,71.68717747,62.68819021,56.78688859,-134550.2117,2812.934106,1387.958752
0.145,4.839583696,-0.053028319,0.079845147,6.827182343,71.72632939,62.70948992,56.71920306,-134536.1751,2779.02058,1371.225131
0.145625,4.679744799,0.034981291,-0.064978805,6.640498637,71.76548132,62.72896109,56.6667545,-134548.6665,2771.692721,1367.609416
0.14625,4.880439601,-0.076997153,0.191648541,6.828844066,71.80463325,62.68538182,56.69027596,-134547.8927,2751.037298,1357.417612
0.146875,5.123800543,-0.054473072,-0.020994051,7.299626696,71.84378517,62.69766014,56.65553478,-134589.4758,2773.202515,1368.354379
0.1475,5.361784474,-0.054137915,-0.103929749,7.694720691,71.8829371,62.72845996,56.60471498,-134590.0725,2755.024309,1359.384884
0.148125,5.361795701,-0.262880991,-0.097563307,7.840211643,71.92208903,62.68908945,56.60667475,-134596.2149,2743.085496,1353.494031
0.14875,5.491036444,0.13464846,0.001827799,7.670719986,71.96124095,62.71507494,56.59007358,-134600.1054,2728.841977,1346.46599
0.149375,5.683017194,-0.040148123,0.086273525,8.005881799,72.00039288,62.68324845,56.55058791,-134656.7803,2767.449553,1365.515751
0.15,5.691770326,0.332824315,0.050230739,7.786214124,72.03954481,62.73114669,56.51366539,-134643.6076,2736.98224,1350.482561
0.150625,5.403332412,0.009497991,0.008942243,7.628426795,72.07869673,62.71486672,56.46965562,-134655.306,2731.329534,1347.693401
0.15125,5.40744418,-0.072289725,-0.124620484,7.78678121,72.11784866,62.72890937,56.4192206,-134673.5757,2732.031931,1348.039978
0.151875,5.649000328,-0.043479936,0.25243316,7.84951166,72.15700058,62.68478202,56.43883965,-134705.691,2746.881051,1355.366835
0.1525,5.512924368,0.090094402,0.188989381,7.600075579,72.19615251,62.69272826,56.39184997,-134691.4137,2715.673499,1339.968396
0.153125,5.386252341,0.122152728,-0.074895506,7.587734085,72.23530444,62.72959083,56.31832412,-134689.8599,2697.900281,1331.198729
0.15375,5.43334413,-0.16124012,0.074255119,7.750784861,72.27445636,62.69174697,56.32040505,-134730.2948,2721.513036,1342.849742
0.154375,5.379775736,-0.126012147,0.007465122,7.69371417,72.31360829,62.71615092,56.27566476,-134729.2353,2704.018445,1334.217556
0.155,5.415119498,0.015270692,-0.002663804,7.649252556,72.35276022,62.73684044,56.22839853,-134745.4518,2703.88239,1334.150424
0.155625,5.537989039,-0.237534868,0.00272789,8.003344212,72.39191214,62.69212445,56.23168713,-134732.3291,2675.171837,1319.984054
0.15625,5.887708561,0.14262089,-0.064572622,8.275180528,72.43106407,62.70388618,56.22018063,-134755.5345,2683.310063,1323.99962
0.156875,5.919966481,-0.256265524,0.245022722,8.40250667,72.470216,62.66874288,56.21719184,-134779.0414,2691.405576,1327.994111
0.1575,5.696466368,0.127548538,-0.303470144,8.197430149,72.50936792,62.73325796,56.1190972,-134758.8243,2656.049228,1310.548571
0.158125,5.893816242,-0.080521941,0.16244176,8.282535937,72.54851985,62.68885179,56.15243194,-134758.3059,2641.270375,1303.256385
0.15875,6.191900648,0.140436309,0.03666924,8.632372903,72.58767178,62.69312281,56.13029846,-134798.1564,2666.955918,1315.930153
0.159375,5.903045152,0.001091251,-0.000282668,8.347594928,72.6268237,62.69228856,56.07398039,-134787.1577,2642.267448,1303.748361
0.16,6.174244574,-0.004498766,-0.060261239,8.777758339,72.66597563,62.70641969,56.03557489,-134805.036,2646.188562,1305.683119
0.160625,6.15472708,0.121702571,-0.004454323,8.622575941,72.70512756,62.71216423,56.02127835,-134818.5152,2646.303563,1305.739862
0.16125,6.132768412,-0.234636294,-0.216747571,8.992247545,72.74427948,62.67846005,56.00063786,-134813.9543,2628.928608,1297.166707
0.161875,6.412550827,-0.103396041,0.046344733,9.110903682,72.78343141,62.67906562,56.01059009,-134815.1792,2617.712333,1291.632369
0.1625,6.467647633,-0.055602992,-0.043102585,9.216443098,72.82258334,62.67551302,55.97317316,-134830.3112,2620.602425,1293.058399
0.163125,6.388040611,-0.135843549,-0.105325104,9.204661548,72.86173526,62.69219553,55.92321985,-134828.8301,2607.103671,1286.39784
0.16375,6.451385732,-0.012218286,-0.089982121,9.196396984,72.90088719,62.71917606,55.87690857,-134848.0595,2614.429622,1290.012613
0.164375,6.554687879,-0.04302935,-0.065675425,9.346635531,72.94003912,62.68363133,55.88139931,-134843.7607,2598.9173,1282.358519
0.165,6.679363952,-0.143368257,-0.118851101,9.631510982,72.97919104,62.67183267,55.87133722,-134849.8549,2593.757844,1279.812738
0.165625,7.20520266,0.221302348,0.236385103,9.866078715,73.01834297,62.70036088,55.86706905,-134860.9406,2594.401259,1280.130213
0.16625,7.121245472,-0.087073827,-0.055962338,10.17217514,73.0574949,62.67841908,55.81112918,-134869.558,2592.742228,1279.311613
0.166875,6.8337066,0.189201756,-0.161406819,9.654220981,73.09664682,62.69425137,55.78515969,-134856.0864,2569.407389,1267.79773
0.1675,6.880652088,-0.200277715,0.212746825,9.7350458,73.13579875,62.65038211,55.78959371,-134862.6573,2565.501453,1265.870462
0.168125,6.505056911,0.15339222,-0.124776731,9.185625533,73.17495067,62.70301515,55.69594321,-134869.6939,2562.340746,1264.310905
0.16875,6.739356398,0.133601056,0.215519992,9.28456546,73.2141026,62.68262767,55.70916169,-134876.5459,2559.283733,1262.802513
0.169375,6.879529777,-0.014185331,0.087438703,9.678126709,73.25325453,62.66735569,55.67715488,-134899.9975,2572.824833,1269.483966
0.17,6.572391403,-0.150762415,-0.273331917,9.595819315,73.29240645,62.68790044,55.61418577,-134908.6933,2572.136285,1269.144223
0.170625,6.933702337,0.111753068,0.223964261,9.569334785,73.33155838,62.67832682,55.64768083,-134916.9273,2570.382993,1268.279113
0.17125,6.720964876,-0.103786875,0.1911861,9.44998711,73.37071031,62.65957077,55.6234028,-134920.7721,2564.124163,1265.190879
0.171875,6.556858255,-0.049946858,-0.242106354,9.482231743,73.40986223,62.70862641,55.54830962,-134938.3409,2571.990808,1269.072441
0.1725,6.811442216,0.051848459,0.055981505,9.556588002,73.44901416,62.68387111,55.54835631,-134949.5205,2573.459876,1269.797309
0.173125,7.009414809,0.246114505,0.124361614,9.651995249,73.48816609,62.69931522,55.51711285,-134944.3796,2558.126921,1262.231718
0.17375,6.933139501,-0.064445193,-0.122930017,9.937692342,73.52731801,62.6642672,55.47631194,-134952.4593,2556.577769,1261.467335
0.174375,7.44711962,0.313523491,0.263501352,10.12398476,73.56646994,62.67852782,55.52577966,-134946.5839,2542.32926,1254.436832
0.175,7.458064159,0.028741969,0.06018238,10.48448718,73.60562187,62.66450336,55.48460216,-134972.8338,2559.887931,1263.100636
0.175625,7.163363563,-0.183866903,-0.157295305,10.37181507,73.64477379,62.66202044,55.4333959,-134960.5477,2539.256038,1252.920442
0.17625,7.45236071,0.149697555,0.136504172,10.33686704,73.68392572,62.69295352,55.42043837,-134956.2363,2526.622125,1246.686613
0.176875,7.609972963,-0.134599,0.093238423,10.79498045,73.72307765,62.65984582,55.39770935,-134971.7514,2534.141518,1250.396834
0.1775,7.555970236,-0.047261979,-0.07170904,10.76992242,73.76222957,62.68483546,55.35723786,-134963.569,2518.405956,1242.632588
0.178125,7.509539025,0.215472206,-0.014623668,10.48185952,73.8013815,62.69693514,55.31553641,-134983.1066,2530.634557,1248.666428
0.17875,7.457537003,-0.009518757,0.107091102,10.47852922,73.84053343,62.68808585,55.30112958,-134956.1066,2496.348027,1231.748759
0.179375,7.40075287,0.059803707,-0.229856937,10.59243333,73.87968535,62.69774257,55.24889854,-134959.4531,2492.645488,1229.921851
0.18,7.765505423,-0.097804618,0.17337449,10.93369265,73.91883728,62.67297057,55.27724582,-134983.4191,2509.689933,1238.331926
0.180625,7.700369367,0.068250723,-0.044163387,10.87380612,73.95798921,62.68521537,55.2238879,-134992.0777,2511.483202,1239.216761
0.18125,7.872599484,-0.027949552,-0.011923729,11.16174889,73.99714113,62.68631209,55.21016076,-134995.0432,2508.211538,1237.602456
0.181875,7.698989979,0.018783961,0.167152388,10.75807395,74.03629306,62.68216533,55.20131963,-134957.9241,2465.408952,1216.482791
0.1825,7.696533388,0.067718237,-0.059757736,10.88003321,74.07544498,62.69023013,55.13370638,-134966.6651,2468.008239,1217.765333
0.183125,7.843729821,-0.117883132,0.077295445,11.12397763,74.11459691,62.68419182,55.11375332,-134976.3036,2472.261898,1219.864174
0.18375,7.992821729,0.02683329,0.081668428,11.22703546,74.15374884,62.68902845,55.09151648,-134977.1771,2468.00058,1217.761553
0.184375,8.032916998,0.20375828,0.182633391,11.08707018,74.19290076,62.69319482,55.08589356,-134998.8425,2484.275397,1225.791878
0.185,7.953200571,-0.081032635,-0.117567539,11.38804355,74.23205269,62.67068651,55.04861741,-134986.027,2466.884335,1217.210775
0.185625,8.057841778,0.086024265,-0.016725531,11.34720535,74.27120462,62.68812565,55.02870134,-134972.7642,2449.146052,1208.458347
0.18625,8.225429726,0.002471201,-0.02405649,11.64782269,74.31035654,62.69263076,55.01337221,-134975.42,2447.614363,1207.70258
0.186875,8.089422511,-0.336343113,-0.132624907,11.7744253,74.34950847,62.65089657,54.9772058,-135005.9057,2474.094105,1220.768222
0.1875,8.099935488,0.282677295,0.092918398,11.19186565,74.3886604,62.70567059,54.96195258,-134961.0039,2425.619834,1196.850034
0.188125,8.176127691,-0.328908414,-0.087525226,11.8609386,74.42781232,62.64555809,54.94911325,-134963.872,2424.861961,1196.476084
0.18875,8.1532093,-0.110045299,-0.169612257,11.72835383,74.46696425,62.67199969,54.91820218,-134964.9041,2422.354806,1195.239003
0.189375,8.239250919,-0.032761489,0.032722492,11.65236398,74.50611618,62.66210448,54.90615577,-134955.0009,2409.543255,1188.917523
0.19,8.26481739,-0.036472084,-0.012722825,11.72303898,74.5452681,62.65343241,54.88805008,-134987.4841,2438.858144,1203.382084
0.190625,8.383409537,0.101347823,0.125746711,11.69538956,74.58442003,62.66797735,54.85559201,-134972.1824,2420.674097,1194.409706
0.19125,8.14330548,0.058678737,0.075021206,11.42185045,74.62357196,62.6628054,54.81240496,-134957.4666,2403.499751,1185.935536
0.191875,7.984434516,0.007008487,0.072173229,11.2359891,74.66272388,62.66058648,54.7664261,-134994.3251,2437.446934,1202.685764
0.1925,7.958842501,0.395673729,0.05086606,10.9478996,74.70187581,62.68287279,54.74194333,-134979.2427,2419.671721,1193.915114
0.193125,7.597863861,-0.278993632,0.075850233,10.89731559,74.74102774,62.61303885,54.76321904,-134968.5364,2405.774804,1187.058093
0.19375,7.14087605,-0.15443419,-0.175275261,10.33189508,74.78017966,62.62470107,54.69466038,-135007.3018,2440.784354,1204.332515
0.194375,6.904191735,0.344867305,0.141851152,9.423120646,74.81933159,62.67186146,54.66023425,-135011.5249,2441.194271,1204.534777
0.195,6.496193983,-0.299399195,0.05608277,9.369177473,74.85848352,62.61124969,54.63815606,-135025.0561,2450.084363,1208.921328
0.195625,6.441444686,0.007191678,-0.094821924,9.172393349,74.89763544,62.65343726,54.57530236,-135021.9797,2442.291832,1205.076336
0.19625,6.314239993,0.129363707,0.261451386,8.654847876,74.93678737,62.65207509,54.55004059,-135032.8816,2448.104254,1207.944303
0.196875,5.867791218,-0.040184554,-0.359040512,8.58948661,74.97593929,62.65342852,54.47681332,-135008.4977,2419.017893,1193.592502
0.1975,6.18585791,-0.187474101,0.195011815,8.755335135,75.01509122,62.60332804,54.51928033,-135001.6203,2406.966912,1187.646303
0.198125,5.898087421,0.129714574,0.091758433,8.184682174,75.05424315,62.64226726,54.43751051,-135063.2288,2462.840491,1215.21546
0.19875,5.397346977,-0.057679123,-0.142462517,7.775216216,75.09339507,62.64636038,54.37514588,-135029.1911,2423.237348,1195.674467
0.199375,5.665918628,-0.057820776,-0.052360061,8.090731349,75.132547,62.6124964,54.37332621,-135063.7003,2451.99638,1209.864757
0.2,5.905979466,0.253447814,0.322656638,7.945401043,75.17169893,62.61763653,54.40476347,-135067.6589,2450.369702,1209.06212
0.200625,5.630616344,-0.231476619,-0.173364621,8.249467011,75.21085085,62.60816972,54.34773118,-135053.0344,2430.071016,1199.046337
0.20125,5.770885182,-0.081227863,-0.095235553,8.286060329,75.25000278,62.61843384,54.31486822,-135070.215,2441.281376,1204.577756
0.201875,5.855210148,0.058589836,0.197294409,8.101361398,75.28915471,62.60285933,54.32274919,-135079.6142,2444.771125,1206.299669
0.2025,5.956511089,0.035819983,-0.005751194,8.402671174,75.32830663,62.63359158,54.2415852,-135095.3662,2454.623772,1211.161165
0.203125,5.853966666,0.187281649,0.018352117,8.135985092,75.36745856,62.64068251,54.21075741,-135105.5829,2458.937808,1213.289798
0.20375,5.855358095,0.090356534,0.178291536,8.091480723,75.40661049,62.62080296,54.19474853,-135102.0731,2449.455999,1208.611281
0.204375,5.421068666,-0.056420827,-0.290967012,7.917402014,75.44576241,62.62526237,54.13110947,-135120.7997,2462.221341,1214.909959
0.205,5.650927001,0.076773664,0.220430619,7.783451272,75.48491434,62.60073498,54.17003035,-135127.9644,2463.097151,1215.342102
0.205625,5.60873725,-0.004272192,0.050345641,7.899656662,75.52406627,62.61466118,54.12077607,-135112.8308,2441.79582,1204.831593
0.20625,5.146157867,-0.210793816,-0.237967377,7.595161248,75.56321819,62.62637509,54.05826426,-135119.7068,2442.623661,1205.240066
0.206875,5.418181546,0.092143137,0.096839922,7.528836821,75.60237012,62.61539404,54.07362539,-135128.5192,2444.618307,1206.224266
0.2075,5.780964179,-0.104753224,-0.035620547,8.275210363,75.64152205,62.61198155,54.04289412,-135139.3837,2449.552973,1208.65913
0.208125,5.947262635,-0.11609406,-0.07511495,8.54605204,75.68067397,62.62178182,54.01701084,-135113.1443,2418.105961,1193.142536
0.20875,6.46692637,0.171791101,0.251889885,8.846571222,75.7198259,62.64032655,54.00315633,-135143.7357,2442.86007,1205.356716
0.209375,6.272261539,-0.191250608,-0.353415103,9.257584867,75.75897783,62.62899996,53.95131398,-135130.8713,2425.135364,1196.610986
0.21,6.495785942,-0.115226201,0.127778634,9.182377143,75.79812975,62.60759759,53.97408576,-135141.7854,2431.276369,1199.641083
0.210625,6.64769634,0.354848899,0.012508018,9.151111968,75.83728168,62.66754417,53.91331143,-135140.7667,2425.216866,1196.651201
0.21125,6.912446637,-0.196356565,-0.181521118,10.04289209,75.8764336,62.61110803,53.91571697,-135150.6067,2430.712835,1199.363023
0.211875,7.223545885,0.126947779,0.294513498,9.919741568,75.91558553,62.621669,53.93782628,-135142.3901,2418.21366,1193.195677
0.2125,7.019346129,0.047694922,-0.310448415,10.12215764,75.95473746,62.64924954,53.83314099,-135153.1085,2425.459568,1196.770955
0.213125,7.393314916,-0.080837592,0.104637593,10.44136839,75.99388938,62.60443737,53.8872149,-135144.5787,2413.203649,1190.723636
0.21375,7.215816712,-0.107322385,0.004405967,10.27838968,76.03304131,62.61767748,53.83356922,-135132.7352,2398.053314,1183.248153
0.214375,6.979840652,-0.028199888,-0.183385796,10.02240131,76.07219324,62.64974565,53.76724918,-135135.0909,2397.264318,1182.858846
0.215,7.184214387,0.059287668,0.128627198,10.02749716,76.11134516,62.63104056,53.7621676,-135157.3507,2416.146606,1192.17575
0.215625,7.031768183,0.290587022,0.016017575,9.733430454,76.15049709,62.67410959,53.70307704,-135139.5642,2395.022623,1181.752749
0.21625,7.385318029,0.055337393,-0.046287351,10.43875961,76.18964902,62.63704316,53.68951345,-135149.3463,2401.789358,1185.091593
0.216875,7.757342684,-0.169471824,0.20218806,10.95686455,76.22880094,62.61735171,53.71725237,-135129.3862,2379.651647,1174.168398
0.2175,7.866619538,0.080184795,-0.089502263,11.1336083,76.26795287,62.65174805,53.66272472,-135130.0447,2378.627427,1173.663027
0.218125,8.025986659,-0.251013525,-0.137318058,11.62588503,76.3071048,62.63944649,53.64459941,-135137.9588,2384.782242,1176.699937
0.21875,7.994114756,-0.046586152,0.02016473,11.32436337,76.34625672,62.64463353,53.63064152,-135140.3327,2385.687062,1177.146393
0.219375,8.341042583,-0.048143026,-0.065004406,11.87604082,76.38540865,62.65116444,53.60104908,-135126.1326,2370.46897,1169.637478
0.22,8.453268632,-0.09743775,-0.034329178,12.04814836,76.42456058,62.64157354,53.57507961,-135116.9231,2360.505823,1164.72146
0.220625,8.641260798,0.122967115,0.01559269,12.12332491,76.4637125,62.64453377,53.57146298,-135134.8194,2377.595879,1173.15404
0.22125,8.692383586,-0.127369475,0.172371637,12.26655993,76.50286443,62.61328612,53.55046157,-135134.7134,2376.830729,1172.776499
0.221875,8.509709061,0.170901945,-0.036955901,11.94254541,76.54201636,62.67163044,53.49567728,-135118.9359,2360.617705,1164.776664
0.2225,8.777116067,0.024263769,0.070496707,12.34584066,76.58116828,62.63825639,53.51157178,-135138.2024,2379.325678,1174.007558
0.223125,8.794684438,0.009955019,0.044841429,12.39888869,76.62032021,62.63275003,53.50445683,-135133.5348,2374.26641,1171.511212
0.22375,8.895318424,0.060425769,0.061327111,12.49378772,76.65947214,62.63267597,53.47531366,-135121.7028,2362.903746,1165.904643
0.224375,9.041492239,-0.038557713,-0.037951923,12.84070145,76.69862406,62.61976534,53.45340415,-135116.1913,2357.835454,1163.403845
0.225,8.890277475,-0.046006149,-0.116647896,12.68805974,76.73777599,62.63852698,53.39929634,-135106.3648,2348.431009,1158.763501
0.225625,9.064966456,0.086976111,0.168347175,12.63965057,76.77692791,62.64205205,53.38295214,-135114.8182,2357.728581,1163.351112
0.22625,9.102579234,-0.011029928,-0.022918707,12.89700453,76.81607984,62.65265218,53.34588372,-135108.5084,2352.191259,1160.618885
0.226875,9.351678467,-0.048608194,-0.056018498,13.29925586,76.85523177,62.63938707,53.33292933,-135104.4226,2349.07862,1159.083046
0.2275,9.400350582,-0.073240448,0.032105149,13.32381504,76.89438369,62.63164506,53.32256297,-135090.4569,2336.581564,1152.916745
0.228125,9.568642665,0.134363063,-0.007740901,13.44369545,76.93353562,62.66226995,53.28174026,-135092.4677,2339.89706,1154.552678
0.22875,9.417336981,-0.221563616,-0.086698006,13.53710732,76.97268755,62.64151464,53.26456309,-135088.7138,2337.956217,1153.595026
0.229375,9.499902618,-0.087538439,0.104542442,13.42492882,77.01183947,62.6403014,53.23448043,-135080.2788,2331.036919,1150.180904
0.23,9.389505926,0.209867203,-0.013933231,13.14307885,77.0509914,62.67266398,53.18038082,-135090.5579,2342.780121,1155.975239
0.230625,9.16614551,-0.135237684,-0.021589789,13.07452198,77.09014333,62.64804229,53.17446389,-135092.8263,2346.644182,1157.881844
0.23125,8.97432041,-0.066361945,-0.004785761,12.74213784,77.12929525,62.66317312,53.12125201,-135083.3885,2338.313206,1153.771172
0.231875,9.07552987,-0.014741927,-0.199221084,12.9879975,77.16844718,62.67556934,53.06578767,-135068.1977,2324.687015,1147.047733
0.2325,9.09546937,-0.161694616,0.093655134,12.91483442,77.20759911,62.63603222,53.07962854,-135100.792,2358.105918,1163.537298
0.233125,8.631298455,0.005276182,-0.006208123,12.20716642,77.24675103,62.66720969,52.99981987,-135095.2233,2353.32924,1161.180388
0.23375,8.405298936,0.511315052,-0.018713982,11.5568121,77.28590296,62.69440854,52.97760976,-135091.3342,2349.862864,1159.470007
0.234375,8.389586895,-0.175459562,0.018479823,11.97802433,77.32505489,62.61574995,53.00531691,-135112.9738,2371.99873,1170.392293
0.235,8.083316724,0.067299467,0.110038023,11.30626077,77.36420681,62.64069183,52.96542745,-135104.5278,2363.550585,1166.223807
0.235625,7.904205049,0.262310229,0.000910194,10.99677025,77.40335874,62.6731828,52.90422399,-135103.0792,2361.644864,1165.283485
0.23625,8.046486658,-0.116783208,-0.127198494,11.55197872,77.44251067,62.65566057,52.86603911,-135117.2792,2374.986297,1171.866419
0.236875,8.044712626,0.117472112,0.023750066,11.27766671,77.48166259,62.68387178,52.85776309,-135106.6832,2363.893659,1166.393087
0.2375,8.28803617,0.033708035,0.114826842,11.61644799,77.52081452,62.65953602,52.84976735,-135123.5535,2379.792971,1174.238129
0.238125,8.226652767,-0.096744077,-0.046037097,11.73536978,77.55996645,62.67346678,52.8279878,-135118.4819,2374.297922,1171.526761
0.23875,8.378542508,0.1241169,-0.004881039,11.76579674,77.59911837,62.69786927,52.80432957,-135132.2284,2387.016309,1177.802271
0.239375,8.417672948,-0.116691925,-0.158837974,12.09932641,77.6382703,62.65710687,52.80373816,-135102.8161,2357.07108,1163.026688
0.24,8.494028749,-0.148208657,0.116281468,12.03930529,77.67742222,62.65584826,52.79433893,-135127.7239,2380.852862,1174.761101
0.240625,8.302452256,0.22992395,-0.001346309,11.58327543,77.71657415,62.7128921,52.72165101,-135132.5644,2384.874556,1176.745487
0.24125,8.168634143,-0.085599356,-0.189066213,11.74709459,77.75572608,62.67295653,52.69881122,-135147.0346,2398.359451,1183.399207
0.241875,8.46921714,-0.032805457,0.150533718,11.89615465,77.794878,62.65765098,52.72517473,-135142.8309,2392.917753,1180.714163
0.2425,8.15658332,0.25671191,-0.051519804,11.39631221,77.83402993,62.7038188,52.65631039,-135161.1888,2409.457717,1188.875317
0.243125,8.14959757,-0.263259142,-0.127908033,11.80303253,77.87318186,62.65073492,52.63926123,-135189.5572,2435.630859,1201.789676
0.24375,8.653064222,0.140524869,0.223675345,11.98018519,77.91233378,62.681561,52.64919428,-135174.5579,2418.463586,1193.318996
0.244375,8.209331236,0.008331388,-0.117565937,11.68800518,77.95148571,62.68176587,52.58058287,-135184.3215,2426.042559,1197.058614
0.245,8.309599326,-0.184232196,0.00703032,11.87915853,77.99063764,62.66666312,52.56810523,-135162.2093,2401.513477,1184.955468
0.245625,8.353999174,0.054071786,-0.079709532,11.83360193,78.02978956,62.70101621,52.54553079,-135152.0472,2389.115102,1178.837858
0.24625,8.529554099,0.016080195,-0.080057533,12.10842239,78.06894149,62.68437004,52.52946362,-135195.8595,2430.213947,1199.116862
0.246875,8.775148454,-0.157982403,-0.031857056,12.54512178,78.10809342,62.67539647,52.54057301,-135162.9606,2395.513739,1181.995075
0.2475,9.094321171,0.003858649,0.128816376,12.76841414,78.14724534,62.69681588,52.52535484,-135178.242,2408.716871,1188.509768
0.248125,9.102954796,-0.268263901,-0.221862094,13.22021569,78.18639727,62.68690616,52.48122932,-135175.683,2404.950982,1186.651603
0.24875,9.4998585,0.070606283,0.140147894,13.28607602,78.2255492,62.67430674,52.51054101,-135190.1408,2417.383862,1192.786238
0.249375,9.637506726,0.10549113,0.139846738,13.45607844,78.26470112,62.69899991,52.47455764,-135187.5328,2413.290138,1190.766312
0.25,9.729678496,-0.258453015,-0.278918166,14.13984431,78.30385305,62.69211465,52.41123004,-135175.3269,2400.44389,1184.427712
0.250625,9.955512545,-0.033015731,0.105195919,14.02920301,78.34300498,62.68448973,52.4457474,-135179.9395,2404.027764,1186.196068
0.25125,9.834345194,-0.037237348,-0.199958643,14.07699803,78.3821569,62.70443614,52.39254821,-135161.8061,2385.318193,1176.964386
0.251875,10.02137573,-0.153554637,-0.161900487,14.39542956,78.42130883,62.65975584,52.38510431,-135173.4145,2395.753593,1182.113424
0.2525,10.43580368,-0.075624198,0.158099467,14.70292307,78.46046076,62.65228486,52.40042172,-135180.2232,2401.993953,1185.192544
0.253125,10.18191948,0.014487853,-0.041897449,14.4189555,78.49961268,62.6977055,52.33716339,-135164.9678,2386.359766,1177.47832
0.25375,10.27119604,-0.018851662,-0.173537961,14.66292869,78.53876461,62.68609096,52.2955328,-135178.9981,2400.153752,1184.284552
0.254375,10.65874624,0.211908928,0.221092002,14.76756988,78.57791654,62.69234042,52.30334106,-135181.5014,2402.513595,1185.448946
0.255,10.79306681,0.357635639,0.067151158,14.96756064,78.61706846,62.71478424,52.27543694,-135191.7174,2413.036851,1190.641334
0.255625,10.77414815,-0.345415622,-0.061472696,15.52855438,78.65622039,62.6571787,52.26832199,-135159.8228,2381.891575,1175.273623
0.25625,10.99054486,0.188831345,0.152055491,15.30200049,78.69537231,62.71944949,52.2295673,-135147.3398,2369.902572,1169.358006
0.256875,10.94067703,-0.038961596,-0.257836831,15.68461295,78.73452424,62.72467719,52.16950696,-135142.4174,2365.906841,1167.386431
0.2575,11.26704238,0.012198831,0.145128074,15.82359476,78.77367617,62.68833605,52.20437097,-135171.7576,2396.067854,1182.268487
0.258125,11.38928563,0.236158681,0.131692987,15.84728828,78.81282809,62.71625316,52.18615544,-135155.759,2381.76213,1175.209752
0.25875,11.48082512,-0.039216102,0.044359435,16.23302442,78.85198002,62.70235245,52.16737914,-135145.5694,2373.112081,1170.941643
0.259375,11.31465985,-0.205626192,-0.0475362,16.18151667,78.89113195,62.68421549,52.14900584,-135108.9409,2338.727034,1153.975363
0.26,11.75784148,0.162239488,0.069312404,16.46476034,78.93028387,62.71947895,52.10462353,-135149.3031,2380.998085,1174.832757
0.260625,11.72496588,-0.222774905,-0.141285138,16.83933085,78.9694358,62.68170136,52.10336483,-135111.1852,2345.55432,1157.344085
0.26125,11.95684056,0.115422175,0.193754733,16.69118072,79.00858773,62.68912107,52.09569665,-135112.1946,2348.963635,1159.02631
0.261875,11.59818042,-0.057228693,-0.191791287,16.57920691,79.04773965,62.71402065,52.01491725,-135111.5337,2351.500989,1160.278292
0.2625,11.79639582,-0.040791069,0.025496345,16.69363538,79.08689158,62.70846021,52.02195879,-135107.3338,2350.06893,1159.571685
0.263125,11.85690524,0.159875465,0.180478374,16.52754895,79.12604351,62.70805425,52.02894829,-135109.6916,2355.321673,1162.163495
0.26375,11.75539801,-0.432537557,-0.360484696,17.18562128,79.16519543,62.69034121,51.95769398,-135086.79,2335.769579,1152.516095
0.264375,12.06744909,0.194446893,0.159725041,16.81556657,79.20434736,62.71138335,51.97946453,-135099.1871,2351.146789,1160.103522
0.265,11.91934308,0.135621348,0.219181289,16.60592864,79.24349929,62.68955455,51.96530594,-135089.6359,2345.177031,1157.157923
0.265625,11.69060498,-0.105764769,-0.15509545,16.71757732,79.28265121,62.705681,51.88487426,-135089.8995,2348.752182,1158.921975
0.26625,11.79198002,0.071936035,-0.084995488,16.68671945,79.32180314,62.70293351,51.88301087,-135068.4393,2330.696447,1150.012909
0.266875,12.0942327,0.068301604,0.282299522,16.85795299,79.36095507,62.66963588,51.91454086,-135075.1706,2341.437337,1155.312682
0.2675,11.85612467,0.074731743,-0.012059202,16.72311396,79.40010699,62.69517358,51.85301245,-135062.5188,2332.498516,1150.902086
0.268125,11.84365995,0.040242946,-0.022890741,16.73737328,79.43925892,62.70415517,51.82649224,-135054.1656,2328.26287,1148.812132
0.26875,12.02585406,-0.196274664,0.055000319,17.10978986,79.47841085,62.66757068,51.82027247,-135055.7538,2334.131296,1151.707733
0.269375,11.83452499,-0.075856703,-0.178961934,16.91720103,79.51756277,62.69597135,51.77100223,-135030.7917,2313.673475,1141.613429
0.27,11.87441692,-0.017102884,0.031961937,16.7825621,79.5567147,62.68090604,51.76407823,-135037.2699,2324.196381,1146.805644
0.270625,11.78805974,-0.090382304,0.036107122,16.70993043,79.59586662,62.66990465,51.73786167,-135026.416,2317.665316,1143.583084
0.27125,11.51653185,0.241415049,-0.031205731,16.14164875,79.63501855,62.70226794,51.70147634,-135047.8911,2342.912269,1156.040443
0.271875,11.34329163,-0.096397012,0.272320628,15.92384463,79.67417048,62.64618564,51.71861103,-135033.4845,2332.243076,1150.776047
0.2725,11.11017641,-0.010506563,-0.171327434,15.84196269,79.7133224,62.69607738,51.64113539,-135019.5776,2321.954405,1145.699408
0.273125,10.99653458,0.062963342,-0.051921273,15.54427725,79.75247433,62.67500271,51.61452857,-135052.8127,2358.293758,1163.629982
0.27375,10.89648391,-0.111818959,0.21158614,15.34452225,79.79162626,62.65826263,51.61152797,-135025.5499,2334.249748,1151.76618
0.274375,10.10898389,0.074194623,-0.194375602,14.38500408,79.83077818,62.70908498,51.5115549,-135027.4089,2338.842848,1154.032508
0.275,9.866183854,-0.074684461,0.111789424,13.92852634,79.86993011,62.67116362,51.50856766,-135033.8954,2347.261409,1158.186397
0.275625,9.657059136,-0.131267907,-0.037057221,13.77665104,79.90908204,62.66530204,51.46519415,-135064.3721,2379.411516,1174.049912
0.27625,9.305024446,0.007729822,-0.202149811,13.29925183,79.94823396,62.68763404,51.41494478,-135068.4219,2383.991327,1176.309684
0.276875,9.240953108,-0.163959393,0.163323263,13.07527654,79.98738589,62.63335746,51.44567728,-135032.4872,2348.710221,1158.90127
0.2775,8.878818725,0.12483865,-0.050679615,12.50595516,80.02653782,62.66746581,51.36924481,-135070.5954,2385.885716,1177.244414
0.278125,8.595882003,-0.139722988,-0.154405633,12.36440633,80.06568974,62.65061008,51.34791233,-135089.3512,2403.594045,1185.982062
0.27875,8.514846365,-0.060731558,0.177453924,11.96283335,80.10484167,62.61319127,51.38248178,-135108.101,2421.038911,1194.589713
0.279375,8.239662581,0.062923414,-0.072795925,11.66080827,80.1439936,62.66382068,51.29327228,-135139.4194,2449.590448,1208.67762
0.28,7.897967463,-0.114450698,-0.150405155,11.35677944,80.18314552,62.64641263,51.26171959,-135103.1724,2410.722032,1189.499156
0.280625,8.098304288,0.148039467,0.349769927,11.10347651,80.22229745,62.63063682,51.27451994,-135155.6781,2459.655915,1213.644127
0.28125,7.520715312,-0.235446949,-0.309220903,11.0214063,80.26144938,62.62972821,51.20338903,-135155.2858,2455.537943,1211.612235
0.281875,7.595251535,0.007650801,0.046068388,10.70342595,80.3006013,62.63809736,51.1885076,-135165.285,2460.989535,1214.302162
0.2825,7.513973117,0.241659753,0.160682414,10.34233935,80.33975323,62.65736053,51.14998409,-135180.9949,2471.777647,1219.625235
0.283125,7.164726201,-0.163372696,-0.200583332,10.38990869,80.37890516,62.64211664,51.10554258,-135168.3638,2454.260796,1210.982065
0.28375,7.493664935,-0.171344317,0.051357714,10.68596742,80.41805708,62.62750444,51.07455821,-135203.9138,2483.780903,1225.547885
0.284375,7.410849252,0.184180329,-0.030589335,10.37525315,80.45720901,62.66648056,51.02458057,-135202.8901,2477.32861,1222.364193
0.285,7.143930846,-0.009343315,0.170108496,9.991783242,80.49636093,62.64155963,51.01053024,-135201.1002,2469.835255,1218.666819
0.285625,7.017168159,-0.134254094,-0.042560845,10.04942891,80.53551286,62.65123513,50.92293655,-135231.9333,2494.003707,1230.592024
0.28625,7.037169394,0.168416278,-0.04990296,9.871880632,80.57466479,62.69308039,50.86615724,-135227.6154,2483.317173,1225.319071
0.286875,6.729200348,-0.218558517,-0.046380739,9.70615771,80.61381671,62.64259415,50.85045687,-135238.6489,2487.738417,1227.500602
0.2875,6.881610463,0.271161069,0.248204611,9.364862058,80.65296864,62.66713711,50.83833538,-135260.8873,2503.15933,1235.109594
0.288125,6.881606694,-0.112628945,-0.002390955,9.814321587,80.69212057,62.65818622,50.77661615,-135269.8657,2505.179214,1236.106246
0.28875,6.648491454,-0.083284544,-0.169333835,9.581594556,80.73127249,62.66424615,50.74196677,-135233.1276,2461.810288,1214.707137
0.289375,6.635883144,0.045322668,0.049178188,9.317734941,80.77042442,62.67119672,50.72282477,-135245.3941,2467.51895,1217.523907
0.29,6.57291254,-0.081177941,-0.100176728,9.423767902,80.80957635,62.68097882,50.66225663,-135286.971,2502.059707,1234.567018
0.290625,6.538572629,0.020915789,0.043374098,9.201519386,80.84872827,62.68439089,50.6445197,-135268.179,2476.473806,1221.942415
0.29125,6.304156966,-0.164876097,-0.038687352,9.060683552,80.8878802,62.67101196,50.6177892,-135263.9742,2465.037937,1216.299725
0.291875,6.131202568,-0.112321788,-0.053620687,8.788462944,80.92703213,62.68445425,50.57607756,-135301.2011,2494.729608,1230.950198
0.2925,6.091935335,-0.019289669,0.026953947,8.610064387,80.96618405,62.65968982,50.55114752,-135330.3148,2515.759792,1241.326918
0.293125,5.775022131,0.073693306,0.00155498,8.114387053,81.00533598,62.66882912,50.53349593,-135341.7939,2519.011831,1242.931539
0.29375,5.243906484,-0.089850606,0.055773398,7.442237296,81.04448791,62.65202814,50.50398134,-135341.4353,2510.004109,1238.486947
0.294375,4.771123643,0.039983994,0.01349796,6.709648727,81.08363983,62.6730922,50.45819506,-135403.6007,2562.035982,1264.160528
0.295,4.393533528,-0.103375519,-0.011757172,6.29580583,81.12279176,62.6512436,50.43318067,-135433.0448,2580.845995,1273.44177
0.295625,3.948699887,0.102544608,-0.016817682,5.525620994,81.16194369,62.65671614,50.4073718,-135450.0936,2585.789637,1275.881064
0.29625,4.256866707,0.219558145,0.22472574,5.705965993,81.20109561,62.6625125,50.4059294,-135450.2147,2573.67802,1269.904946
0.296875,3.676369975,-0.273334377,-0.200331528,5.534826864,81.24024754,62.63520011,50.36888807,-135457.1816,2568.002831,1267.104693
0.2975,3.972884653,-0.031637083,0.003303382,5.638704694,81.27939947,62.64215617,50.36429593,-135500.8958,2599.113566,1282.45536
0.298125,4.343031562,0.167444307,0.251204792,5.84684454,81.31855139,62.65521452,50.36054135,-135491.0755,2576.74245,1271.416998
0.29875,4.403610976,-0.084896444,-0.166123669,6.405916909,81.35770332,62.67024535,50.30237723,-135481.2547,2554.497232,1260.440756
0.299375,4.763143147,-0.273169376,-0.158281827,7.042589492,81.39685524,62.65779999,50.30612613,-135525.6756,2586.388413,1276.176512
0.3,5.137300677,0.028271545,0.066991969,7.198035032,81.43600717,62.65991923,50.29876575,-135554.7139,2602.841903,1284.294997
0.300625,5.46158093,0.119497892,0.017106432,7.62827882,81.4751591,62.67842779,50.27402746,-135555.4594,2591.266769,1278.583592
0.30125,5.712011499,-0.105776314,-0.002008917,8.155210115,81.51431102,62.65770423,50.26516276,-135543.898,2568.236667,1267.220072
0.301875,5.969819671,0.181480869,0.044435878,8.284553127,81.55346295,62.6894046,50.24642414,-135540.4415,2553.688016,1260.041472
0.3025,6.162727864,-0.038483803,0.04018438,8.714743457,81.59261488,62.66475761,50.23755828,-135575.6855,2577.725588,1271.902098
0.303125,6.448445727,-0.119538217,-0.05445134,9.242852355,81.6317668,62.65297258,50.2260731,-135547.2402,2538.996212,1252.792238
0.30375,6.635962151,0.016839657,0.07442296,9.320402083,81.67091873,62.67142638,50.20196277,-135604.9909,2585.949997,1275.960188
0.304375,6.660142,-0.09297656,-0.159095648,9.59744675,81.71007066,62.67133521,50.17380323,-135575.999,2546.884891,1256.684673
0.305,7.304460054,-0.044375445,0.247825241,10.19249034,81.74922258,62.66270908,50.19090378,-135600.9101,2561.89576,1264.09134
0.305625,7.218700579,0.086890513,-0.129258259,10.24216453,81.78837451,62.68442287,50.16187371,-135586.0519,2537.664202,1252.134997
0.30625,7.595347811,-0.152667507,-0.019306356,10.86427562,81.82752644,62.64904826,50.16029813,-135590.899,2533.663876,1250.161155
0.306875,7.9166318,-0.016494772,-0.016416262,11.21907968,81.86667836,62.68078668,50.1419871,-135603.2543,2537.572404,1252.089702
0.3075,8.197127054,-0.105718316,-0.09743842,11.73614614,81.90583029,62.66256283,50.12764596,-135617.0502,2542.936823,1254.736616
0.308125,8.415272181,-0.048311143,0.166003818,11.82068535,81.94498222,62.6480322,50.14549218,-135604.7847,2523.178182,1244.987302
0.30875,8.450173466,0.017703849,0.02030697,11.92347264,81.98413414,62.67612084,50.08432775,-135578.9424,2490.046137,1228.639279
0.309375,8.639719598,0.147899007,-0.142725112,12.21993512,82.02328607,62.70732525,50.04139482,-135584.8759,2489.376777,1228.309003
0.31,9.030566653,-0.290011321,0.018743923,12.96847919,82.062438,62.65003972,50.07700947,-135621.9751,2519.606662,1243.225041
0.310625,9.379722753,-0.084214795,-0.131275916,13.41742987,82.10158992,62.66700636,50.04514213,-135627.6041,2518.734483,1242.79469
0.31125,9.844978237,0.179996334,0.066092187,13.7495986,82.14074185,62.69176968,50.04424482,-135613.1089,2498.711076,1232.914735
0.311875,10.06941522,-0.157916162,0.078650569,14.29928842,82.17989378,62.65892004,50.03945993,-135608.6937,2488.773701,1228.011433
0.3125,10.07434959,0.079529081,-0.071168145,14.24256567,82.2190457,62.67692568,50.00980138,-135591.4192,2466.797134,1217.167748
0.313125,10.55655796,-0.011358261,0.105586043,14.86328844,82.25819763,62.66098859,50.01757365,-135610.5186,2481.364492,1224.355579
0.31375,10.69364697,0.010034965,-0.04194627,15.14579907,82.29734955,62.67698571,49.99086002,-135616.1379,2482.7142,1225.021552
0.314375,10.93794859,-0.082346686,-0.172873327,15.6494558,82.33650148,62.66718821,49.97994029,-135619.1375,2481.755443,1224.548482
0.315,11.41284803,-0.076406707,-0.01882045,16.2076937,82.37565341,62.65313084,49.99324139,-135624.1606,2483.534159,1225.426136
0.315625,11.64412254,0.162314476,0.154718748,16.24310234,82.41480533,62.67488569,49.97511107,-135617.2924,2473.486258,1220.468298
0.31625,11.70118947,-0.180946547,-0.135877412,16.77210005,82.45395726,62.66498808,49.93723324,-135598.2648,2451.662488,1209.700007
0.316875,12.1376312,0.02141784,0.243231461,16.98024066,82.49310919,62.66448963,49.95377128,-135607.5176,2458.580984,1213.113734
0.3175,12.19781431,0.153789508,0.034847635,17.11754769,82.53226111,62.68853942,49.91523771,-135589.8337,2438.883698,1203.394693
0.318125,12.30238801,-0.138257685,-0.17641977,17.62077652,82.57141304,62.66462054,49.89494124,-135604.7115,2451.856497,1209.795735
0.31875,12.65865845,0.011744648,0.091304295,17.82944612,82.61056497,62.66646584,49.91261975,-135608.7608,2454.273022,1210.988098
0.319375,12.85938011,0.052999563,-0.09944221,18.21970628,82.64971689,62.6718249,49.86991821,-135585.1712,2430.043788,1199.032902
0.32,13.26519179,-0.051688415,0.032207798,18.77387021,82.68886882,62.6721641,49.87838922,-135576.5317,2421.314315,1194.725603
0.320625,13.43154072,-0.144045018,-0.034426455,19.12173674,82.72802075,62.65362122,49.87196601,-135562.7713,2407.88292,1188.09828
0.32125,13.63312832,-0.052392832,-0.110520375,19.39548266,82.76717267,62.66809879,49.84154426,-135555.0105,2400.719157,1184.563534
0.321875,14.03926532,0.153825666,0.212456633,19.5956503,82.8063246,62.66986004,49.85779724,-135557.3932,2404.128378,1186.245713
0.3225,14.09063949,-0.152811665,-0.161212769,20.1492249,82.84547653,62.65909461,49.81345962,-135554.7111,2402.66213,1185.522237
0.323125,14.31514502,0.051853992,-0.029805356,20.22932872,82.88462845,62.68167759,49.79771467,-135537.8472,2387.630809,1178.105478
0.32375,14.70264623,0.103000058,0.217068088,20.56683384,82.92378038,62.66715493,49.82046658,-135542.6797,2394.835972,1181.660651
0.324375,14.75367518,-0.022948917,-0.030850495,20.90289171,82.96293231,62.66483157,49.76898659,-135548.5407,2403.405388,1185.888975
0.325,14.99228023,0.219711918,0.056174855,21.00815943,83.00208423,62.69438551,49.74582033,-135527.851,2385.827732,1177.215803
0.325625,15.1559307,0.012754489,0.102411845,21.3525702,83.04123616,62.65924652,49.77341028,-135513.2906,2374.584981,1171.668402
0.32625,15.34913109,-0.390261684,-0.095857047,22.05363502,83.08038809,62.63306089,49.74370273,-135492.2029,2357.259891,1163.119851
0.326875,15.5882891,0.380123077,0.092626409,21.71374059,83.11954001,62.71008423,49.70595611,-135478.7526,2347.993513,1158.547632
0.3275,15.72252689,-0.161106261,-0.040479374,22.37804101,83.15869194,62.64581052,49.72096877,-135467.2733,2340.871849,1155.033658
0.328125,16.07430918,-0.250645482,0.028083525,22.89242652,83.19784386,62.6435904,49.71695792,-135476.8989,2355.759153,1162.379356
0.32875,16.36748302,0.27437917,0.100341295,22.88314185,83.23699579,62.69004789,49.67566602,-135479.3276,2363.674205,1166.284803
0.329375,16.43543321,-0.032408883,-0.01913897,23.27966806,83.27614772,62.64686103,49.69418403,-135452.8561,2343.231738,1156.198075
0.33,16.7245152,-0.221710781,-0.02857272,23.83018741,83.31529964,62.63973639,49.68433033,-135449.9547,2346.396429,1157.759598
0.330625,16.7784492,0.12232079,-0.011088623,23.65022181,83.35445157,62.67447372,49.64723965,-135420.7313,2323.651117,1146.5366
0.33125,17.11655217,-0.105021351,-0.017554361,24.29337053,83.3936035,62.65742536,49.65108736,-135419.6889,2329.668422,1149.50566
0.331875,17.44650793,0.009366691,0.029614685,24.64553662,83.43275542,62.66483811,49.64086815,-135414.3214,2331.874633,1150.59425
0.3325,17.61782863,0.040339065,-0.103747488,24.96083253,83.47190735,62.67083581,49.60651802,-135409.816,2335.007954,1152.140294
0.333125,17.79661838,-0.08628885,0.049335178,25.19489682,83.51105928,62.66767319,49.60542701,-135387.861,2321.365846,1145.409001
0.33375,18.04327913,-0.082482286,-0.056367262,25.61525148,83.5502112,62.66835606,49.58192877,-135390.7311,2332.682171,1150.992705
0.334375,18.17635379,0.078180293,0.025825883,25.63178277,83.58936313,62.67114587,49.57758144,-135370.2197,2320.877477,1145.16803
0.335,18.2338954,-0.06901632,-0.117915871,25.91887239,83.62851506,62.64683291,49.56722787,-135333.2459,2293.167377,1131.495304
0.335625,18.49830984,0.016573994,0.002615206,26.14699743,83.66766698,62.66824594,49.56636605,-135337.0876,2306.409449,1138.029211
0.33625,18.64286977,-0.112539912,-0.073673069,26.49671449,83.70681891,62.65191166,49.54739401,-135329.3028,2308.196979,1138.911215
0.336875,18.95991943,-0.142465733,-0.132606089,27.00788305,83.74597084,62.6485571,49.5376869,-135323.8161,2312.582001,1141.074873
0.3375,19.21548178,-0.134808782,0.04375371,27.24005849,83.78512276,62.65111998,49.53994303,-135287.6042,2286.861419,1128.383817
0.338125,19.34150444,0.22615049,0.075867158,27.1400833,83.82427469,62.67933736,49.50794165,-135263.917,2273.846242,1121.961864
0.33875,19.42319131,-0.067793017,-0.115153551,27.59796428,83.86342662,62.65435161,49.49955256,-135256.8313,2277.545652,1123.787228
0.339375,19.77062704,0.009049163,0.147945982,27.84939612,83.90257854,62.64369832,49.50656241,-135271.3955,2303.481598,1136.58455
0.34,19.97087012,0.049358461,-0.030292765,28.22976245,83.94173047,62.68768199,49.45838633,-135237.4381,2281.575473,1125.775623
0.340625,20.16818916,0.149081656,0.14425453,28.31470725,83.9808824,62.67319735,49.46819031,-135225.716,2282.092959,1126.030961
0.34125,20.31571509,0.003511939,0.099563704,28.65811577,84.02003432,62.64810719,49.47133746,-135230.891,2299.788081,1134.762094
0.341875,20.42031469,0.076977025,-0.090426238,28.88892356,84.05918625,62.68205616,49.42309109,-135205.0612,2286.796773,1128.351919
0.3425,20.73902778,-0.054045174,0.028152277,29.34789606,84.09833817,62.6716674,49.42502339,-135171.2876,2266.716183,1118.443748
0.343125,20.80540249,-0.003581514,0.084974345,29.36592923,84.1374901,62.6521272,49.4278047,-135154.5587,2263.389625,1116.802357
0.34375,20.72947989,-0.030042103,-0.163727341,29.45338237,84.17664203,62.6621831,49.38612526,-135144.9955,2267.750398,1118.954051
0.344375,21.23713293,0.11432882,0.170852776,29.83226789,84.21579395,62.66889522,49.40315754,-135119.1743,2256.220961,1113.265193
0.345,21.3129268,0.012720381,0.015427015,30.1211271,84.25494588,62.67105543,49.37689568,-135091.9404,2243.554653,1107.01538
0.345625,21.4999579,-0.173153306,-0.148725511,30.63314935,84.29409781,62.67169659,49.34192051,-135096.0226,2263.013955,1116.616994
0.34625,21.70680813,0.105968579,0.037364074,30.59682633,84.33324973,62.66675672,49.36445876,-135076.5206,2258.83529,1114.555156
0.346875,21.86459328,0.041749612,0.062346025,30.84760793,84.37240166,62.66386584,49.35843272,-135067.3218,2265.075871,1117.634385
0.3475,22.00365506,0.007255753,-0.058121992,31.15393817,84.41155359,62.67746225,49.31542731,-135043.1144,2257.191667,1113.744159
0.348125,22.18930325,0.175632673,0.051512875,31.22016753,84.45070551,62.6842584,49.3112592,-135014.9865,2245.616807,1108.032888
0.34875,22.52047778,0.048173766,0.172148196,31.69333767,84.48985744,62.66694291,49.32799051,-135005.3525,2252.921929,1111.637384
0.349375,22.49348028,-0.112871918,-0.082978274,31.94909286,84.52900937,62.66903672,49.28687169,-134974.3609,2239.182613,1104.858127
0.35,22.57027382,0.059359765,-0.047383641,31.91098674,84.56816129,62.69046208,49.26941201,-134960.4156,2242.719849,1106.60347
0.350625,22.94879963,-0.221981155,0.074660964,32.56070175,84.60731322,62.65828191,49.28224913,-134945.1195,2245.430468,1107.940945
0.35125,22.91135712,0.12121091,-0.01057479,32.3237234,84.64646515,62.68629301,49.24731885,-134919.3436,2237.943607,1104.246776
0.351875,23.07937118,0.105289434,0.009458624,32.55823216,84.68561707,62.68808598,49.2255946,-134899.9758,2237.116294,1103.838563
0.3525,23.30224023,-0.074511456,-0.006200095,33.01152186,84.724769,62.67229494,49.24016264,-134881.6234,2238.167348,1104.357174
0.353125,23.44645763,0.135529221,0.060709266,33.01966395,84.76392093,62.6839206,49.22369408,-134874.1768,2250.384796,1110.385511
0.35375,23.45527032,0.010480968,-0.009680614,33.17020466,84.80307285,62.68608985,49.20654856,-134814.0755,2210.456923,1090.684288
0.354375,23.73209928,-0.100743443,0.0057849,33.62965559,84.84222478,62.67166539,49.20091818,-134816.7135,2233.249811,1101.930761
0.355,23.97856852,0.349171275,0.182379894,33.53557554,84.88137671,62.71090729,49.18456106,-134805.41,2242.427809,1106.459372
0.355625,23.83148175,0.009165252,-0.019604433,33.71020474,84.92052863,62.70211867,49.14819819,-134755.9111,2213.932458,1092.399188
0.35625,24.16436639,-0.401710602,-0.104847314,34.53367922,84.95968056,62.67448989,49.16146353,-134752.4952,2231.600057,1101.116739
0.356875,24.33918317,0.023126485,0.038542933,34.37720126,84.99883249,62.69828952,49.13825875,-134720.7137,2221.206293,1095.988246
0.3575,24.46171153,0.271098596,0.066752801,34.35609877,85.03798441,62.72484607,49.11748458,-134718.2101,2240.665716,1105.589919
0.358125,24.47172609,-0.190140792,-0.084089322,34.80239928,85.07713634,62.68636288,49.11927302,-134685.7325,2230.209454,1100.430588
0.35875,24.67402584,0.048842244,0.108037206,34.78348701,85.11628826,62.70648923,49.10760025,-134663.824,2230.247067,1100.449147
0.359375,24.66436584,0.255257095,0.009014944,34.6951229,85.15544019,62.7278174,49.07282228,-134635.5227,2224.229139,1097.479779
0.36,24.84786541,-0.175104793,0.023106988,35.2485029,85.19459212,62.6926174,49.0885424,-134598.4581,2209.687286,1090.304534
0.360625,25.08928086,0.077020089,0.091338924,35.36255781,85.23374404,62.7043933,49.0721772,-134599.5145,2232.83626,1101.726707
0.36125,25.09218288,-0.031973027,-0.172391557,35.63062797,85.27289597,62.71058999,49.03000686,-134581.016,2237.003629,1103.782971
0.361875,25.25145198,-0.023470177,-0.006566439,35.73219096,85.3120479,62.7081953,49.02634858,-134545.2845,2224.023428,1097.378277
0.3625,25.5067452,-0.180243204,0.011813356,36.19184727,85.35119982,62.7085782,49.02986935,-134493.5827,2195.7011,1083.403466
0.363125,25.36557809,-0.144093654,-0.106060091,36.04926006,85.39035175,62.72231863,48.99867061,-134479.6708,2204.703373,1087.84537
0.36375,25.55205369,-0.027972357,-0.012640622,36.16478347,85.42950368,62.72826743,48.98820794,-134464.2914,2212.258449,1091.573198
0.364375,25.61811677,0.034358444,-0.000389937,36.20549383,85.4686556,62.72095709,48.99685527,-134433.4118,2204.556394,1087.772847
0.365,25.76413692,0.026606388,-0.000702572,36.41769045,85.50780753,62.73107736,48.97915026,-134425.0559,2219.24875,1095.022354
0.365625,25.74194263,-0.290862357,-0.210282992,36.75910015,85.54695946,62.71881124,48.95045218,-134401.1691,2218.703865,1094.753497
0.36625,26.0603078,0.209319443,0.160228257,36.59358044,85.58611138,62.7267196,48.96996016,-134383.3108,2224.093555,1097.412879
0.366875,25.99109732,0.287540402,0.122995608,36.46722637,85.62526331,62.73409604,48.94047101,-134347.3287,2211.506521,1091.202181
0.3675,26.11551625,-0.087966849,-0.124363146,37.08308404,85.66441524,62.72410176,48.90423501,-134334.2382,2222.092523,1096.425529
0.368125,26.3102292,0.026161237,0.074859526,37.13689839,85.70356716,62.73463499,48.93217353,-134292.0785,2203.483607,1087.243513
0.36875,26.44237894,-0.135357776,0.117146112,37.40932679,85.74271909,62.72319264,48.91094745,-134269.4085,2204.648145,1087.818119
0.369375,26.47975099,0.144559487,-0.087830647,37.40899238,85.78187102,62.75536384,48.86375842,-134271.4202,2230.341086,1100.495538
0.37,26.6466436,0.009042187,0.036308418,37.65199185,85.82102294,62.73207991,48.86684514,-134242.5011,2225.366927,1098.041187
0.370625,26.71617268,0.167862202,0.080901686,37.60662192,85.86017487,62.74207892,48.86313071,-134217.7502,2224.488713,1097.607858
0.37125,26.84605827,-0.183060818,-0.126765605,38.18520232,85.8993268,62.74669019,48.84328867,-134160.2123,2191.550803,1081.355625
0.371875,27.03309798,-0.088966798,-0.019062632,38.30705781,85.93847872,62.74863099,48.83145751,-134158.8393,2214.5571,1092.707399
0.3725,27.08723537,-0.046861556,-0.011542703,38.34845808,85.97763065,62.75297361,48.81647848,-134149.1115,2229.040214,1099.853661
0.373125,27.17220639,-0.007103274,-0.023064194,38.44863939,86.01678257,62.77219558,48.79587515,-134110.4344,2214.959453,1092.905928
0.37375,27.14905651,-0.125135082,-0.056577909,38.52314591,86.0559345,62.76440844,48.79002418,-134080.2915,2209.44938,1090.187146
0.374375,27.15267599,0.118327535,0.041478313,38.28679853,86.09508643,62.75982399,48.79390207,-134046.7845,2200.524294,1085.783328
0.375,27.2927363,0.041874444,0.024035208,38.55115886,86.13423835,62.76339411,48.76894223,-134025.3787,2203.633152,1087.317301
0.375625,27.47483479,0.110012695,0.011012868,38.76989559,86.17339028,62.77638357,48.74081829,-134025.9804,2228.857206,1099.763361
0.37625,27.59375927,0.034138516,0.113479457,38.91920824,86.21254221,62.77984258,48.73534434,-133970.7934,2198.465155,1084.767307
0.376875,27.63296759,-0.004808176,0.012958689,39.07316032,86.25169413,62.79059339,48.71946957,-133954.0354,2206.305399,1088.635842
0.3775,27.56905344,-0.055306779,-0.051403068,39.06398483,86.29084606,62.79303898,48.70328339,-133936.1328,2213.340599,1092.107152
0.378125,27.69758407,0.018807884,0.000946613,39.15633661,86.32999799,62.78734699,48.71428601,-133908.0734,2210.381652,1090.647148
0.37875,27.63662277,0.021926323,0.02229205,39.05281963,86.36914991,62.77907686,48.70433393,-133883.3764,2210.912068,1090.908866
0.379375,27.74401531,-0.05939764,-0.079630756,39.33427846,86.40830184,62.78015629,48.6705913,-133867.8596,2220.098096,1095.441438
0.38,28.00423726,-0.002830535,0.082326348,39.54789764,86.44745377,62.79726442,48.64443154,-133844.4089,2221.407136,1096.087345
0.380625,27.73304181,0.326417499,0.030030729,38.97008756,86.48660569,62.84241119,48.61568891,-133799.1781,2201.642346,1086.334997
0.38125,27.96501315,-0.15463916,-0.106852627,39.73344659,86.52575762,62.79704961,48.61517767,-133781.4637,2208.986253,1089.95863
0.381875,27.80938151,0.047995079,0.019575536,39.28064028,86.56490955,62.7945159,48.63711061,-133747.2453,2200.157245,1085.602218
0.3825,27.85510109,0.128560606,0.021573142,39.28711966,86.60406147,62.81347158,48.61953443,-133722.2956,2200.324972,1085.684978
0.383125,27.78656159,-0.153749777,-0.079263121,39.4610027,86.6432134,62.805739,48.59899117,-133694.0205,2197.227579,1084.156662
0.38375,27.97416805,0.140754142,0.117755344,39.37866412,86.68236533,62.82209652,48.59533609,-133707.0876,2235.078391,1102.83302
0.384375,27.86903684,0.032585195,0.060948786,39.3466467,86.72151725,62.82920971,48.57284803,-133678.2845,2230.871107,1100.757061
0.385,27.65860067,-0.069485185,-0.103077391,39.23720992,86.76066918,62.82029818,48.54339985,-133660.8855,2237.996406,1104.272828
0.385625,27.39449139,0.412995305,0.167929721,38.33206032,86.79982111,62.85844257,48.53616551,-133612.739,2214.240321,1092.551093
0.38625,27.28100498,0.035833085,0.024276258,38.53866611,86.83897303,62.83442548,48.51842656,-133617.9509,2243.062,1106.772295
0.386875,26.75614592,-0.393992143,-0.242178862,38.28919672,86.87812496,62.8103035,48.49925335,-133584.1667,2232.85706,1101.73697
0.3875,26.53710635,0.15981622,0.159919202,37.30304862,86.91727688,62.8520977,48.49116848,-133566.5471,2237.52118,1104.038341
0.388125,26.08832877,0.019798649,-0.000558529,36.88087197,86.95642881,62.85756061,48.44345454,-133585.1064,2277.413092,1123.72182
0.38875,25.71186883,-0.088389239,0.000301614,36.42452294,86.99558074,62.8477452,48.40822287,-133597.1021,2309.730036,1139.667656
0.389375,25.11724553,0.189461591,0.179694757,35.26011834,87.03473266,62.87831562,48.38123751,-133578.9313,2310.069152,1139.834983
0.39,24.32653698,0.017843834,-0.010566422,34.39779022,87.07388459,62.88187748,48.32840911,-133596.5927,2344.027318,1156.590631
0.390625,23.42025465,-0.291386228,-0.238788378,33.49619377,87.11303652,62.88128112,48.26608277,-133601.056,2362.437667,1165.67467
0.39125,22.88453332,0.341458511,0.237495488,31.95448878,87.15218844,62.91622439,48.2657855,-133613.4353,2386.077192,1177.338892
0.391875,21.94493408,0.075162689,0.120627221,30.8964292,87.19134037,62.8833057,48.23069053,-133642.337,2423.535445,1195.821554
0.3925,21.00115676,-0.247899838,-0.179800594,30.00266652,87.2304923,62.88333573,48.12607492,-133683.4057,2470.41919,1218.954945
0.393125,20.2221113,0.368094155,-0.000772206,28.34224897,87.26964422,62.9381721,48.090505,-133687.1791,2479.012091,1223.194856
0.39375,19.64494854,-0.006517227,0.148378584,27.68249158,87.30879615,62.86830062,48.10894491,-133664.2532,2460.54966,1214.085118
0.394375,19.15554404,0.119648664,0.1382402,26.90768484,87.34794808,62.88435663,48.06334574,-133663.1882,2463.404708,1215.493857
0.395,18.77666713,0.065117209,-0.07857254,26.5643146,87.3871,62.90126974,47.98031122,-133666.0154,2470.386123,1218.938629
0.395625,18.71151088,-0.082666469,0.100599773,26.45034407,87.42625193,62.89188521,47.96784621,-133633.4845,2441.043586,1204.460425
0.39625,18.5728553,-0.111503816,0.036551091,26.31960808,87.46540386,62.90414772,47.91800544,-133655.6398,2465.748019,1216.650094
0.396875,18.27280354,0.044890319,-0.165690746,25.92834812,87.50455578,62.92176086,47.84721748,-133666.0248,2478.009224,1222.700021
0.3975,18.47764858,0.141998604,0.137981365,25.93336595,87.54370771,62.91356632,47.8525633,-133661.9623,2476.155862,1221.785535
0.398125,18.17322581,-0.121733086,-0.023562554,25.80384207,87.58285964,62.91371972,47.81162997,-133679.1525,2494.345193,1230.76052
0.39875,17.88200017,-0.152543552,-0.151469205,25.50393668,87.62201156,62.92793195,47.7592434,-133681.2436,2497.432521,1232.28387
0.399375,17.83301375,0.14406424,0.035399382,25.09314289,87.66116349,62.96367652,47.72810276,-133699.4308,2515.64496,1241.270257
0.4,17.60780776,-0.074788456,-0.00577688,24.95831195,87.70031542,62.96066753,47.71400415,-133724.8139,2541.00509,1253.783459
0.400625,17.20245818,-0.215377369,-0.015478186,24.49241285,87.73946734,62.95654079,47.68939096,-133734.958,2550.309595,1258.374491
0.40125,16.69450287,0.137448491,-0.098943849,23.58414264,87.77861927,62.994414,47.64126608,-133715.774,2530.168523,1248.436478
0.401875,16.61390388,-0.032621569,0.026462239,23.5000749,87.81777119,62.96680002,47.63974027,-133726.9421,2539.206477,1252.895987
0.4025,16.36493479,0.09560054,-0.031642577,23.09881333,87.85692312,62.9754297,47.62928138,-133735.3545,2545.313268,1255.909202
0.403125,16.18223172,0.062475627,-0.058270731,22.88263612,87.89607505,62.95963363,47.63571111,-133746.5299,2554.159487,1260.274106
0.40375,15.84907488,-0.129491792,0.125562116,22.41893171,87.93522697,62.90296444,47.65924598,-133766.6707,2570.901863,1268.535134
0.404375,15.44970579,0.038035856,0.055652335,21.78294659,87.9743789,62.92167559,47.62220275,-133763.1821,2563.800421,1265.031138
0.405,15.16116548,0.086444872,0.041842016,21.3504832,88.01353083,62.930647,47.58147344,-133775.5081,2572.227243,1269.189103
0.405625,15.02878715,-0.132296797,0.030224237,21.32701969,88.05268275,62.89213376,47.55751986,-133775.0116,2567.255571,1266.735979
0.40625,14.78103788,-0.011387022,0.022071075,20.89602964,88.09183468,62.89755539,47.52216412,-133808.2689,2595.509651,1280.677115
0.406875,14.4720033,-0.142983436,-0.018040432,20.5809333,88.13098661,62.88917473,47.47895517,-133796.7423,2578.198963,1272.135671
0.4075,14.3330934,0.108289058,0.087480079,20.13164153,88.17013853,62.91152278,47.42595061,-133832.1877,2607.799372,1286.741113
0.408125,14.20388425,0.109349826,-0.002933504,20.01255054,88.20929046,62.91876021,47.38224648,-133850.6697,2619.959524,1292.741179
0.40875,13.69899871,-0.166609362,-0.191760135,19.62673943,88.24844239,62.91595469,47.37045408,-133860.5326,2623.110829,1294.296097
0.409375,13.65796882,-0.199766008,-0.035393383,19.48260766,88.28759431,62.89607198,47.37764619,-133842.5611,2597.899584,1281.856357
0.41,13.61252711,0.096738738,-0.020386862,19.19756748,88.32674624,62.90457401,47.37752402,-133854.7708,2603.051703,1284.398517
0.410625,13.66313734,0.217910588,0.124587388,19.08075382,88.36589817,62.90031235,47.40233135,-133876.2329,2617.023541,1291.292506
0.41125,13.24801412,-0.377635468,-0.248692001,19.17905184,88.40505009,62.84725424,47.38419353,-133875.3396,2608.797514,1287.233617
0.411875,12.8862231,0.448738016,0.083436537,17.85317406,88.44420202,62.89910201,47.38664728,-133899.1915,2624.497291,1294.980205
0.4125,12.73981006,-0.034005184,-0.03308767,18.06425402,88.48335395,62.8528545,47.38536821,-133903.5151,2620.30588,1292.912078
0.413125,12.39507718,-0.116528612,-0.095574352,17.67928432,88.52250587,62.83319816,47.36143809,-133939.5672,2647.499029,1306.32973
0.41375,12.2046928,0.082515895,0.140074127,17.10279245,88.5616578,62.85180558,47.34675802,-133945.2388,2644.100026,1304.652592
0.414375,11.85525957,-0.071714588,0.095769499,16.75011552,88.60080973,62.82819753,47.3021336,-133981.6982,2670.535278,1317.696282
0.415,10.78249047,0.011422483,-0.236972134,15.41123492,88.63996165,62.84500434,47.22921403,-133991.4107,2669.252447,1317.063307
0.415625,10.27941876,0.052171643,0.010790709,14.49286094,88.67911358,62.823274,47.19418689,-134030.8578,2696.457207,1330.486687
0.41625,9.859866093,-0.027728598,0.166186376,13.84808861,88.7182655,62.80343879,47.16651379,-134047.8798,2700.293913,1332.379796
0.416875,9.405788798,-0.019464478,-0.186415282,13.4489275,88.75741743,62.82961382,47.07018562,-134095.3147,2733.263911,1348.647862
0.4175,9.355887272,0.031906371,0.061110555,13.16549836,88.79656936,62.84087391,47.04197159,-134077.1295,2701.387182,1332.919237
0.418125,9.210525711,-0.110707814,-0.078654996,13.15960866,88.83572128,62.80660465,47.0013809,-134103.2496,2713.225628,1338.760567
0.41875,9.118703957,0.22006624,0.070277418,12.69181676,88.87487321,62.81601854,46.9918196,-134111.5175,2707.438445,1335.905053
0.419375,8.984134704,0.096131788,0.120451988,12.55237263,88.91402514,62.80697563,46.97162253,-134163.2722,2743.90869,1353.900212
0.42,8.343563997,-0.179407184,-0.188162037,12.05949682,88.95317706,62.77032998,46.922397,-134195.0654,2759.808164,1361.745335
0.420625,8.512839907,0.12064712,0.04182669,11.92447807,88.99232899,62.7601547,46.93706648,-134231.9562,2779.766551,1371.593208
0.42125,8.655035283,-0.293989278,0.0078697,12.44787661,89.03148092,62.73132796,46.920288,-134231.713,2762.827178,1363.234978
0.421875,8.354370103,0.081220811,-0.224086728,11.92175044,89.07063284,62.78984747,46.85947024,-134234.7937,2749.124606,1356.473851
0.4225,8.577380244,-0.110047402,0.038740565,12.18203204,89.10978477,62.75550627,46.86595359,-134253.3558,2750.759677,1357.280628
0.423125,8.251439,-0.212048312,-0.092501563,11.88554807,89.1489367,62.74170843,46.81672298,-134281.5021,2762.213759,1362.932305
0.42375,8.1377947,0.358392803,0.053617106,11.22345355,89.18808862,62.80932439,46.76542104,-134295.1907,2758.886646,1361.290639
0.424375,8.278850299,-0.057795903,-0.045264618,11.78094716,89.22724055,62.7620227,46.75362381,-134314.6328,2761.007193,1362.33696
0.425,8.802938631,0.045063662,0.213575933,12.2680855,89.26639248,62.76632453,46.77149922,-134334.1245,2763.48405,1363.559092
0.425625,8.703294412,-0.242118359,-0.170402061,12.60031912,89.3055444,62.76876853,46.71711757,-134318.4781,2731.565395,1347.80978
0.42625,8.930052287,-0.170071011,-0.107702143,12.82564381,89.34469633,62.76539513,46.69681533,-134302.4977,2699.977952,1332.223895
0.426875,9.331911685,0.412708646,0.204955191,12.76309834,89.38384826,62.80604784,46.70440817,-134299.7778,2682.237517,1323.470404
0.4275,9.452660324,-0.247654258,-0.213256375,13.69405827,89.42300018,62.75981121,46.68165693,-134327.4905,2695.161537,1329.847378
0.428125,9.919355275,-0.004404585,0.10677171,13.95636651,89.46215211,62.76707584,46.69865587,-134329.62,2683.147255,1323.919287
0.42875,10.06018026,0.324312076,0.160933409,13.88556481,89.50130404,62.80591144,46.63960964,-134358.6808,2698.405172,1331.447853
0.429375,10.28608547,0.007424697,-0.03227288,14.56437304,89.54045596,62.80315938,46.60301152,-134354.0655,2680.371019,1322.549436
0.43,10.54304042,0.007300777,-0.010639682,14.9124879,89.57960789,62.78737432,46.60867734,-134346.9169,2660.69816,1312.842449
0.430625,10.69815288,0.034212255,0.176890529,14.98121986,89.61875981,62.77431108,46.61807813,-134352.2538,2653.838759,1309.457881
0.43125,10.66308689,-0.121735779,-0.062630619,15.21042109,89.65791174,62.78049325,46.57821522,-134346.936,2636.806106,1301.053624
0.431875,10.74312389,0.086813828,-0.122933032,15.22077958,89.69706367,62.79566177,46.56017355,-134370.0092,2648.607196,1306.876521
0.4325,11.11076968,0.041283497,0.28607023,15.4844297,89.73621559,62.76097272,46.58395227,-134372.1684,2639.711362,1302.487137
0.433125,11.00613603,0.079609322,-0.055519438,15.54887351,89.77536752,62.80751366,46.52880023,-134341.0974,2598.441862,1282.123928
0.43375,11.03003421,-0.230685519,-0.250542897,15.93912241,89.81451945,62.78300645,46.49852753,-134363.6825,2610.76862,1288.206201
0.434375,11.36721804,0.119317014,0.154196923,15.88232781,89.85367137,62.79269046,46.52435176,-134371.9416,2609.365314,1287.513781
0.435,11.47259169,0.002557846,0.032201988,16.20015653,89.8928233,62.80408224,46.48655045,-134361.803,2589.793807,1277.856802
0.435625,11.67895505,-0.213683171,-0.119080109,16.75223649,89.93197523,62.79813609,46.44682317,-134375.3976,2594.498104,1280.177998
0.43625,11.84242181,0.190575773,0.139555806,16.51439347,89.97112715,62.82802664,46.43999015,-134362.8295,2573.625295,1269.87893
0.436875,11.86456291,0.150734724,0.055815766,16.63337878,90.01027908,62.81954523,46.40703916,-134371.1823,2573.986371,1270.057093
0.4375,11.92729138,-0.152220833,-0.114687525,17.05653189,90.04943101,62.79603558,46.38131375,-134373.9332,2569.149243,1267.670355
0.438125,12.14042266,0.345163352,0.222873805,16.76815636,90.08858293,62.80813327,46.38411822,-134376.6203,2564.409297,1265.33157
0.43875,12.01128596,-0.001997965,-0.006826141,16.99276412,90.12773486,62.78047219,46.35436255,-134380.3685,2561.110763,1263.704006
0.439375,11.90307577,0.04295204,-0.014361647,16.81342126,90.16688679,62.79678646,46.33011826,-134375.8698,2549.868451,1258.156822
0.44,12.05620475,0.044288351,-0.028244595,17.0389352,90.20603871,62.80695264,46.32554372,-134365.4902,2532.913115,1249.790715
0.440625,12.22720016,-0.097018284,0.07341682,17.30981969,90.24519064,62.79668721,46.31680353,-134388.6838,2549.880433,1258.162734
0.44125,12.06348844,0.121151957,-0.021292474,16.99063333,90.28434257,62.81869825,46.2853492,-134371.9242,2527.052548,1246.898992
0.441875,12.04781323,-0.051747892,-0.103851527,17.148325,90.32349449,62.79971584,46.26888891,-134391.0842,2540.41799,1253.493772
0.4425,11.99371593,0.041921708,0.11984488,16.84755978,90.36264642,62.78285158,46.28026276,-134389.5414,2533.363723,1250.013054
0.443125,11.77171781,-0.224675138,-0.001661718,16.80998645,90.40179835,62.77881199,46.22072425,-134365.3012,2503.244705,1235.15172
0.44375,11.80476426,0.292291858,0.056949758,16.45003198,90.44095027,62.8436535,46.18502447,-134383.1463,2515.5718,1241.234159
0.444375,11.79385757,-0.323847406,-0.086742156,16.97184853,90.4801022,62.77670698,46.18783061,-134382.9529,2510.198909,1238.583065
0.445,11.99200277,-0.231839972,-0.018991899,17.13860054,90.51925413,62.7923945,46.16190638,-134386.8323,2508.997402,1237.990217
0.445625,12.19587124,0.347181114,0.045015479,16.97427635,90.55840605,62.85068237,46.12490488,-134376.9758,2495.024843,1231.095873
0.44625,12.62052228,0.030825051,0.177216901,17.70191389,90.59755798,62.79297804,46.13013413,-134390.6828,2504.266732,1235.656008
0.446875,12.56276159,-0.12068943,0.050049914,17.81760464,90.6367099,62.79702867,46.09991896,-134378.9977,2488.669383,1227.95996
0.4475,12.5646653,-0.004438593,-0.131816897,17.86614839,90.67586183,62.83628398,46.04783945,-134368.9732,2475.36974,1221.397646
0.448125,12.5266387,0.040615995,0.039940797,17.65838011,90.71501376,62.80501101,46.06480057,-134384.1187,2487.236878,1227.253133
0.44875,12.38968052,-0.101318644,0.1087227,17.51830763,90.75416568,62.79286706,46.07727849,-134352.4314,2452.694731,1210.209337
0.449375,12.40020978,-0.149395942,-0.199350744,17.78325123,90.79331761,62.8051449,46.01260936,-134367.0562,2463.919472,1215.747852
0.45,12.42843181,0.223542861,0.02907152,17.39946174,90.83246954,62.84408277,46.00109675,-134361.1523,2455.059964,1211.376391
0.450625,12.42800923,-0.148461282,-0.063545203,17.72607552,90.87162146,62.79011952,46.00868686,-134359.2828,2450.680983,1209.215713
0.45125,12.56564647,-0.024669038,0.170827552,17.66878037,90.91077339,62.80011701,45.99703766,-134375.12,2463.873614,1215.725225
0.451875,12.28153048,0.19567611,-0.133517788,17.32944512,90.94992532,62.84766308,45.92661678,-134360.5095,2447.403203,1207.598389
0.4525,12.54887734,-0.065597589,0.020447122,17.77903105,90.98907724,62.80265316,45.94861801,-134370.2957,2454.487362,1211.093857
0.453125,12.54945529,-0.078379646,0.049817792,17.76849986,91.02822917,62.78913907,45.93460421,-134374.4618,2456.270514,1211.973701
0.45375,12.54732421,0.266195646,0.121624888,17.47126277,91.0673811,62.8366327,45.88531266,-134355.7792,2436.068729,1202.00573
0.454375,12.53613216,-0.093940859,-0.145362029,17.89809162,91.10653302,62.81315325,45.85655851,-134370.5777,2448.512882,1208.145928
0.455,12.3660867,-0.264656662,-0.070740884,17.72704041,91.14568495,62.79718255,45.85438774,-134370.9452,2446.80646,1207.303944
0.455625,12.24479555,0.210496739,0.107450676,17.0923991,91.18483688,62.82610498,45.8399586,-134410.691,2483.826733,1225.570498
0.45625,11.95627362,-0.248596382,-0.12005312,17.17012063,91.2239888,62.80401104,45.82843797,-134418.0815,2488.184487,1227.720703
0.456875,11.75960451,0.16415258,0.028202585,16.49541691,91.26314073,62.81919043,45.82367524,-134404.8966,2471.941843,1219.706252
0.4575,11.68097151,-0.002662813,-0.091720031,16.58648572,91.30229266,62.80625889,45.80091153,-134420.6575,2484.400821,1225.853765
0.458125,11.57945173,0.171993493,0.158598506,16.14206218,91.34144458,62.81486545,45.82218625,-134412.3216,2472.648618,1220.05499
0.45875,11.21064443,-0.094153596,-0.150359081,16.02728979,91.38059651,62.80719169,45.7980905,-134436.1428,2492.425462,1229.813286
0.459375,10.82625368,0.055000566,-0.20086224,15.41695965,91.41974844,62.81949832,45.8098951,-134438.4468,2490.452216,1228.839646
0.46,10.91987574,0.146093241,0.328157977,15.1093356,91.45890036,62.77872531,45.88035773,-134431.688,2479.261344,1223.317843
0.460625,10.77773466,0.047751809,0.081436202,15.15072497,91.49805229,62.80200753,45.82020798,-134453.8512,2496.320541,1231.735196
0.46125,10.33824922,0.132006079,-0.196746503,14.6717965,91.53720421,62.85154227,45.77616211,-134474.9,2512.287506,1239.613621
0.461875,10.4016091,-0.118246755,0.123578097,14.70930888,91.57635614,62.7935819,45.83688592,-134473.7101,2505.906049,1236.464881
0.4625,10.20554823,-0.01185768,-0.021242133,14.45623439,91.61550807,62.81317754,45.82430584,-134485.3583,2511.777703,1239.362074
0.463125,10.20788985,-0.008087093,-0.0842492,14.50172789,91.65465999,62.82615013,45.79464317,-134472.5733,2493.60733,1230.396443
0.46375,10.17898453,0.031693137,0.040516554,14.34420208,91.69381192,62.82021125,45.80919554,-134493.932,2509.011428,1237.997138
0.464375,10.01964228,-0.008543703,-0.014161696,14.18597081,91.73296385,62.809777,45.81100412,-134485.0911,2494.460486,1230.817408
0.465,10.06743975,0.208309224,0.137673226,13.99313072,91.77211577,62.80617266,45.83086756,-134498.4684,2501.476177,1234.279092
0.465625,10.06462483,-0.119760595,-0.094575271,14.38512034,91.8112677,62.78939188,45.8122145,-134514.4066,2511.61043,1239.279538
0.46625,10.00643252,-0.299429956,-0.210844567,14.51245671,91.85041963,62.81206099,45.7729705,-134501.8688,2492.83551,1230.015611
0.466875,10.11047518,0.304265791,0.116145415,14.00299108,91.88957155,62.84046703,45.78523626,-134505.1554,2489.8697,1228.552221
0.4675,9.998011313,-0.386125378,-0.106170612,14.49148584,91.92872348,62.78672945,45.77937591,-134491.322,2470.624407,1219.056202
0.468125,9.861420306,0.177703148,0.037600405,13.79497895,91.96787541,62.81552827,45.78248255,-134503.1602,2476.439591,1221.925532
0.46875,10.27905011,0.187882417,0.259056382,14.22100578,92.00702733,62.81799825,45.79597265,-134515.8055,2483.655905,1225.486208
0.469375,9.999289465,-0.260020763,-0.339823453,14.56561261,92.04617926,62.80594193,45.74383162,-134508.1941,2470.975371,1219.229375
0.47,10.42021195,0.017072662,0.067686764,14.67660201,92.08533119,62.81404545,45.76100766,-134508.3409,2466.117751,1216.832527
0.470625,10.87595834,0.254345432,0.316116464,14.97774138,92.12448311,62.83493645,45.7530959,-134528.7662,2481.80324,1224.572066
0.47125,10.96536985,-0.111154432,-0.177459839,15.71166573,92.16363504,62.83272246,45.71436174,-134523.0587,2472.007669,1219.738732
0.471875,11.45543579,-0.060570613,0.004737488,16.24010962,92.20278697,62.8107146,45.73482528,-134509.0656,2454.249931,1210.976704
0.4725,11.77521192,0.147141113,0.24217176,16.37779219,92.24193889,62.81711999,45.73917309,-134501.9472,2443.705584,1205.773909
0.473125,11.51632105,-0.228877718,-0.208050367,16.59551183,92.28109082,62.80385477,45.68427891,-134519.8939,2458.382675,1213.015884
0.47375,11.82011862,0.155723482,0.052961276,16.56908766,92.32024275,62.8337287,45.69233564,-134502.8893,2438.70434,1203.306194
0.474375,12.1554236,0.030934049,0.25685316,16.98912196,92.35939467,62.81670352,45.70061916,-134483.4904,2416.863193,1192.529329
0.475,12.01304263,-0.10396373,-0.274891589,17.2581687,92.3985466,62.82296962,45.62989272,-134498.6191,2429.724663,1198.87544
0.475625,12.32468084,0.03432266,0.093681163,17.33937082,92.43769852,62.84203276,45.63965662,-134471.3023,2400.583866,1184.496779
0.47625,12.42974098,0.155577064,0.056770505,17.42857599,92.47685045,62.83261085,45.65217985,-134481.2868,2409.370652,1188.832358
0.476875,12.59558037,-0.254185034,-0.048309802,18.02850006,92.51600238,62.79539357,45.62826548,-134491.141,2418.352373,1193.264121
0.4775,12.7163249,0.034119969,-0.062748197,18.00423324,92.5551543,62.8456116,45.598601,-134470.7571,2397.682015,1183.064947
0.478125,12.99112228,0.095604297,0.082434986,18.24633567,92.59430623,62.81722605,45.61212534,-134469.9537,2396.456863,1182.460432
0.47875,12.99588601,-0.361787321,-0.172762681,18.75837081,92.63345816,62.79546365,45.60690127,-134457.9192,2384.698302,1176.658519
0.479375,13.19969815,0.211097858,0.083696103,18.45940081,92.67261008,62.82029304,45.60311329,-134488.4252,2415.343842,1191.779651
0.48,13.43265401,-0.120206534,0.149631632,18.97871242,92.71176201,62.81708791,45.60157195,-134440.6979,2368.410331,1168.621704
0.480625,13.40511009,-0.197817323,-0.196931446,19.23681805,92.75091394,62.81865161,45.53851077,-134477.9006,2406.38811,1187.360711
0.48125,13.67008867,0.185067792,0.092104221,19.1367733,92.79006586,62.85614603,45.54513324,-134441.9539,2372.169643,1170.476625
0.481875,13.65302677,-0.105896868,0.071573362,19.33378784,92.82921779,62.80677539,45.55424515,-134437.4812,2369.04554,1168.935129
0.4825,13.67230736,-0.226242499,-0.173313797,19.61819857,92.86836972,62.80175618,45.52785774,-134417.0716,2350.845177,1159.954701
0.483125,14.18039264,0.10460105,-0.008863086,19.98688973,92.90752164,62.82807789,45.50822715,-134418.428,2354.373924,1161.695856
0.48375,14.32782014,0.004894831,0.130598086,20.16737724,92.94667357,62.81107354,45.50886881,-134433.8802,2372.211072,1170.497067
0.484375,14.52382236,-0.000151581,-0.012385092,20.54865679,92.9858255,62.80453254,45.49527486,-134401.7618,2343.028029,1156.097562
0.485,14.58085525,-0.153206993,-0.212229949,20.87897132,93.02497742,62.80805139,45.49686487,-134371.6669,2316.930651,1143.220586
0.485625,14.70376533,-0.1003047,-0.019065476,20.87890889,93.06412935,62.78714686,45.49801306,-134406.8302,2355.275307,1162.140617
0.48625,14.89478948,0.244594142,0.178310309,20.76553337,93.10328128,62.81647543,45.48568032,-134383.668,2335.979342,1152.619596
0.486875,14.61492302,-0.121228189,-0.16641954,20.87209339,93.1424332,62.79722681,45.45223916,-134385.3602,2341.990761,1155.585752
0.4875,14.58985613,-0.128057418,-0.034264344,20.74826923,93.18158513,62.76468662,45.47444652,-134389.4942,2350.144005,1159.608728
0.488125,14.72515045,0.12668095,0.22429108,20.57668005,93.22073706,62.77051782,45.4814269,-134390.7336,2355.187146,1162.097116
0.48875,14.24800727,-0.094167523,-0.133770156,20.31095931,93.25988898,62.77042381,45.44469266,-134364.1482,2332.812773,1151.057147
0.489375,14.6464634,-0.08779006,0.098047157,20.7072252,93.29904091,62.7428229,45.45880416,-134370.4031,2342.692854,1155.932179
0.49,14.53227185,0.346367484,0.278242025,20.1102434,93.33819283,62.78621831,45.44144628,-134364.6365,2340.8396,1155.017746
0.490625,14.20002967,-0.107978447,-0.255078737,20.33939266,93.37734476,62.75056068,45.39548684,-134368.1052,2348.160433,1158.629994
0.49125,14.12303784,-0.168535033,0.003719261,20.09064169,93.41649669,62.71422322,45.44211286,-134357.4737,2340.773825,1154.985291
0.491875,14.06148656,0.117199906,0.158049839,19.6913776,93.45564861,62.72853625,45.42996474,-134391.3998,2377.344324,1173.029918
0.4925,13.81785911,0.136693977,-0.188477113,19.58207011,93.49480054,62.74506217,45.39246005,-134377.7082,2366.625215,1167.740891
0.493125,13.92913041,0.059704164,0.267688026,19.46893037,93.53395247,62.70038042,45.43524481,-134380.8874,2372.251284,1170.516908
0.49375,13.4881931,-0.047070622,-0.080992364,19.16578485,93.57310439,62.71085688,45.38138176,-134381.4826,2375.094892,1171.920002
0.494375,13.27216881,-0.038685767,-0.170958102,18.91861534,93.61225632,62.71030872,45.35916667,-134393.4986,2388.958562,1178.760618
0.495,13.26000225,-0.020610919,0.254338091,18.59025506,93.65140825,62.67637658,45.39513402,-134385.7274,2382.810058,1175.726822
0.495625,13.00408557,0.255797285,-0.052232779,18.25051193,93.69056017,62.71780824,45.33657893,-134405.5524,2403.577252,1185.973776
0.49625,12.87284827,-0.2530676,-0.112102184,18.46397783,93.7297121,62.6809285,45.34431022,-134407.1113,2405.66952,1187.006144
0.496875,12.571938,-0.201302564,-0.054573518,17.96123596,93.76886403,62.67693222,45.36102718,-134401.3617,2400.299402,1184.356418
0.4975,12.2989254,0.260645178,0.009233848,17.20522934,93.80801595,62.71356265,45.34204371,-134447.1162,2445.0725,1206.448373
0.498125,11.76294942,0.023695597,0.08763754,16.55678339,93.84716788,62.67476676,45.36495038,-134475.798,2472.299474,1219.882715
0.49875,11.2656538,-0.107818144,-0.019706326,16.02257723,93.88631981,62.6449049,45.35393729,-134492.0868,2485.903055,1226.594998
0.499375,10.64577103,0.290932615,-0.069596555,14.90542727,93.92547173,62.68265635,45.32689318,-134509.5428,2499.12149,1233.117242
0.5,10.27088379,-0.242184192,-0.059661164,14.74035523,93.96462366,62.61793698,45.3426404,-134531.6153,2515.584043,1241.240199
0.500625,9.982638488,-0.026510351,0.048014792,14.10267217,94.00377559,62.62966162,45.35193236,-134559.0159,2536.949489,1251.782344
0.50125,9.92592907,0.236878385,0.10155088,13.79907328,94.04292751,62.66443049,45.31713778,-134580.5065,2551.975339,1259.196403
0.501875,9.889159825,0.012571883,-0.118970971,14.06154241,94.08207944,62.65832675,45.30270026,-134572.9533,2537.732071,1252.168486
0.5025,10.2110574,-0.211403914,0.000758311,14.59187857,94.12123137,62.63365541,45.33499796,-134598.1109,2555.518747,1260.944792
0.503125,10.52419479,0.010874794,-0.019948917,14.88992324,94.16038329,62.65714224,45.31525406,-134586.4732,2536.467317,1251.54443
0.50375,10.65693332,0.064665359,-0.123119386,15.11426281,94.19953522,62.66039768,45.29738423,-134576.0804,2519.273788,1243.060794
0.504375,10.88558549,-0.037328134,0.125541369,15.33346399,94.23868714,62.62069816,45.31656591,-134588.7114,2525.464689,1246.115511
0.505,11.368393,0.305702713,0.220935312,15.70528939,94.27783907,62.65997279,45.27866827,-134610.3853,2540.679606,1253.622859
0.505625,11.45285474,0.058443136,-0.220880182,16.31522983,94.316991,62.68064519,45.22102815,-134609.288,2533.454623,1250.057906
0.50625,11.49221609,-0.331364815,-0.154063248,16.59711793,94.35614292,62.61657438,45.23097175,-134614.3986,2532.648933,1249.660362
0.506875,11.87054452,0.119932064,0.296351644,16.49454326,94.39529485,62.64904436,45.25305059,-134581.7675,2494.391272,1230.783256
0.5075,11.88173615,0.176991481,-0.008686931,16.68585285,94.43444678,62.68182916,45.19956243,-134599.7778,2506.572611,1236.793776
0.508125,11.66413087,-0.169287293,-0.169257431,16.73495935,94.4735987,62.64730887,45.20976395,-134587.1979,2488.917951,1228.082608
0.50875,12.20688697,-0.010997852,0.11844362,17.1879006,94.51275063,62.65345674,45.25096452,-134588.7637,2485.728271,1226.508756
0.509375,12.27492407,0.03797829,-0.18697839,17.46689614,94.55190256,62.66471719,45.20851618,-134587.0866,2479.768575,1223.568121
0.51,12.65001769,0.113807579,0.205320387,17.66452461,94.59105448,62.62815535,45.2439327,-134593.0265,2481.466215,1224.405771
0.510625,12.72365781,-0.109781095,0.108476848,17.99687699,94.63020641,62.62946838,45.22396329,-134586.8239,2472.130532,1219.799355
0.51125,12.77362246,-0.059749644,-0.276524182,18.30433715,94.66935834,62.66534003,45.16059642,-134580.917,2463.298861,1215.44163
0.511875,13.16704192,-0.131184842,0.016648998,18.70287474,94.70851026,62.63094794,45.16953368,-134576.1258,2455.800531,1211.741802
0.5125,13.41563741,0.131407415,0.124320073,18.79175173,94.74766219,62.65243132,45.13602939,-134590.6333,2467.64425,1217.585733
0.513125,13.43969006,0.149891645,-0.022057145,18.91737154,94.78681412,62.68332217,45.09861554,-134566.7181,2441.720443,1204.7944
0.51375,13.55663345,-0.15342193,-0.108617331,19.3573424,94.82596604,62.64617794,45.11370417,-134557.3627,2430.940749,1199.475481
0.514375,13.71955311,0.084659976,0.076590221,19.28835951,94.86511797,62.66859754,45.13562618,-134551.1953,2423.690286,1195.897955
0.515,13.67421742,0.134387442,0.129843508,19.15142504,94.9042699,62.63930016,45.15453961,-134544.8416,2416.341835,1192.272081
0.515625,14.11424808,-0.149787473,0.124384239,19.98134557,94.94342182,62.62267235,45.13703844,-134557.0346,2428.340887,1198.192656
0.51625,14.35293225,0.078637455,-0.09884118,20.31356064,94.98257375,62.67134824,45.07162958,-134539.4028,2411.227397,1189.748513
0.516875,14.65750788,0.046606985,-0.039479285,20.72407459,95.02172568,62.65669353,45.08424854,-134555.8869,2427.825153,1197.938183
0.5175,14.86352896,-0.131438445,0.094268532,21.04830266,95.0608776,62.63158627,45.11222008,-134540.6967,2413.619072,1190.928614
0.518125,14.78042134,0.04088179,-0.090740102,20.93854801,95.10002953,62.65158778,45.0596502,-134521.0114,2395.009386,1181.746217
0.51875,14.74752955,-0.115852857,-0.085987555,20.99891089,95.13918145,62.63577823,45.04842576,-134507.0178,2382.299293,1175.4748
0.519375,14.79828659,-0.021163758,0.157806103,20.83247003,95.17833338,62.63678388,45.07005396,-134499.0967,2376.160258,1172.445675
0.52,14.51122976,-0.024796714,-0.116162681,20.62195488,95.21748531,62.65653637,45.04256627,-134502.515,2381.586358,1175.123023
0.520625,14.6102103,-0.026007825,-0.090831938,20.74472767,95.25663723,62.64995477,45.04961493,-134486.1466,2367.418249,1168.132191
0.52125,15.0180974,-0.073292165,0.188465181,21.15978609,95.29578916,62.62893192,45.0907831,-134496.3883,2379.638402,1174.161862
0.521875,15.02743028,-0.099930778,-0.08991713,21.38624196,95.33494109,62.62274015,45.04849212,-134502.9593,2388.497621,1178.53318
0.5225,15.57936571,0.00664457,0.038984829,22.00032107,95.37409301,62.64916117,45.01023495,-134469.1181,2357.706734,1163.340332
0.523125,15.81243998,0.02933785,-0.020542976,22.35603163,95.41324494,62.65434909,44.9762672,-134455.5477,2347.77623,1158.44042
0.52375,16.11387601,-0.130937938,-0.118649426,22.96495184,95.45239687,62.64741754,44.96930136,-134438.4965,2335.112331,1152.191795
0.524375,16.2642762,-0.07460848,-0.037410459,23.08041429,95.49154879,62.65358397,44.96321234,-134437.5356,2338.743689,1153.983581
0.525,16.48334033,0.043332974,-0.090799258,23.34510519,95.53070072,62.66260991,44.94379366,-134434.3484,2340.185622,1154.69506
0.525625,16.77621201,0.090056017,0.100014877,23.59074928,95.56985265,62.65856642,44.95965851,-134420.1499,2331.596328,1150.456928
0.52625,16.69684646,-0.101663736,0.000221417,23.68496598,95.60900457,62.63787709,44.96750399,-134413.124,2329.989779,1149.664224
0.526875,16.7468391,-0.06970994,-0.021135194,23.74791871,95.6481565,62.63678347,44.9477035,-134417.4414,2339.908218,1154.558184
0.5275,16.70989744,0.227587245,0.07346305,23.41924962,95.68730843,62.66455181,44.9448856,-134391.4641,2319.933518,1144.702261
0.528125,16.87366346,-0.34769585,-0.078517009,24.1665905,95.72646035,62.62513968,44.94458932,-134384.8056,2319.240658,1144.36039
0.52875,16.80651007,-0.078885918,-0.059450534,23.86582499,95.76561228,62.64376065,44.90156465,-134361.8973,2302.868877,1136.282221
0.529375,17.01772475,0.405227083,0.127407987,23.69251069,95.80476421,62.68230741,44.89536282,-134367.4307,2315.197185,1142.365258
0.53,17.22334174,-0.157776962,-0.01990832,24.48370821,95.84391613,62.61421567,44.90894159,-134361.2812,2316.147552,1142.834189
0.530625,17.30001595,0.079140122,0.04060424,24.38129081,95.88306806,62.64691865,44.89559871,-134365.6655,2327.588447,1148.479359
0.53125,17.03277095,-0.074572942,-0.12165344,24.2267973,95.92221999,62.64090678,44.88759641,-134341.5911,2310.570796,1140.082504
0.531875,17.09191092,-0.211888798,-0.00208669,24.32427298,95.96137191,62.62457406,44.90208947,-134316.9172,2293.313197,1131.567255
0.5325,17.33860706,0.037637331,0.009249356,24.48736404,96.00052384,62.67580623,44.88275271,-134309.2061,2293.242141,1131.532194
0.533125,17.24495328,-0.085720971,-0.0861998,24.50961316,96.03967577,62.65906449,44.86308866,-134283.3844,2275.618749,1122.836455
0.53375,17.47874972,0.106602576,0.126183107,24.55409228,96.07882769,62.66146208,44.87701901,-134296.1341,2296.433456,1133.106854
0.534375,17.58442994,0.005302187,0.070030405,24.81499775,96.11797962,62.65227329,44.87693032,-134267.597,2276.552527,1123.2972
0.535,17.59284295,-0.124231334,-0.079201426,25.02394655,96.15713154,62.64584279,44.84157165,-134264.6847,2282.33168,1126.148751
0.535625,17.86863635,-0.026855191,-0.065687978,25.33555042,96.19628347,62.65749089,44.81490516,-134251.0918,2277.781673,1123.903686
0.53625,18.14104554,-0.099442171,0.03688541,25.70008932,96.2354354,62.6595723,44.80686893,-134234.1529,2270.285768,1120.205054
0.536875,18.0395677,-0.187417956,-0.159230573,25.75694196,96.27458732,62.65000613,44.80780525,-134218.2928,2263.787902,1116.998875
0.5375,18.23313563,0.013511681,0.103319746,25.70317074,96.31373925,62.64948479,44.84048839,-134193.9843,2249.320465,1109.860348
0.538125,18.17905387,0.011103506,-0.013918382,25.71107322,96.35289118,62.64906934,44.80081926,-134206.5407,2271.614387,1120.860622
0.53875,18.18255008,0.025380826,-0.152196035,25.80459734,96.3920431,62.67768459,44.776436,-134204.4208,2279.465487,1124.734514
0.539375,18.38352594,0.035733119,0.119638469,25.88857136,96.43119503,62.66022817,44.80067256,-134182.3927,2267.879476,1119.017741
0.54,18.35624128,0.021257465,0.033340675,25.92104289,96.47034696,62.65408365,44.78953794,-134159.7487,2255.853847,1113.084051
0.540625,18.5305975,0.085005278,0.065312956,26.0999424,96.50949888,62.67360728,44.78553942,-134152.3936,2259.178152,1114.724331
0.54125,18.21095233,-0.128042667,-0.283270226,26.04571176,96.54865081,62.67533847,44.76111475,-134143.2831,2260.659484,1115.45525
0.541875,18.46719539,-0.178594647,-0.004346077,26.24678442,96.58780274,62.6595135,44.76466212,-134120.4818,2249.044291,1109.724078
0.5425,18.21869071,0.013953506,-0.027444807,25.77470915,96.62695466,62.66820504,44.75819019,-134109.3559,2248.488964,1109.450069
0.543125,18.39202751,-0.193367423,0.016729353,26.13642339,96.66610659,62.63292495,44.75417513,-134105.9909,2256.158356,1113.234302
0.54375,18.13330533,0.200472037,0.048379498,25.46908291,96.70525852,62.68201993,44.75512307,-134087.3915,2248.286157,1109.35
0.544375,17.7021104,-0.188593699,-0.2396525,25.33745758,96.74441044,62.64643006,44.74678556,-134100.485,2271.460791,1120.784834
0.545,17.7113342,-0.095720022,0.092123899,25.05120829,96.78356237,62.63881475,44.77931067,-134104.0723,2285.042555,1127.486352
0.545625,17.39813927,0.214682914,0.151885443,24.34560302,96.8227143,62.68366331,44.78571825,-134081.3808,2271.810863,1120.957567
0.54625,16.63604105,-0.153248556,-0.205272313,23.78051278,96.86186622,62.66637452,44.77641955,-134092.2853,2291.572909,1130.708561
0.546875,16.16561974,0.197625249,0.120282735,22.63704198,96.90101815,62.67345225,44.82838366,-134105.9291,2312.848305,1141.206273
0.5475,15.52917651,0.19229469,0.176214555,21.70100558,96.94017008,62.65018441,44.85747727,-134092.0325,2305.887419,1137.771631
0.548125,15.22196009,-0.304339021,-0.145354383,21.84595144,96.979322,62.61904307,44.82577831,-134100.7059,2320.984526,1145.22085
0.54875,14.98791016,0.262706452,0.070017664,20.9621628,97.01847393,62.68420696,44.82822621,-134080.3224,2306.093525,1137.873328
0.549375,14.77371415,0.120688869,0.067039093,20.76054719,97.05762585,62.6580149,44.85150479,-134094.1733,2325.13912,1147.270811
0.55,14.23860988,-0.259822745,-0.178388566,20.44654064,97.09677778,62.61986482,44.85351346,-134107.5929,2343.141958,1156.153776
0.550625,13.92579735,0.173710413,0.166051276,19.45380594,97.13592971,62.65447129,44.88538463,-134102.0775,2341.895657,1155.538826
0.55125,13.32683301,0.131439219,0.105550174,18.67943809,97.17508163,62.64925354,44.89273848,-134124.7094,2367.79733,1168.319237
0.551875,12.84289632,-0.161278126,-0.08650391,18.33803518,97.21423356,62.64738546,44.8764372,-134115.889,2361.725532,1165.323288
0.5525,12.03363556,0.101659028,-0.205781911,17.09590372,97.25338549,62.66026359,44.90056912,-134104.5144,2352.316586,1160.680724
0.553125,11.5693133,-0.097241663,0.140853944,16.33324455,97.29253741,62.61526527,44.99888289,-134100.0933,2348.761662,1158.926652
0.55375,11.02078383,-0.169367262,-0.002999539,15.7089452,97.33168934,62.60423968,45.01814061,-134121.4184,2370.918945,1169.859505
0.554375,10.78029342,0.175959336,-0.010958052,15.13069555,97.37084127,62.64333598,45.02054711,-134132.222,2382.059724,1175.356592
0.555,10.39564599,0.100673434,-0.056915694,14.67199169,97.40999319,62.63877082,45.04708904,-134139.7039,2389.413483,1178.985085
0.555625,9.900481126,0.030691054,0.001534688,13.97865325,97.44914512,62.62866633,45.10263278,-134138.6554,2387.984942,1178.280214
0.55625,9.616629915,0.031481784,0.029555398,13.55680885,97.48829705,62.60015957,45.16610799,-134132.9316,2381.385883,1175.024105
0.556875,9.038382653,0.086589381,-0.022979806,12.73793146,97.52744897,62.59256401,45.22604294,-134157.3698,2404.025269,1186.194837
0.5575,8.529256967,-0.192844581,-0.088139515,12.26154724,97.5666009,62.56305377,45.2832797,-134153.0327,2397.5679,1183.00864
0.558125,8.197516664,0.227660424,0.086352244,11.37231572,97.60575283,62.5967161,45.32330458,-134189.216,2430.603737,1199.309192
0.55875,7.662735782,0.180370308,0.061901409,10.66641979,97.64490475,62.59466944,45.36159958,-134207.9287,2444.728549,1206.278661
0.559375,6.810180432,-0.152355365,-0.025917236,9.758336059,97.68405668,62.570689,45.40649584,-134226.2981,2458.258471,1212.954599
0.56,6.38775988,0.196875969,0.092071726,8.830272751,97.72320861,62.60663234,45.4266676,-134255.7534,2481.128556,1224.239163
0.560625,5.61471242,-0.192493106,-0.120488626,8.162190374,97.76236053,62.56842105,45.45958302,-134277.857,2495.982561,1231.568431
0.56125,4.770722612,0.005858559,-0.020377268,6.757163297,97.80151246,62.58872083,45.53882049,-134264.0011,2474.269426,1220.854729
0.561875,4.149362634,0.113014254,0.166030096,5.67114248,97.84066439,62.6027274,45.60645542,-134279.4748,2480.802169,1224.078117
0.5625,3.273121247,-0.047834455,-0.068613939,4.711302645,97.87981631,62.57015169,45.65553321,-134294.6559,2486.351195,1226.816119
0.563125,2.67271086,-0.020394761,0.075930481,3.742374217,97.91896824,62.55615946,45.72191463,-134301.7443,2483.453044,1225.386113
0.56375,2.168931711,-0.097085581,-0.121155571,3.221787314,97.95812016,62.55504758,45.73708289,-134303.5639,2474.985623,1221.208115
0.564375,1.706177231,0.095976154,-0.004422726,2.351378246,97.99727209,62.56981892,45.77987386,-134304.9236,2465.739954,1216.646115
0.565,1.292919056,-0.145465518,-0.131515833,2.02439115,98.03642402,62.5492382,45.8204736,-134300.2675,2450.196399,1208.976609
0.565625,1.208923375,0.015238043,0.066651063,1.652971266,98.07557594,62.56896514,45.84228722,-134334.9783,2473.711434,1220.579404
0.56625,0.82737095,0.243184161,0.12925084,0.917402144,98.11472787,62.6031232,45.86456753,-134339.788,2467.301933,1217.416827
0.566875,0.488919995,-0.222422217,-0.045591377,0.907182063,98.1538798,62.56471157,45.89503175,-134378.8147,2494.731263,1230.951015
0.5675,0.12454994,-0.048925064,0.032658159,0.212587626,98.19303172,62.57218433,45.90642441,-134367.8262,2472.520829,1219.991936
0.568125,0.090897283,0.20708418,0.027352918,0.223250102,98.23218365,62.60636175,45.89892384,-134388.929,2481.644826,1224.493901
0.56875,-0.015455988,-0.328199419,-0.125619454,0.38856542,98.27133558,62.53489973,45.89647205,-134409.8978,2490.66611,1228.945186
0.569375,0.329439739,-0.004008732,0.07626628,0.426296564,98.3104875,62.57726551,45.88534851,-134395.3524,2464.582501,1216.075004
0.57,0.62420375,0.17298453,0.075191103,0.717340383,98.34963943,62.60239933,45.85019841,-134437.9557,2495.529913,1231.345084
0.570625,0.973662845,-0.044297192,0.089291203,1.3550652,98.38879136,62.59171355,45.85231222,-134441.295,2487.323174,1227.295713
0.57125,0.972338419,0.050896911,-0.016144639,1.35301433,98.42794328,62.60905639,45.83859323,-134437.2151,2472.312812,1219.889296
0.571875,1.154328873,-0.109472602,-0.019901707,1.727435836,98.46709521,62.59806161,45.83876481,-134453.9341,2477.800147,1222.596859
0.5725,1.310808341,-0.03217036,0.011794291,1.868946811,98.50624714,62.59250202,45.8248125,-134460.6214,2473.262191,1220.357739
0.573125,1.35956237,0.199227591,0.070419367,1.739211901,98.54539906,62.60610122,45.81946293,-134473.4178,2475.312553,1221.369429
0.57375,1.538821998,-0.196860044,-0.098903716,2.388374574,98.58455099,62.57707553,45.79901438,-134451.9918,2443.719869,1205.780958
0.574375,1.683173144,-0.018532537,-0.143324169,2.499493471,98.62370292,62.61045609,45.75464909,-134469.8076,2451.669281,1209.703359
0.575,2.086630069,0.123389991,0.142441379,2.763067901,98.66285484,62.60798735,45.74477965,-134469.4025,2441.225208,1204.550041
0.575625,2.415281941,0.03152961,0.108345603,3.318151765,98.70200677,62.60643382,45.72429451,-134473.6027,2436.23631,1202.088418
0.57625,2.22677982,-0.158465355,-0.281976532,3.463886256,98.7411587,62.60448321,45.69154353,-134484.8825,2439.022846,1203.463351
0.576875,2.428833775,0.286504004,0.240434186,3.062807867,98.78031062,62.62192178,45.73201457,-134486.8952,2432.456376,1200.223322
0.5775,2.092144833,0.152140015,0.089873373,2.788653228,98.81946255,62.61569158,45.72487369,-134497.1519,2434.038113,1201.003783
0.578125,2.037375763,-0.257952173,-0.133624489,3.161839624,98.85861447,62.58781676,45.72202639,-134499.9716,2428.500502,1198.271414
0.57875,2.260853285,0.181765313,0.157484382,2.957593127,98.8977664,62.62868942,45.74160278,-134479.106,2399.452938,1183.938756
0.579375,1.735961057,-0.060316915,-0.238658462,2.675358388,98.93691833,62.61454727,45.72601924,-134497.605,2409.945432,1189.115966
0.58,1.965048658,-0.054703279,0.06086331,2.778250414,98.97607025,62.58698315,45.78005621,-134526.2524,2429.955845,1198.989509
0.580625,1.848697554,0.13259683,0.048429963,2.488583765,99.01522218,62.61555211,45.76347931,-134517.1327,2412.88722,1190.567504
0.58125,1.760312154,0.089792859,-0.029907253,2.451499206,99.05437411,62.62627626,45.7485656,-134522.4709,2409.903014,1189.095036
0.581875,1.5183031,-0.063229954,0.074542577,2.145850069,99.09352603,62.58901662,45.79854562,-134535.1098,2414.699167,1191.461555
0.5825,1.294179272,-0.094217939,-0.097762356,1.96600124,99.13267796,62.60643518,45.79216039,-134539.3469,2410.53419,1189.406471
0.583125,0.99498366,0.123822998,-0.04853493,1.370240564,99.17182989,62.62120307,45.80593246,-134544.2726,2406.632909,1187.481499
0.58375,0.918726706,-0.029839464,0.148801772,1.234696268,99.21098181,62.5749268,45.87044805,-134551.9445,2405.409387,1186.877789
0.584375,0.619036017,-0.151520915,-0.085576052,1.046224106,99.25013374,62.57232762,45.85700437,-134570.0501,2414.483636,1191.355208
0.585,0.610555117,0.230207217,0.0260722,0.726605746,99.28928567,62.60605249,45.85782808,-134571.6921,2407.346372,1187.833537
0.585625,0.623690415,-0.085938614,-0.048011825,0.977852596,99.32843759,62.57521015,45.87042833,-134574.9817,2401.638984,1185.017396
0.58625,0.617649479,-0.112581131,-0.019097576,0.973356425,99.36758952,62.5663522,45.872225,-134578.0748,2396.736876,1182.598596
0.586875,0.679597211,0.270491008,0.086962148,0.743146719,99.40674145,62.60927477,45.86908512,-134577.395,2387.743945,1178.161301
0.5875,0.456620356,-0.23343114,-0.200616775,0.953524251,99.44589337,62.56317306,45.86530411,-134588.9008,2390.783621,1179.661139
0.588125,0.580589524,0.058007308,0.081584012,0.722948499,99.4850453,62.57568587,45.87876113,-134582.5156,2376.363586,1172.546001
0.58875,0.994560875,0.104239181,0.045529168,1.302605375,99.52419723,62.60343822,45.86528903,-134584.1771,2370.69073,1169.746899
0.589375,0.98911008,-0.298433477,-0.117570978,1.707402301,99.56334915,62.56988186,45.85227955,-134594.873,2374.139391,1171.448538
0.59,1.191902196,0.108876292,-0.012300749,1.624110131,99.60250108,62.58106041,45.84156156,-134577.2503,2350.028096,1159.551536
0.590625,1.708074042,0.047960309,0.185661308,2.256696637,99.64165301,62.57768259,45.82523628,-134592.3967,2358.799308,1163.87943
0.59125,1.623304269,0.053007023,-0.064791767,2.308544612,99.68080493,62.58318412,45.78238264,-134591.795,2352.631256,1160.835988
0.591875,2.099006701,-0.19796859,-0.028536895,3.135481517,99.71995686,62.57109583,45.77891579,-134589.1944,2344.738312,1156.94145
0.5925,2.407531197,0.202016461,0.078789784,3.20975336,99.75910878,62.60302632,45.76619134,-134610.498,2360.730005,1164.832075
0.593125,2.452836416,-0.06172003,-0.018089122,3.525673098,99.79826071,62.58068555,45.75132708,-134592.1717,2337.94255,1153.588283
0.59375,2.686555317,-0.229548143,-0.04532306,4.000094716,99.83741264,62.55503262,45.74114302,-134594.9062,2336.072135,1152.665382
0.594375,3.11947318,0.166569542,0.078882673,4.239400844,99.87656456,62.61312058,45.7063654,-134604.0121,2340.819637,1155.007896
0.595,3.137946926,0.038111737,-0.098118182,4.483263785,99.91571649,62.61369442,45.68131816,-134608.0045,2340.79597,1154.996218
0.595625,3.260887042,-0.211076085,0.048081031,4.73749014,99.95486842,62.56752826,45.71963335,-134601.8478,2330.789251,1150.0587
0.59625,3.287922813,0.293144121,0.195419178,4.306022331,99.99402034,62.60791366,45.70731839,-134622.6078,2347.919331,1158.511029
0.596875,3.024873178,-0.057893161,-0.136836384,4.416569674,100.0331723,62.58127948,45.67701953,-134622.3838,2344.227729,1156.689518
0.5975,3.386996396,0.149846442,0.290358391,4.481969475,100.0723242,62.60752461,45.71592616,-134624.0524,2341.765027,1155.474371
0.598125,2.804532361,-0.098863692,-0.307449598,4.26117923,100.1114761,62.60498526,45.67431453,-134630.0618,2344.026796,1156.590373
0.59875,2.879213884,-0.052499343,0.144856851,4.013801228,100.1506281,62.58628585,45.72483824,-134619.2337,2329.551232,1149.447836
0.599375,2.566664047,0.345149761,0.245301574,3.214625813,100.18978,62.62814097,45.73910683,-134627.5382,2333.998553,1151.642235
0.6,2.089728301,-0.553851194,-0.384960478,3.625068438,100.2289319,62.56423522,45.71852438,-134628.8396,2331.670714,1150.493632
0.600625,2.096120867,0.041119894,0.071762051,2.88478709,100.2680838,62.60115684,45.7590564,-134621.4393,2319.794571,1144.633702
0.60125,1.8400888,0.419848855,0.259339569,2.131106019,100.3072358,62.62627389,45.7820554,-134628.6408,2322.722914,1146.078605
0.601875,1.098126138,-0.324252309,-0.310692998,2.002027887,100.3463877,62.55948524,45.77820812,-134652.3478,2342.063302,1155.621546
0.6025,1.10396089,-0.055863739,0.025295816,1.585969227,100.3855396,62.57950259,45.81595732,-134628.744,2314.137562,1141.842419
0.603125,1.022753216,0.457917918,0.307086812,0.924103533,100.4246915,62.62101181,45.83791643,-134631.1147,2312.177551,1140.875309
0.60375,0.670951189,-0.0973448,-0.137692152,1.116158899,100.4638435,62.59771949,45.83320027,-134666.4231,2342.80131,1155.985694
0.604375,0.52919215,0.036178783,0.093486083,0.660443853,100.5029954,62.60461626,45.87721654,-134658.1031,2329.937195,1149.638278
0.605,0.366177221,0.104530291,0.087789677,0.382412067,100.5421473,62.61791494,45.87726793,-134647.1079,2314.301157,1141.92314
0.605625,0.050466353,-0.012312573,-0.043499475,0.11723222,100.5812992,62.60303908,45.88500958,-134654.3673,2316.494103,1143.005184
0.60625,-0.170730091,-0.170374304,-0.013785434,0.221702111,100.6204512,62.58114146,45.89486521,-134663.4493,2320.463373,1144.963702
0.606875,-0.423365479,0.146629929,-0.016641335,0.719010988,100.6596031,62.60118479,45.89545923,-134674.0798,2325.750595,1147.572525
0.6075,-0.27157784,-0.117330776,0.062484799,0.409540773,100.698755,62.57564982,45.92083831,-134675.0132,2321.566915,1145.508212
0.608125,-0.424446087,0.009644469,-0.019900922,0.594108013,100.7379069,62.59933695,45.90559451,-134663.8456,2305.665698,1137.662229
0.60875,-0.125880938,0.055947198,0.079597849,0.27539491,100.7770589,62.60986052,45.89952971,-134659.4164,2296.14595,1132.964993
0.609375,-0.269011317,-0.004973987,-0.030176393,0.356921551,100.8162108,62.61182349,45.88616818,-134696.5988,2328.319294,1148.839973
0.61,-0.135662909,0.086818669,0.008261963,0.27637579,100.8553627,62.61951148,45.88730672,-134693.6217,2320.612802,1145.037434
0.610625,0.081761113,0.123516486,0.138530535,0.072053453,100.8945147,62.62547265,45.89946166,-134694.0842,2316.926966,1143.218767
0.61125,-0.0283692,-0.040517165,-0.041337561,0.017788324,100.9336666,62.60645594,45.89468968,-134683.1144,2301.643359,1135.677526
0.611875,0.247499354,0.021795689,0.054539385,0.298743776,100.9728185,62.59131575,45.89141666,-134696.5942,2310.80058,1140.195884
0.6125,0.381508001,-0.130401105,0.001494017,0.651043688,101.0119704,62.58913843,45.89182816,-134686.0712,2296.196396,1132.989884
0.613125,0.524336345,-0.185023257,-0.073901285,0.934573379,101.0511224,62.58393282,45.87711742,-134691.4388,2297.742518,1133.752772
0.61375,0.558960618,0.127484822,0.077256205,0.648639667,101.0902743,62.57841184,45.8747602,-134670.2612,2273.054133,1121.571021
0.614375,0.754936565,-0.306844901,-0.122641795,1.389767767,101.1294262,62.54708901,45.86456167,-134704.1842,2303.195244,1136.443257
0.615,0.786514275,-0.055844581,-0.166643625,1.276853498,101.1685781,62.58835022,45.82824514,-134708.4311,2304.425161,1137.050123
0.615625,0.975909853,0.443571278,0.200411424,0.971549734,101.2077301,62.6240617,45.84491616,-134701.8282,2294.884522,1132.342578
0.61625,0.922182193,-0.111321699,0.106958146,1.334303801,101.246882,62.55566428,45.85706572,-134709.7483,2299.922513,1134.828425
0.616875,0.896591106,-0.094982926,-0.144783692,1.438805285,101.2860339,62.60016135,45.81978051,-134682.0482,2269.738072,1119.93481
0.6175,1.194357677,-0.005267263,0.043453328,1.663145969,101.3251858,62.58979626,45.8359933,-134692.2982,2277.37293,1123.702004
0.618125,1.247054802,0.024990058,0.164568541,1.63850569,101.3643378,62.57788375,45.84672156,-134707.0807,2289.79275,1129.830195
0.61875,1.045198894,-0.12449795,-0.144256927,1.668348367,101.4034897,62.59814151,45.8240237,-134705.1311,2285.860791,1127.890086
0.619375,1.094057142,0.096685908,0.160593648,1.367548051,101.4426416,62.57329535,45.86784193,-134708.6109,2286.947572,1128.426326
0.62,0.860136139,-0.150278007,-0.071714126,1.376754862,101.4817936,62.56016223,45.85370088,-134708.8664,2284.594364,1127.265206
0.620625,0.606446362,-0.191098566,-0.151516504,1.10097791,101.5209455,62.5666037,45.85394725,-134711.929,2285.361601,1127.643776
0.62125,0.743252259,0.213301285,0.221345392,0.743841059,101.5600974,62.58878252,45.87746659,-134718.0088,2288.65703,1129.269807
0.621875,0.413299294,-0.050548196,-0.0746505,0.673669367,101.5992493,62.58237063,45.86203814,-134707.9763,2275.956742,1123.003227
0.6225,0.358893461,-0.201872568,-0.118545329,0.741181332,101.6384013,62.57807338,45.86287858,-134720.1656,2285.444942,1127.684898
0.623125,0.613245861,0.170709628,0.227291889,0.589915535,101.6775532,62.62099435,45.86776841,-134718.2672,2280.575622,1125.282277
0.62375,0.280629303,-0.000482833,-0.139437641,0.524202927,101.7167051,62.60356832,45.8423457,-134714.0971,2273.736716,1121.907822
0.624375,0.316813341,0.017468517,0.087862198,0.383381299,101.755857,62.60184504,45.89110991,-134701.1447,2258.133289,1114.208774
0.625,0.300516164,0.017266582,0.013027629,0.403606184,101.795009,62.58369901,45.88306718,-134708.8873,2263.346727,1116.781191
0.625625,0.193472452,0.009541464,-0.085308018,0.347196749,101.8341609,62.60015021,45.86471647,-134713.3985,2264.874943,1117.535243
0.62625,0.345840084,-0.129131313,0.065851888,0.584815926,101.8733128,62.58207072,45.89120731,-134733.2842,2282.225191,1126.096207
0.626875,0.146633571,0.032517964,-0.016693024,0.205230772,101.9124647,62.59421755,45.87508281,-134723.9637,2270.505506,1120.313477
0.6275,0.280494698,0.198898938,0.096605732,0.22569209,101.9516167,62.60078065,45.86947595,-134729.5299,2273.589049,1121.83496
0.628125,0.51170218,0.078122,0.112483057,0.590379846,101.9907686,62.59742632,45.8682998,-134740.9332,2282.819346,1126.389376
0.62875,0.341577024,-0.106353816,-0.256374358,0.762032845,102.0299205,62.59571808,45.82436511,-134729.141,2269.207099,1119.672817
0.629375,0.661243473,0.124222473,0.082276473,0.790793151,102.0690724,62.6021434,45.8606259,-134717.7866,2256.11262,1113.211735
0.63,0.816285151,-0.126781098,0.058677645,1.223821077,102.1082244,62.56294965,45.84295012,-134722.0962,2258.977812,1114.625479
0.630625,0.849305903,-0.074169031,-0.144887371,1.358759472,102.1473763,62.61368868,45.80362977,-134718.2659,2254.388662,1112.361099
0.63125,1.22892944,0.128268627,0.152728722,1.539565038,102.1865282,62.60878924,45.82347461,-134732.216,2267.37902,1118.770806
0.631875,1.132701205,-0.072696649,-0.07894603,1.709126111,102.2256802,62.59353983,45.80868231,-134729.9353,2264.651075,1117.424782
0.6325,1.175784809,0.036910884,0.000723898,1.63679915,102.2648321,62.58689878,45.80819138,-134722.4923,2256.712297,1113.507628
0.633125,1.276191355,0.033383251,0.053839242,1.743311538,102.303984,62.59116208,45.81310431,-134734.0212,2267.664095,1118.911467
0.63375,1.272346079,0.048919369,-0.044253564,1.799691288,102.3431359,62.59545698,45.79984584,-134747.6538,2280.450377,1125.220479
0.634375,1.21196643,0.239472455,0.122162349,1.465325604,102.3822879,62.60066104,45.82723,-134724.4343,2256.887807,1113.594228
0.635,1.219217588,-0.157870594,-0.047383019,1.874261578,102.4214398,62.60914696,45.81525433,-134712.1695,2244.245736,1107.356374
0.635625,0.943212578,-0.116458124,-0.197384673,1.558978252,102.4605917,62.60255241,45.80751876,-134737.9255,2268.970681,1119.556164
0.63625,1.083180112,0.032907229,0.069272668,1.460275276,102.4997436,62.58757323,45.84206979,-134718.9037,2249.21213,1109.806894
0.636875,1.003379346,0.100232771,-0.013315763,1.364637663,102.5388956,62.61075686,45.83355222,-134739.6212,2268.699036,1119.422129
0.6375,0.599831142,-0.102532798,-0.099181766,0.990931571,102.5780475,62.58151331,45.84806738,-134745.6174,2273.498336,1121.7902
0.638125,0.365034542,0.005714021,0.002207141,0.510653755,102.6171994,62.58266219,45.88441097,-134733.7772,2260.347226,1115.301176
0.63875,0.085954249,-0.166023236,-0.132673986,0.335265761,102.6563513,62.59318976,45.87736955,-134736.7822,2261.540236,1115.889831
0.639375,-0.084213976,0.052901914,0.025269245,0.177625751,102.6955033,62.59427744,45.90370243,-134753.6209,2276.006263,1123.027662
0.64,-0.18113642,0.025575274,0.102132632,0.358931901,102.7346552,62.55741055,45.93051001,-134735.1087,2255.270845,1112.796387
0.640625,-0.428534272,0.035931697,-0.004140535,0.630431966,102.7738071,62.58697603,45.92417848,-134736.0261,2253.866404,1112.103407
0.64125,-0.535111267,0.002883066,-0.072170162,0.713712376,102.8129591,62.58264717,45.9220609,-134740.7277,2256.238969,1113.274078
0.641875,-0.518266377,-0.060980731,0.012704834,0.70460638,102.852111,62.56573109,45.93264262,-134751.8913,2265.288597,1117.739349
0.6425,-0.498733567,0.050243376,-0.056253922,0.713095782,102.8912629,62.59864597,45.90730878,-134750.8059,2262.135266,1116.183431
0.643125,-0.402610548,0.088656516,0.088902985,0.69493089,102.9304148,62.58480756,45.92799834,-134747.3334,2256.938667,1113.619324
0.64375,-0.614845226,-0.167194504,-0.149546119,0.645914773,102.9695668,62.56068529,45.92916645,-134752.6493,2260.502746,1115.377912
0.644375,-0.572361364,0.023901198,0.061244344,0.870850015,103.0087187,62.57455059,45.9582357,-134747.0621,2253.230433,1111.789606
0.645,-0.381950738,-0.140326401,0.065594889,0.548710292,103.0478706,62.56117285,45.93926482,-134746.5604,2251.067393,1110.722318
0.645625,-0.375706114,0.023682162,-0.17392422,0.489157654,103.0870225,62.62368928,45.88756215,-134753.7425,2256.954001,1113.62689
0.64625,-0.059096877,-0.161459466,0.025336912,0.229128896,103.1261745,62.57160485,45.91366878,-134754.3507,2256.092487,1113.201801
0.646875,0.234989978,-0.075210202,0.038402769,0.38441981,103.1653264,62.57648981,45.8948634,-134745.6056,2246.481485,1108.459538
0.6475,0.297672254,0.072408331,-0.120918777,0.513164358,103.2044783,62.60053131,45.85681809,-134752.8062,2252.946742,1111.649627
0.648125,0.563863318,-0.1373228,0.096282015,0.874565867,103.2436302,62.55206347,45.88137205,-134754.1598,2253.436889,1111.891475
0.64875,0.770811917,0.226695951,0.090580229,0.881648923,103.2827822,62.59317247,45.84558142,-134757.7616,2256.432212,1113.369429
0.649375,0.515179454,0.105563412,-0.105156115,0.772660494,103.3219341,62.60881284,45.82542705,-134713.8807,2212.958597,1091.918665
0.65,0.74331999,-0.173397649,-0.059372274,1.223800591,103.361086,62.57397259,45.84329735,-134754.5188,2253.318074,1111.832849
0.650625,0.860758089,-0.031614207,-0.062757368,1.284592936,103.400238,62.6053567,45.81550515,-134747.5122,2246.317601,1108.378674
0.65125,0.827531725,-0.091299671,-0.121189993,1.32106679,103.4393899,62.59297233,45.81729239,-134738.8597,2238.036468,1104.292595
0.651875,1.090760849,-0.019037596,0.117555782,1.482375945,103.4785418,62.59353169,45.83439484,-134757.5769,2256.736502,1113.519571
0.6525,0.865737454,0.080878211,-0.091580102,1.249881115,103.5176937,62.61925102,45.82042031,-134739.127,2238.866029,1104.701918
0.653125,0.97595196,-0.040728653,0.062291701,1.370776324,103.5568457,62.57655063,45.84645291,-134764.2436,2264.319654,1117.261252
0.65375,0.929526602,0.070252159,0.055924623,1.225454309,103.5959976,62.6018656,45.8398141,-134737.8034,2238.65219,1104.596405
0.654375,0.582465014,0.13712082,-0.114301584,0.864308028,103.6351495,62.61470243,45.83303227,-134739.9509,2241.007003,1105.758317
0.655,0.659165616,-0.159472861,0.195957014,1.00551557,103.6743014,62.53931603,45.89325011,-134768.6978,2269.543561,1119.838834
0.655625,0.280083833,0.243873105,0.023711253,0.339866676,103.7134534,62.61396919,45.85680874,-134748.428,2249.380772,1109.890105
0.65625,0.04525138,-0.130683305,-0.10883193,0.234887553,103.7526053,62.58372068,45.85858281,-134759.4063,2259.934739,1115.097647
0.656875,0.10505102,-0.169173486,0.183437371,0.453517273,103.7917572,62.55175505,45.90753358,-134753.3189,2253.506484,1111.925815
0.6575,-0.236960698,0.254948285,0.014891778,0.602520741,103.8309091,62.63020111,45.86554315,-134739.4135,2238.966375,1104.75143
0.658125,-0.39432792,-0.190897535,-0.147840246,0.322481046,103.8700611,62.58894334,45.87887106,-134758.4415,2257.124744,1113.711138
0.65875,-0.313284711,-0.071962008,0.055273934,0.458542372,103.909213,62.59550505,45.91149111,-134738.5862,2236.576495,1103.572215
0.659375,-0.519876982,0.12910553,-0.104144763,0.805243613,103.9483649,62.61470243,45.90371495,-134763.6483,2260.156247,1115.206943
0.66,-0.326395371,-0.050569555,0.132818427,0.566205214,103.9875168,62.58267941,45.94551563,-134757.2905,2252.942997,1111.647779
0.660625,-0.360319967,-0.055828569,-0.094580972,0.405997504,104.0266688,62.59286326,45.91826585,-134772.1031,2266.806903,1118.488512
0.66125,-0.327558315,0.001302487,-0.009035571,0.457944364,104.0658207,62.6047436,45.92493705,-134769.132,2262.834365,1116.528381
0.661875,-0.235572529,-0.029858383,0.103466155,0.41837898,104.1049726,62.58623744,45.92446098,-134764.5768,2257.260364,1113.778056
0.6625,-0.134507671,0.251145514,0.15350205,0.491133612,104.1441246,62.60551009,45.93440212,-134763.6469,2255.16904,1112.746154
0.663125,-0.376349295,-0.219805628,-0.160359213,0.273297479,104.1832765,62.57187574,45.91227962,-134753.0799,2243.92298,1107.19712
0.66375,-0.295160296,-0.128060429,-0.073134648,0.283257118,104.2224284,62.57906829,45.9072715,-134762.196,2252.22282,1111.292429
0.664375,0.010793174,0.218098817,0.207449148,0.285941633,104.2615803,62.6213086,45.89777492,-134756.9883,2246.659432,1108.547341
0.665,-0.13439841,-0.133720466,-0.115987312,0.025571329,104.3007323,62.58052837,45.87324673,-134786.5073,2275.060268,1122.560889
0.665625,0.033696463,-0.119707248,-0.104789397,0.207204185,104.3398842,62.58352275,45.86624209,-134774.3136,2262.564098,1116.395025
0.66625,0.389052636,0.300234914,0.169031226,0.271131732,104.3790361,62.60976364,45.87053865,-134761.1388,2249.40086,1109.900017
0.666875,0.478447811,-0.122737953,-0.067305525,0.813845059,104.418188,62.57515836,45.86483062,-134746.2839,2234.769989,1102.680848
0.6675,0.600823857,-0.04991794,-0.073449941,0.937370682,104.45734,62.58865286,45.86425925,-134775.4994,2263.988299,1117.097755
0.668125,0.743752786,0.097506984,0.139862719,0.885500343,104.4964919,62.58873126,45.88628411,-134748.6974,2237.996117,1104.272685
0.66875,0.810298984,0.135703979,0.205616182,0.908629422,104.5356438,62.58199285,45.88156987,-134775.3087,2264.914923,1117.55497
0.669375,0.425057061,-0.016626737,-0.155077732,0.742165503,104.5747957,62.59822284,45.84829005,-134747.3559,2237.935432,1104.242742
0.67,0.708849416,-0.045447928,0.0779608,0.991067426,104.6139477,62.5835986,45.86880685,-134744.3276,2235.589414,1103.085169
0.670625,0.600136642,0.273245475,0.097973661,0.624296166,104.6530996,62.59902311,45.8618413,-134772.8374,2264.846206,1117.521064
0.67125,0.607041822,-0.109096249,-0.015385423,0.95344173,104.6922515,62.56565435,45.86137705,-134763.9546,2256.742013,1113.522291
0.671875,0.406215754,0.000798391,-0.07408515,0.632976888,104.7314035,62.58514318,45.84382004,-134749.2494,2242.812327,1106.649101
0.6725,0.570755183,0.104346994,0.039733648,0.709714981,104.7705554,62.59215137,45.83792229,-134749.1323,2243.479973,1106.978531
0.673125,0.534951121,0.056467994,0.019523096,0.704256401,104.8097073,62.59370762,45.84088295,-134768.3333,2263.10266,1116.660763
0.67375,0.516476508,0.002648588,-0.007374562,0.733852531,104.8488592,62.60262093,45.86105598,-134765.438,2260.493773,1115.373485
0.674375,0.22210862,-0.143643015,-0.19325527,0.555664283,104.8880112,62.58502622,45.87154482,-134753.0233,2248.649012,1109.52904
0.675,0.038787056,0.057269409,-0.001333107,0.073385827,104.9271631,62.60108813,45.90548684,-134745.2528,2240.869322,1105.690383
0.675625,-0.080335897,0.01395919,0.084998416,0.203158978,104.966315,62.59488648,45.91905513,-134763.9197,2259.174375,1114.722468
0.67625,-0.289044542,-0.001006982,-0.133057476,0.353178331,105.0054669,62.59964904,45.89906951,-134749.7422,2244.542496,1107.502801
0.676875,-0.046751366,0.00669404,0.179869205,0.290177415,105.0446189,62.5844654,45.92102655,-134757.3567,2251.319653,1110.846788
0.6775,-0.308668631,0.032399618,-0.076871245,0.426611885,105.0837708,62.59319274,45.89946335,-134779.2638,2272.395794,1121.246184
0.678125,-0.414587951,0.000899381,-0.055026559,0.552305919,105.1229227,62.58830742,45.90657809,-134758.3457,2250.755726,1110.568535
0.67875,-0.425658661,0.088719167,0.1191544,0.749888075,105.1620746,62.57538344,45.93083151,-134756.5021,2247.70337,1109.062441
0.679375,-0.698799358,-0.067054852,-0.108656049,0.865506157,105.2012266,62.5829536,45.90921027,-134754.3036,2244.242903,1107.354976
0.68,-0.440860093,0.141799297,0.108675496,0.801609951,105.2403785,62.6077277,45.91889213,-134762.6057,2251.320415,1110.847164
0.680625,-0.537921875,-0.060060665,-0.076394802,0.664549005,105.2795304,62.59815967,45.901944,-134773.3351,2261.0267,1115.636442
0.68125,-0.410478396,-0.047158685,0.028645973,0.574958928,105.3186824,62.59495682,45.90343834,-134770.0216,2256.626957,1113.46552
0.681875,-0.187894933,0.23839996,0.096363777,0.531699752,105.3578343,62.62681034,45.90498242,-134760.9041,2246.771016,1108.602398
0.6825,-0.161901316,-0.23678042,-0.136966265,0.127245834,105.3969862,62.57094647,45.89510791,-134762.7595,2248.042971,1109.230007
0.683125,-0.069264758,-0.11555265,-0.156900786,0.107388597,105.4361381,62.5850208,45.87644922,-134757.3778,2242.436471,1106.463646
0.68375,0.233157982,0.082049803,0.087349538,0.210052069,105.4752901,62.59466408,45.8824506,-134760.9648,2245.621696,1108.035301
0.684375,0.574442784,0.112015021,0.187085505,0.607882123,105.514442,62.5876278,45.89049182,-134774.9481,2259.530896,1114.898382
0.685,0.40037874,-0.005403156,-0.095077658,0.646666457,105.5535939,62.60427301,45.85113748,-134761.2161,2246.614488,1108.525164
0.685625,0.626760708,-0.079574176,-0.038866813,0.971404167,105.5927458,62.59087135,45.83890216,-134776.6865,2262.796279,1116.509588
0.68625,0.670013707,0.188025376,0.135084544,0.721986629,105.6318978,62.60649157,45.84878052,-134745.7172,2232.538506,1101.579789
0.686875,0.593252212,0.013565113,-0.044317874,0.86364529,105.6710497,62.59992543,45.83133344,-134753.2953,2240.633076,1105.573814
0.6875,0.523038243,-0.210453756,-0.151752381,0.998398092,105.7102016,62.57561799,45.83252096,-134745.8103,2234.040104,1102.320708
0.688125,0.65287321,0.254006253,0.135091174,0.664329649,105.7493535,62.61373412,45.84774281,-134745.1899,2233.906077,1102.254576
0.68875,0.715360669,-0.181775569,-0.084377695,1.205786558,105.7885055,62.59084977,45.83947215,-134752.468,2241.87221,1106.185228
0.689375,0.700890657,-0.104606439,-0.119241706,1.149633357,105.8276574,62.59448596,45.84456197,-134741.0354,2231.50633,1101.070493
0.69,0.880637113,0.181994233,0.120691549,1.034106935,105.8668093,62.61028125,45.86241531,-134756.0616,2247.23503,1108.831352
0.690625,0.658502066,-0.203046308,-0.187132075,1.207317674,105.9059612,62.57352957,45.84716344,-134751.47,2243.370268,1106.9244
0.69125,0.51954581,0.077467356,0.071222186,0.629655805,105.9451132,62.59224167,45.87234801,-134763.5054,2255.848784,1113.081553
0.691875,0.336787512,-0.104761274,0.03997129,0.55137348,105.9842651,62.57520053,45.87033594,-134762.9535,2255.785193,1113.050176
0.6925,0.03318034,0.120679822,-0.050805151,0.210040039,106.023417,62.60343258,45.87271062,-134776.9673,2269.752631,1119.941993
0.693125,-0.102293671,-0.047518757,0.120513279,0.284390564,106.062569,62.56030856,45.91182999,-134762.1553,2255.013971,1112.66964
0.69375,-0.21156767,0.174000861,0.115914071,0.509196875,106.1017209,62.58262826,45.92057605,-134762.3422,2254.751777,1112.540268
0.694375,-0.435365029,-0.299824337,-0.310704173,0.184472164,106.1408728,62.58039207,45.88960571,-134757.0375,2249.01417,1109.709216
0.695,-0.289653763,0.096766578,0.061491069,0.523323737,106.1800247,62.59295293,45.92532801,-134756.8534,2248.042873,1109.229958
0.695625,0.007036021,0.020758173,0.134728957,0.171706502,106.2191767,62.58973753,45.92633429,-134747.6547,2238.316985,1104.431008
0.69625,-0.417878698,-0.145933805,-0.289459424,0.333234359,106.2583286,62.59038536,45.88868388,-134769.1008,2259.166013,1114.718341
0.696875,-0.443330231,-0.176456063,0.006689091,0.554329648,106.2974805,62.55996748,45.93083432,-134753.5488,2242.811449,1106.648668
0.6975,-0.405522967,-0.091017354,-0.060469675,0.467876816,106.3366324,62.58725248,45.9083168,-134755.533,2244.279103,1107.372838
0.698125,-0.431552543,0.125240653,-0.097348874,0.686481502,106.3757844,62.61231679,45.90088102,-134749.6556,2237.72671,1104.139754
0.69875,-0.302265202,-0.007623335,0.232373315,0.655934879,106.4149363,62.54520328,45.97514095,-134777.8409,2264.887196,1117.541289
0.699375,-0.334071082,-0.177232809,-0.058501865,0.33857595,106.4540882,62.57340761,45.92791061,-134767.0539,2253.555778,1111.950138
0.7,-0.340858866,0.123057031,-0.167620424,0.57421503,106.4932401,62.62371876,45.88884163,-134770.3919,2256.454772,1113.38056
0.700625,0.18812569,-0.011526516,0.24050235,0.32576505,106.5323921,62.56722961,45.91892883,-134767.5162,2253.290937,1111.81946
0.70125,0.074216879,0.100719582,-0.059573051,0.210465832,106.571544,62.62134971,45.86982647,-134760.1201,2245.491817,1107.971216
0.701875,0.088763495,-0.246361013,-0.117639527,0.414101272,106.6106959,62.58542611,45.86718745,-134750.4704,2235.995899,1103.285737
0.7025,0.387851615,0.022816071,0.116097848,0.464545529,106.6498479,62.59654431,45.87662233,-134756.7901,2242.398597,1106.444958
0.703125,0.372636439,0.210808901,0.016274058,0.437065332,106.6889998,62.63357,45.84572932,-134764.6435,2250.309996,1110.348603
0.70375,0.474598605,-0.0332704,0.019218398,0.684147011,106.7281517,62.60286088,45.85806616,-134771.3269,2257.472515,1113.882735
0.704375,0.390513145,-0.016772868,-0.016658056,0.575908237,106.7673036,62.59505022,45.85004271,-134759.0225,2245.574568,1108.012047
0.705,0.332484432,0.020663184,-0.055909187,0.503929977,106.8064556,62.60787935,45.86398996,-134750.2226,2237.505781,1104.030743
0.705625,0.502559253,-0.13484346,0.052306151,0.802517945,106.8456075,62.58381083,45.88158292,-134764.6755,2252.350793,1111.355574
0.70625,0.564244282,0.185656186,0.097871203,0.607074129,106.8847594,62.60741436,45.86108814,-134773.5094,2261.748396,1115.992541
0.706875,0.487259874,-0.107306255,-0.034484614,0.794373454,106.9239113,62.58104706,45.85324577,-134759.8999,2248.698429,1109.553423
0.7075,0.358246459,-0.253032909,-0.115305406,0.785418806,106.9630633,62.57435435,45.86514978,-134744.6459,2233.924215,1102.263526
0.708125,0.345589585,0.160869056,0.027471069,0.391300506,107.0022152,62.61558405,45.8634665,-134762.148,2252.002694,1111.183815
0.70875,0.342966305,0.022486135,0.010268841,0.462108649,107.0413671,62.59593893,45.86106094,-134762.8502,2253.272861,1111.810541
0.709375,0.3540137,0.048683108,0.074783207,0.414581299,107.080519,62.60248102,45.85629065,-134765.3932,2256.192617,1113.251208
0.71,0.071638076,-0.075492335,-0.079939962,0.211288998,107.119671,62.58988762,45.8711124,-134749.2031,2240.617759,1105.566257
0.710625,0.047720048,0.016886784,0.058476026,0.052877654,107.1588229,62.5823538,45.89580529,-134760.8243,2252.329933,1111.345281
0.71125,-0.047909889,-0.049429691,-0.144556282,0.135616752,107.1979748,62.58396055,45.87702196,-134760.2634,2252.110318,1111.236918
0.711875,0.049547625,0.120336764,0.098787035,0.088882016,107.2371268,62.59222571,45.89098641,-134776.6824,2268.361806,1119.255732
0.7125,-0.042606946,0.083895755,0.092594299,0.185359044,107.2762787,62.58916323,45.89441023,-134773.5268,2264.812464,1117.504415
0.713125,-0.349272161,-0.177213639,-0.235936888,0.214236877,107.3154306,62.56950846,45.891715,-134760.551,2251.912717,1111.139418
0.71375,-0.118775433,0.214282649,0.254704739,0.502044889,107.3545825,62.59692406,45.93333514,-134749.8066,2240.645444,1105.579917
0.714375,-0.230702658,-0.171457252,-0.270424509,0.121993285,107.3937345,62.58767506,45.87642687,-134779.0908,2269.48184,1119.808379
0.715,-0.06627491,0.006009706,0.017767618,0.111474036,107.4328864,62.60899208,45.90711791,-134748.7224,2238.990004,1104.763089
0.715625,-0.132481564,0.030152813,0.089306158,0.281316284,107.4720383,62.58927625,45.91421547,-134772.2837,2261.91963,1116.077032
0.71625,-0.479647158,0.064860468,-0.126347424,0.676660708,107.5111902,62.60556486,45.90284935,-134749.9083,2239.539158,1105.034053
0.716875,-0.204119713,0.14553713,0.190818377,0.52942081,107.5503422,62.58298273,45.93113216,-134762.582,2251.377244,1110.875205
0.7175,-0.228330019,0.115551917,0.003445741,0.429584199,107.5894941,62.58820724,45.89558088,-134771.1705,2259.645339,1114.954851
0.718125,-0.138884719,0.097245699,0.052261403,0.307112359,107.628646,62.60185811,45.90348459,-134757.8951,2246.133246,1108.28771
0.71875,-0.023427605,-0.13623162,-0.007628285,0.17179401,107.6677979,62.55836898,45.90179017,-134778.8013,2266.788496,1118.479429
0.719375,0.056570686,0.095376288,0.09189909,0.052593363,107.7069499,62.58925791,45.89672474,-134750.6129,2238.867979,1104.70288
0.72,0.122404629,0.1793797,0.019831868,0.198047572,107.7461018,62.60614039,45.87242747,-134770.8263,2259.239207,1114.754457
0.720625,0.28879978,0.051186623,0.184408861,0.291728711,107.7852537,62.58491697,45.89802496,-134764.7552,2253.028837,1111.690134
0.72125,0.252521998,-0.137244243,-0.087235072,0.519474259,107.8244056,62.57095859,45.86580081,-134774.0778,2262.741872,1116.482743
0.721875,0.021541017,0.175800397,0.004314853,0.231300646,107.8635576,62.59379094,45.88288518,-134749.8663,2238.71359,1104.626701
0.7225,0.24894633,-0.052972063,0.17008951,0.383574738,107.9027095,62.57132584,45.90911926,-134747.4355,2236.661977,1103.614394
0.723125,0.012805029,0.144661995,-0.141117197,0.350354188,107.9418614,62.60304251,45.86638455,-134767.087,2256.362828,1113.335193
0.72375,0.22099762,0.033861531,0.100782464,0.232271417,107.9810134,62.58199573,45.90966487,-134737.3705,2227.180674,1098.936126
0.724375,0.355755261,-0.122689682,-0.046657538,0.629782908,108.0201653,62.57233754,45.87834675,-134763.2804,2253.367406,1111.857191
0.725,0.391949611,0.161866733,-0.022985122,0.50919463,108.0593172,62.61177918,45.84543538,-134770.2355,2260.482873,1115.368107
0.725625,0.455832169,0.003867431,0.110678737,0.578629131,108.0984691,62.57020609,45.88512797,-134745.5542,2236.384636,1103.477548
0.72625,0.154951737,-0.127930649,-0.178888628,0.440532121,108.1376211,62.57473822,45.85609856,-134752.9769,2244.442886,1107.453652
0.726875,0.361897114,0.011734835,-0.020322853,0.519358663,108.176773,62.59367574,45.85623101,-134772.1568,2263.801069,1117.005372
0.7275,0.395151033,0.081592706,0.133421289,0.411712867,108.2159249,62.58707626,45.87222024,-134761.1393,2253.115336,1111.732815
0.728125,0.063560835,-0.019466747,-0.130088728,0.237972593,108.2550768,62.60216882,45.85837567,-134743.8537,2236.502332,1103.535622
0.72875,-0.061612917,0.029513647,0.038871311,0.135973147,108.2942288,62.59151392,45.89277707,-134745.4382,2237.699533,1104.126344
0.729375,-0.024168449,-0.097108176,-0.026167103,0.101768532,108.3333807,62.57628686,45.88996204,-134758.5871,2251.030004,1110.70387
0.73,0.044967203,0.19672861,0.049202992,0.211691461,108.3725326,62.62720824,45.88556203,-134752.1008,2244.50529,1107.484443
0.730625,0.190747814,0.081229896,0.107296956,0.140134621,108.4116845,62.57959669,45.9021718,-134772.0891,2264.522707,1117.361443
0.73125,-0.058720342,-0.087777499,-0.1061484,0.058576694,108.4508365,62.58435249,45.87626173,-134775.7494,2268.113731,1119.133327
0.731875,-0.041823553,0.191556093,0.034529781,0.291467243,108.4899884,62.60970837,45.88550851,-134749.4145,2241.843862,1106.171241
0.7325,0.071355675,0.113377148,0.232974379,0.205401818,108.5291403,62.58345788,45.9241701,-134761.2074,2253.398284,1111.872427
0.733125,-0.170442497,-0.099503418,-0.106103054,0.095997251,108.5682923,62.58435906,45.89146873,-134763.0143,2255.109072,1112.716564
0.73375,-0.421672963,-0.003167597,-0.128172012,0.526227758,108.6074442,62.61113739,45.88695114,-134740.2748,2232.360333,1101.491875
0.734375,-0.262794115,-0.037583819,0.015313346,0.361747906,108.6465961,62.58202006,45.89460763,-134773.9541,2265.297975,1117.743976
0.735,-0.27671854,0.179352177,0.131515084,0.61395731,108.685748,62.6064941,45.89062895,-134780.5973,2271.432033,1120.770645
0.735625,-0.283740218,-0.103323243,-0.1333706,0.236778695,108.7249,62.59250203,45.87669755,-134758.7884,2249.255028,1109.82806
0.73625,-0.100140488,-0.026958279,-0.010183494,0.117172053,108.7640519,62.58463274,45.90120956,-134754.0597,2244.208709,1107.338104
0.736875,0.005215567,0.021997029,0.093857219,0.115337969,108.8032038,62.57322843,45.90648012,-134760.3521,2250.250921,1110.319454
0.7375,0.025068256,0.018060894,-0.099419531,0.17131247,108.8423557,62.5941293,45.88241516,-134766.8706,2256.72986,1113.516294
0.738125,0.120509591,-0.027591494,0.073092327,0.185255391,108.8815077,62.57808659,45.91083029,-134763.9865,2253.499937,1111.922584
0.73875,0.303085243,-0.014542175,0.079848584,0.399538981,108.9206596,62.59459537,45.89215734,-134754.3258,2244.016615,1107.243321
0.739375,0.098411462,0.043826621,-0.12066328,0.279338817,108.9598115,62.62182177,45.85093236,-134768.5305,2258.231033,1114.257004
0.74,0.323693752,-0.01606401,0.100659528,0.422852203,108.9989634,62.58025093,45.89096909,-134769.4598,2259.23507,1114.752416
0.740625,0.204215765,-0.016223244,-0.062878043,0.349441166,109.0381154,62.59579313,45.86862741,-134759.5508,2249.252708,1109.826915
0.74125,0.058851606,0.055286554,-0.038759426,0.135592292,109.0772673,62.5958123,45.87077317,-134746.3853,2236.245773,1103.40903
0.741875,0.233783085,0.09778138,0.214243988,0.180116016,109.1164192,62.58462559,45.89678027,-134770.5914,2260.211342,1115.234128
0.7425,0.218997198,0.110325266,-0.105844644,0.405044739,109.1555712,62.61024532,45.84983557,-134769.6203,2259.218832,1114.744404
0.743125,0.380976878,-0.348314785,-0.144480829,0.921694317,109.1947231,62.58093267,45.86550345,-134747.3037,2237.342274,1103.950066
0.74375,0.4062306,-0.016340732,-6.29E-05,0.586434936,109.233875,62.6091455,45.88541995,-134761.8717,2251.994065,1111.179557
0.744375,0.15313894,-0.042754812,-0.057535953,0.28805686,109.2730269,62.60932104,45.87483472,-134759.9318,2250.327367,1110.357174
0.745,0.001313149,-0.093064929,0.024515824,0.15254776,109.3121789,62.56989738,45.90699204,-134766.1253,2256.339001,1113.323436
0.745625,-0.007229031,0.016712828,0.067893947,0.094000965,109.3513308,62.58046194,45.90695396,-134768.0654,2258.105864,1114.195242
0.74625,-0.099550619,0.056210693,-0.075734001,0.205519391,109.3904827,62.59389871,45.89671969,-134779.397,2269.108833,1119.624331
0.746875,-0.140333326,-0.058963892,0.152201973,0.369849847,109.4296346,62.55516236,45.93831382,-134771.4252,2260.857509,1115.55296
0.7475,-0.211309325,-0.028525126,-0.090523481,0.227690754,109.4687866,62.58617831,45.89834069,-134739.2916,2228.577426,1099.625312
0.748125,-0.025970679,0.247618669,0.128602194,0.336019086,109.5079385,62.61852467,45.90553467,-134778.1635,2266.596735,1118.38481
0.74875,-0.107589128,-0.186429768,-0.006344554,0.221126648,109.5470904,62.56481591,45.90920918,-134779.9756,2268.304751,1119.22758
0.749375,-0.204169254,0.09113493,-0.095165908,0.365779022,109.5862423,62.59841416,45.88617192,-134774.355,2262.356857,1116.292769
0.75,-0.251703252,0.214177714,0.140364728,0.613360197,109.6253943,62.58716629,45.91463585,-134773.5118,2261.029127,1115.63764
0.750625,-0.236834795,-0.088805369,0.087737267,0.39802894,109.6645462,62.56510349,45.92517458,-134751.866,2239.469187,1104.999528
0.75125,-0.424765879,0.077622301,-0.213388349,0.617868547,109.7036981,62.6255545,45.88311727,-134764.4533,2251.351068,1110.862289
0.751875,-0.170141703,-0.059522958,0.128092171,0.369295798,109.74285,62.5641036,45.93469087,-134779.068,2265.396092,1117.792389
0.7525,-0.135221119,0.00694253,-0.072342067,0.174500216,109.782002,62.60228885,45.90221238,-134755.6485,2241.846275,1106.172431
0.753125,-0.051237056,0.14175528,-0.002194068,0.245708509,109.8211539,62.60549944,45.89414396,-134767.916,2253.848568,1112.094606
0.75375,-0.067886859,-0.086623564,0.164980314,0.343340495,109.8603058,62.54573866,45.92998477,-134759.5985,2245.778288,1108.112566
0.754375,0.013316085,0.157998319,0.019906055,0.200114593,109.8994578,62.60890501,45.89006082,-134768.2681,2254.283762,1112.30934
0.755,0.084546299,-0.109689866,-0.146222853,0.303836714,109.9386097,62.59986116,45.85715166,-134771.1623,2256.983388,1113.64139
0.755625,0.163284011,-0.007301629,0.082589375,0.209025064,109.9777616,62.58487172,45.88046662,-134740.575,2226.646717,1098.672661
0.75625,0.016998772,0.042348232,-0.004063273,0.056923043,110.0169135,62.61290677,45.86421775,-134758.4494,2244.841111,1107.650144
0.756875,-0.037873854,-0.268175899,-0.203368333,0.290908018,110.0560655,62.56698667,45.85497945,-134770.9206,2257.572548,1113.932094
0.7575,0.234482522,0.18801189,0.178932348,0.07299164,110.0952174,62.60815835,45.88387254,-134749.4508,2236.207394,1103.390093
0.758125,0.19331514,0.042072804,-0.100664588,0.360100386,110.1343693,62.61281674,45.85270371,-134767.8674,2254.903971,1112.615363
0.75875,0.30746789,-0.027059406,0.022662675,0.442147948,110.1735212,62.61079074,45.88029771,-134742.8856,2230.475139,1100.561682
0.759375,0.168861443,-0.056510235,0.035552368,0.27755941,110.2126732,62.60163616,45.87962025,-134743.1868,2231.291529,1100.964505
0.76,0.104845732,-0.130481652,-0.151521731,0.348634391,110.2518251,62.59558793,45.86164788,-134768.0929,2256.266215,1113.287522
0.760625,0.339742292,0.10125224,0.111210065,0.330459744,110.290977,62.59657968,45.88843661,-134748.1485,2236.860416,1103.712308
0.76125,0.253233164,-0.002391881,-0.00914433,0.366376458,110.3301289,62.57787072,45.87783949,-134761.7524,2250.660961,1110.521776
0.761875,0.156193301,-0.17486093,-0.1399136,0.445530602,110.3692809,62.57390754,45.87607063,-134746.7329,2236.288054,1103.429892
0.7625,0.307233779,-0.059141669,0.059997525,0.45776728,110.4084328,62.58324922,45.88728721,-134749.1878,2238.812165,1104.67534
0.763125,0.031595856,0.066406533,-0.063293381,0.164431805,110.4475847,62.60260601,45.8597835,-134756.1598,2246.196539,1108.31894
0.76375,0.044562178,0.099315297,0.081427911,0.068388193,110.4867367,62.61031574,45.86964442,-134761.3607,2251.184519,1110.78011
0.764375,-0.240037686,0.113502175,0.045241808,0.459384698,110.5258886,62.59196733,45.88325168,-134777.293,2267.001046,1118.584305
0.765,-0.369973085,-0.230007304,-0.1837137,0.237541735,110.5650405,62.56443978,45.88870032,-134757.0144,2246.660847,1108.548039
0.765625,-0.04302777,0.188417688,0.232759898,0.362756212,110.6041924,62.59911086,45.91994967,-134783.4171,2272.65329,1121.373237
0.76625,-0.190542106,-0.204632885,-0.181508888,0.028545899,110.6433444,62.58928122,45.88463743,-134758.3665,2247.426747,1108.925949
0.766875,-0.24004093,-0.16159498,-0.16736398,0.107093358,110.6824963,62.58420655,45.90164165,-134757.9924,2246.675318,1108.555179
0.7675,-0.012683917,0.120846992,0.26205222,0.33652543,110.7216482,62.58987676,45.94530987,-134761.2503,2249.475565,1109.936878
0.768125,-0.185026058,-0.101279478,-0.194392147,0.125583369,110.7608001,62.59008539,45.89711354,-134755.7627,2243.581752,1107.028751
0.76875,0.06173818,0.039245357,0.017021791,0.054766499,110.7999521,62.59647583,45.91109686,-134770.6895,2258.272866,1114.277645
0.769375,-0.026001868,0.127385497,0.130065916,0.218842459,110.839104,62.59011027,45.91773715,-134767.5197,2254.710555,1112.519928
0.77,-0.309624736,-0.070023939,-0.142498602,0.300985487,110.8782559,62.58072778,45.89229659,-134773.3039,2260.667549,1115.45923
0.770625,-0.176563755,-0.054673929,0.07403443,0.30695671,110.9174078,62.58240974,45.91013958,-134761.6138,2248.469257,1109.440345
0.77125,-0.291861752,0.128831008,0.025128973,0.536860904,110.9565598,62.59836495,45.89750811,-134762.8145,2249.296539,1109.848543
0.771875,-0.160481769,-0.152156934,-0.079827333,0.108655475,110.9957117,62.58835365,45.88616117,-134763.4928,2249.63224,1110.014184
0.7725,-0.110104487,0.004300137,0.047561457,0.199545759,111.0348636,62.58918634,45.89657908,-134754.3978,2240.394069,1105.455883
0.773125,0.072490416,0.230340371,0.133615157,0.194957968,111.0740156,62.60398303,45.90331418,-134791.4584,2277.095596,1123.565162
0.77375,0.023991751,-0.195965703,-0.0875944,0.269401355,111.1131675,62.56943227,45.88790024,-134789.5267,2275.195623,1122.627676
0.774375,0.044170118,0.212497764,0.04714047,0.235978928,111.1523194,62.60969531,45.8927454,-134785.2205,2270.825759,1120.471496
0.775,0.302646943,-0.043234161,0.081225255,0.429128708,111.1914713,62.57437982,45.9105861,-134749.9549,2236.194658,1103.383809
0.775625,-0.003992292,0.138705973,0.019151655,0.187594434,111.2306233,62.57699265,45.89764916,-134797.342,2283.193292,1126.573889
0.77625,0.088577612,-0.043282541,0.002215742,0.164059642,111.2697752,62.57248252,45.90318006,-134755.1643,2241.658539,1106.079798
0.776875,0.192389941,-0.067119683,-0.006001894,0.332325066,111.3089271,62.58115332,45.88603374,-134754.5961,2241.195591,1105.851371
0.7775,0.061058057,-0.002384635,-0.11729842,0.221452446,111.348079,62.60215261,45.86243557,-134763.7989,2250.468956,1110.427037
0.778125,0.245559194,-0.021894571,0.038478906,0.343596738,111.387231,62.58825479,45.87366362,-134762.0895,2248.8302,1109.618442
0.77875,0.101309289,0.060004179,-0.03058787,0.165257048,111.4263829,62.60618927,45.86415178,-134753.6678,2240.614918,1105.564855
0.779375,0.217960974,-0.015002654,0.062452933,0.290609998,111.4655348,62.60524994,45.87246147,-134760.2745,2247.191711,1108.809978
0.78,0.015984347,-0.064394626,-0.141933907,0.193419995,111.5046867,62.59201858,45.86913701,-134782.619,2269.242133,1119.690104
0.780625,0.212011198,0.06510366,0.177694705,0.188245026,111.5438387,62.57952151,45.8982387,-134755.8789,2242.490361,1106.490237
0.78125,0.006506618,-0.042974279,-0.137768457,0.179581717,111.5829906,62.59834581,45.87377512,-134741.6484,2228.478086,1099.576295
0.781875,0.110099042,0.079697959,-0.013296436,0.157475799,111.6221425,62.58492757,45.89172742,-134765.4948,2251.964087,1111.164765
0.7825,0.15035097,0.031055947,0.133851344,0.158336457,111.6612944,62.58799606,45.90292965,-134769.2801,2255.513385,1112.916061
0.783125,-0.067714539,0.064596208,-0.061573878,0.182928215,111.7004464,62.60717683,45.87934711,-134793.0587,2278.909973,1124.460412
0.78375,0.019217437,-0.171923494,-0.029640652,0.243241394,111.7395983,62.5801276,45.89593157,-134776.1487,2261.820795,1116.028265
0.784375,0.005179374,0.12010437,0.042637332,0.143568783,111.7787502,62.62181451,45.8827755,-134766.3501,2251.876154,1111.121377
0.785,-0.265491185,-0.028326619,-0.059896616,0.315456531,111.8179022,62.59403636,45.8888507,-134768.8537,2253.856666,1112.098602
0.785625,-0.260228254,-0.132804555,0.00801359,0.328664322,111.8570541,62.56629386,45.91893017,-134759.3286,2244.129218,1107.298882
0.78625,-0.351969226,0.119559909,-0.037940173,0.588013814,111.896206,62.61458991,45.89009375,-134762.0994,2246.406651,1108.422613
0.786875,-0.185153146,0.13239278,0.04020115,0.400149059,111.9353579,62.60036126,45.89319522,-134775.1322,2258.691267,1114.484092
0.7875,-0.153568064,-0.060255777,0.000405078,0.189985922,111.9745099,62.58178421,45.89647761,-134768.3002,2251.716723,1111.042711
0.788125,-0.154220411,0.25978101,0.024308728,0.508642336,112.0136618,62.61396705,45.89149632,-134763.6335,2246.833784,1108.63337
0.78875,-0.056984464,-0.088032363,-0.019037398,0.084641935,112.0528137,62.58319747,45.9014964,-134754.5172,2237.665589,1104.109596
0.789375,-0.114635778,-0.003477181,-0.093833723,0.144752423,112.0919656,62.59568489,45.89625501,-134768.1333,2251.079562,1110.728323
0.79,0.011248995,0.079182213,0.125674882,0.140960186,112.1311176,62.59295759,45.91659491,-134772.4643,2255.086144,1112.705251
0.790625,-0.097954457,-0.243029892,-0.078268825,0.220410106,112.1702695,62.56107415,45.90269921,-134759.9431,2242.547853,1106.518604
0.79125,-0.071537202,0.161089206,0.09551034,0.293803531,112.2094214,62.61294662,45.89934139,-134761.3529,2243.911976,1107.19169
0.791875,-0.062640837,-0.1014402,-0.113736011,0.065324531,112.2485733,62.5859227,45.87362274,-134753.2554,2235.762491,1103.170569
0.7925,0.138236292,-0.081444765,-0.028673925,0.280897755,112.2877253,62.60084214,45.87450063,-134756.8473,2239.1805,1104.857084
0.793125,0.173202194,-0.010804909,-0.068045678,0.308764725,112.3268772,62.59599159,45.86632544,-134766.1957,2248.676044,1109.542378
0.79375,-0.022140922,-0.07000911,-0.075775901,0.072120249,112.3660291,62.57954987,45.88560416,-134770.3785,2252.810486,1111.582395
0.794375,0.203865529,-0.04178047,0.019801273,0.313071746,112.4051811,62.57806262,45.89586903,-134776.8666,2259.396017,1114.83183
0.795,0.237275584,0.19663976,0.0396402,0.255655779,112.444333,62.61028099,45.8659975,-134758.7432,2241.417466,1105.960848
0.795625,0.266759923,0.047981895,-0.00849877,0.356119698,112.4834849,62.58745012,45.88764125,-134759.7245,2242.467216,1106.478816
0.79625,0.234864159,-0.022985966,0.119682126,0.316398123,112.5226368,62.58564844,45.90944465,-134759.1346,2242.082076,1106.28878
0.796875,0.036123116,-0.161329285,-0.228564516,0.336997877,112.5617888,62.57929678,45.86613481,-134763.3771,2246.542527,1108.489657
0.7975,0.233529548,0.022225919,-0.008323823,0.322607445,112.6009407,62.58666542,45.87613044,-134763.191,2246.595485,1108.515788
0.798125,0.341489504,0.006782749,0.085242005,0.428774121,112.6400926,62.59411193,45.88369028,-134769.8158,2253.221596,1111.785246
0.79875,-0.109887788,-0.063574097,-0.157908015,0.115541284,112.6792445,62.58519274,45.87385487,-134774.0115,2257.95403,1114.120324
0.799375,-0.001183127,0.159245791,0.17015333,0.234973602,112.7183965,62.59439218,45.91181773,-134764.2662,2248.452307,1109.431982
0.8,0.032769088,-0.041624226,0.003290759,0.091764334,112.7575484,62.58780787,45.90268838,-134759.241,2243.427446,1106.952613
0.800625,-0.014885137,-0.078625366,-0.056700286,0.079322334,112.7967003,62.59197812,45.89111898,-134754.9813,2239.520089,1105.024644
0.80125,-0.153591846,0.023675858,-0.032125622,0.222017314,112.8358522,62.57961697,45.90283144,-134755.7459,2240.245012,1105.382336
0.801875,-0.204663927,0.009492853,0.087714134,0.370764921,112.8750042,62.57052638,45.91542665,-134759.2929,2243.244561,1106.862374
0.8025,-0.319027541,0.09892027,-0.024912624,0.525850304,112.9141561,62.58420723,45.89987152,-134781.4287,2265.194563,1117.69295
0.803125,-0.168484466,-0.143673859,0.038588452,0.276973482,112.953308,62.57301097,45.91767216,-134766.7832,2250.414267,1110.400053
0.80375,-0.339542237,-0.024668179,-0.087515548,0.408182454,112.99246,62.60281337,45.90675494,-134773.9989,2257.141971,1113.719638
0.804375,-0.130617749,-0.097329598,-0.017484372,0.142416719,113.0316119,62.59349117,45.90475198,-134767.581,2250.600345,1110.491867
0.805,-0.149264972,0.019003143,-0.026564159,0.213180738,113.0707638,62.59794881,45.90511313,-134768.3691,2250.94085,1110.659879
0.805625,-0.113523591,-0.132606985,-0.055038131,0.099003294,113.1099157,62.58245489,45.9041198,-134754.7523,2237.472304,1104.014226
0.80625,-0.277947678,0.210795135,0.065813631,0.614866662,113.1490677,62.62231178,45.90939383,-134757.1162,2239.358182,1104.944756
0.806875,-0.273132331,-0.264139939,-0.082216842,0.263866633,113.1882196,62.5514261,45.90511131,-134768.2564,2250.011817,1110.201476
0.8075,-0.200082795,-0.038200308,-0.065614679,0.212224319,113.2273715,62.59371731,45.88789559,-134764.8797,2246.370458,1108.404755
0.808125,-0.070142308,0.125390373,0.065553767,0.245411641,113.2665234,62.61210394,45.89826801,-134752.8793,2234.314555,1102.456128
0.80875,-0.013510803,-0.241833127,-0.087141478,0.285450637,113.3056754,62.56804853,45.89236311,-134769.9124,2250.902167,1110.640792
0.809375,-0.064786709,0.032359777,-0.073349669,0.14382368,113.3448273,62.60245441,45.87822698,-134768.2719,2249.390955,1109.895129
0.81,0.3006442,0.058972034,0.2202758,0.301468773,113.3839792,62.58652167,45.89518243,-134777.3472,2258.467315,1114.37359
0.810625,0.175492419,0.040629181,-0.005985285,0.230857442,113.4231311,62.61982759,45.87155442,-134764.0416,2245.149087,1107.802106
0.81125,0.066868666,-0.123988647,-0.133843476,0.277144358,113.4622831,62.60285922,45.85263467,-134764.9398,2246.437522,1108.437846
0.811875,0.145775944,0.030919396,0.0888554,0.140671801,113.501435,62.59014745,45.88313753,-134765.2712,2246.70688,1108.570752
0.8125,0.233508637,0.0698633,0.042934578,0.252632983,113.5405869,62.61386072,45.86945472,-134761.1691,2242.945858,1106.714988
0.813125,0.266928871,-0.147750323,-0.08368767,0.546804185,113.5797388,62.6025937,45.86039031,-134769.1577,2250.89724,1110.638361
0.81375,0.14696336,-0.023546072,-0.016305746,0.236183593,113.6188908,62.59120959,45.87747849,-134780.7003,2262.926156,1116.573672
0.814375,0.295084979,0.0663556,0.149376839,0.283620375,113.6580427,62.58566181,45.8912579,-134770.5416,2253.110526,1111.730441
0.815,0.27532903,-0.112920227,-0.112144293,0.548519521,113.6971946,62.57450834,45.86563846,-134761.7316,2244.577582,1107.520113
0.815625,-0.01712762,-0.186471246,-0.179000863,0.234384336,113.7363466,62.57135817,45.87225698,-134749.3114,2232.533159,1101.577151
0.81625,0.343296435,0.029412471,0.160810171,0.3861214,113.7754985,62.58809577,45.90065016,-134770.9485,2254.602965,1112.466841
0.816875,-0.005522097,0.080834266,-0.098076649,0.219164053,113.8146504,62.60462159,45.87427321,-134761.5146,2245.289706,1107.87149
0.8175,0.095482055,0.008528762,0.14526417,0.169516093,113.8538023,62.58485068,45.90911044,-134780.7678,2264.706063,1117.451915
0.818125,0.140313998,-0.024837899,-0.020057441,0.230254208,113.8929543,62.60613285,45.87910142,-134760.7504,2245.036959,1107.746779
0.81875,-0.165321934,-0.043375471,-0.229920102,0.232040433,113.9321062,62.60491556,45.84602685,-134770.0543,2254.106445,1112.221848
0.819375,0.073779688,-0.129535056,0.149275244,0.353230304,113.9712581,62.56376829,45.91005607,-134758.7598,2242.7239,1106.605469
0.82,-0.175814853,-0.059657961,-0.138861252,0.145365586,114.01041,62.58850539,45.88777185,-134764.581,2248.2638,1109.338968
0.820625,-0.099006758,0.008554665,0.010262233,0.153336519,114.049562,62.58899054,45.90569863,-134772.69,2255.760924,1113.038202
0.82125,0.068327333,0.011129627,0.108218309,0.119536939,114.0887139,62.58746682,45.9153606,-134766.5135,2249.509789,1109.953764
0.821875,-0.281748388,0.026416897,-0.171977951,0.382591044,114.1278658,62.59840944,45.8815535,-134770.0417,2252.909611,1111.631306
0.8225,-0.236453422,0.225070958,0.157074669,0.610321725,114.1670177,62.61184844,45.93347164,-134780.9843,2263.290593,1116.753493
0.823125,-0.213104347,-0.12908109,-0.092584205,0.151383735,114.2061697,62.58740083,45.9180878,-134752.8143,2234.864093,1102.727281
0.82375,-0.116852995,-0.131315067,-0.173723641,0.07240103,114.2453216,62.58691756,45.88487056,-134774.606,2256.349359,1113.328547
0.824375,0.107941919,0.224487661,0.201739077,0.151321892,114.2844735,62.60297191,45.90935902,-134761.7311,2243.360768,1106.919713
0.825,-0.235995362,-0.163889364,-0.182342999,0.091751771,114.3236255,62.57421336,45.89300699,-134766.5002,2247.776749,1109.098647
0.825625,-0.184894998,-0.271041133,-0.087430584,0.225018449,114.3627774,62.57245271,45.9118574,-134760.5362,2241.931283,1106.214376
0.82625,-0.162151767,0.229833298,0.096971465,0.488312818,114.4019293,62.61105896,45.91064521,-134761.907,2243.017229,1106.750204
0.826875,-0.205907392,-0.145548686,-0.057143622,0.183273805,114.4410812,62.58358565,45.90140558,-134766.951,2247.97967,1109.198773
0.8275,-0.191066153,0.013650088,0.040557457,0.3102938,114.4802332,62.59246603,45.90693835,-134787.6651,2268.296056,1119.22329
0.828125,-0.161350973,0.023810949,-0.03603034,0.231454484,114.5193851,62.60366442,45.8947614,-134747.7274,2228.403945,1099.539713
0.82875,-0.010030775,-0.00248112,0.004420248,0.017704753,114.558537,62.58637822,45.89646471,-134758.9841,2239.70559,1105.116174
0.829375,0.124043821,0.007875979,0.061662841,0.142405691,114.5976889,62.57912424,45.8975894,-134777.3095,2257.6334,1113.962119
0.83,0.199172546,-0.144756227,-0.149192206,0.489555593,114.6368409,62.58436819,45.87457116,-134769.3248,2249.963124,1110.177449
0.830625,0.201046519,0.086496884,0.070213534,0.174654047,114.6759928,62.59861826,45.89495194,-134761.41,2241.982786,1106.239789
0.83125,0.139768846,-0.034945429,0.103756843,0.22596518,114.7151447,62.5769297,45.89943416,-134773.3723,2254.068549,1112.203149
0.831875,0.036444731,0.005482193,-0.055662071,0.114808374,114.7542966,62.5939584,45.88577804,-134779.898,2261.176031,1115.710125
0.8325,0.242991944,0.051245432,0.132598543,0.235736626,114.7934486,62.58887881,45.89166576,-134786.8123,2268.044685,1119.099258
0.833125,0.183164211,-0.051111159,-0.098724973,0.369612684,114.8326005,62.57719922,45.87457647,-134762.7086,2244.15957,1107.313858
0.83375,0.163539584,0.080906862,0.036612594,0.157799269,114.8717524,62.58205229,45.87338641,-134775.5407,2257.180531,1113.738664
0.834375,0.245549268,-0.021466176,0.048151397,0.339278313,114.9109043,62.57822051,45.87755045,-134745.1008,2227.155194,1098.923554
0.835,0.214155667,0.019204765,-0.076046109,0.362347421,114.9500563,62.60385377,45.86485242,-134767.8685,2250.137513,1110.263496
0.835625,0.242814367,-0.079363978,-0.021575743,0.420761805,114.9892082,62.59429345,45.87589962,-134766.7409,2248.94943,1109.677272
0.83625,0.055429167,-0.004156169,-0.022077969,0.099392953,115.0283601,62.60225246,45.88182917,-134758.0094,2240.834647,1105.673274
0.836875,0.005137987,-0.158349107,-0.123409157,0.210886695,115.0675121,62.58371208,45.88288736,-134767.702,2250.575556,1110.479636
0.8375,0.010415447,-0.012423049,0.087493195,0.128241304,115.106664,62.58361696,45.91270095,-134758.9341,2241.774046,1106.136792
0.838125,-0.003663033,0.104425736,0.071252497,0.13563179,115.1458159,62.58538398,45.89872478,-134759.5197,2242.485102,1106.487641
0.83875,0.028213864,-0.058320018,0.000916157,0.108361441,115.1849678,62.59028517,45.87473278,-134765.2766,2248.118014,1109.267035
0.839375,0.201775738,0.127145889,0.088994292,0.140516238,115.2241198,62.60865819,45.87419581,-134759.1282,2242.166258,1106.330317
0.84,0.074432041,0.023698515,0.018164782,0.075963921,115.2632717,62.6058239,45.88198759,-134757.5957,2240.820948,1105.666514
0.840625,0.010292322,-0.04160934,-0.033728069,0.068510523,115.3024236,62.60642404,45.88663922,-134779.2012,2262.231231,1116.230782
0.84125,-0.017761402,0.096844618,0.073973026,0.148569361,115.3415755,62.62102993,45.89210988,-134772.4124,2255.264664,1112.793337
0.841875,-0.162418229,0.038817787,-0.004181962,0.259583568,115.3807275,62.59543004,45.89760552,-134775.4793,2258.073561,1114.179304
0.8425,-0.396259582,-0.070957141,-0.047188477,0.477741838,115.4198794,62.58779783,45.92039671,-134754.4423,2236.830747,1103.697668
0.843125,-0.337626673,0.127216275,-0.010179667,0.584959959,115.4590313,62.60813542,45.90814688,-134766.0856,2248.291092,1109.352435
0.84375,-0.299669769,-0.109271095,-0.085918853,0.287204521,115.4981832,62.58481241,45.90412108,-134788.7452,2270.197375,1120.161439
0.844375,-0.161925574,0.084368425,0.040319137,0.321720372,115.5373352,62.58508747,45.90244872,-134783.4755,2264.672867,1117.435535
0.845,-0.056972247,0.170550603,0.079015996,0.280424738,115.5764871,62.59977464,45.90721969,-134760.5007,2241.435164,1105.969581
0.845625,0.01376303,-0.393262473,-0.078719538,0.52264715,115.615639,62.55132469,45.90643136,-134747.4032,2228.538778,1099.606242
0.84625,-0.050807394,0.106278141,-0.098727144,0.262677244,115.654791,62.61253104,45.86383937,-134771.0027,2251.515996,1110.943668
0.846875,0.018323821,0.292842471,0.201284223,0.342371013,115.6939429,62.62217468,45.89886503,-134775.7818,2256.086802,1113.198996
0.8475,-0.013295503,-0.360957341,-0.073481198,0.455119329,115.7330948,62.55523742,45.90175049,-134771.1862,2251.440242,1110.906289
0.848125,-0.039065747,0.200340241,0.044595575,0.297608544,115.7722467,62.63707236,45.88519854,-134777.8774,2257.903085,1114.095187
0.84875,-0.04528944,-0.021031109,0.054677654,0.127725108,115.8113987,62.59565668,45.91164015,-134765.5568,2245.460527,1107.955777
0.849375,0.048772445,-0.173064697,-0.089274527,0.274389279,115.8505506,62.57649102,45.901143,-134782.9772,2262.542896,1116.384564
0.85,0.206204623,0.062116648,0.043937448,0.217766994,115.8897025,62.60730851,45.8923914,-134758.8735,2238.76743,1104.653267
0.850625,0.27081519,0.121982391,0.08909429,0.237182028,115.9288544,62.60072164,45.89219879,-134768.1334,2248.016408,1109.2169
0.85125,0.141867036,-0.120456205,-0.138836227,0.38463701,115.9680064,62.59023576,45.87120934,-134754.4099,2234.785784,1102.688642
0.851875,0.241575031,0.094411673,0.117946797,0.193635989,116.0071583,62.60217515,45.8896533,-134764.1426,2244.725241,1107.592971
0.8525,0.165009356,0.078652343,0.039071372,0.157748416,116.0463102,62.58927749,45.89389301,-134763.3647,2244.047989,1107.258802
0.853125,0.047335628,-0.164622955,-0.103552247,0.267251237,116.0854621,62.58055561,45.88219364,-134747.5833,2229.046325,1099.856676
0.85375,0.10227629,0.075768198,0.052719858,0.06074327,116.1246141,62.59430257,45.89179182,-134755.1341,2236.69406,1103.630224
0.854375,0.094430106,0.040464276,0.061570219,0.066614893,116.163766,62.59198708,45.87812579,-134756.108,2237.927835,1104.238993
0.855,-0.061669882,0.021592934,-0.080635459,0.13320298,116.2029179,62.59529946,45.88231805,-134756.1167,2238.270748,1104.408194
0.855625,-0.071324695,-0.12052884,-0.006678946,0.139863931,116.2420699,62.5678172,45.91594092,-134775.0095,2257.239292,1113.767658
0.85625,-0.152350855,0.022648896,-0.069067503,0.214412984,116.2812218,62.59355995,45.89226369,-134785.9928,2268.079762,1119.116566
0.856875,-0.097758665,0.114834765,0.017690487,0.260694235,116.3203737,62.6033466,45.90584215,-134761.0608,2243.013294,1106.748262
0.8575,0.006730598,-0.02254953,0.10580071,0.164760424,116.3595256,62.58571314,45.91207072,-134763.8144,2245.648071,1108.048314
0.858125,-0.147035461,0.169441663,0.042041295,0.390049539,116.3986776,62.63042564,45.90007454,-134779.9673,2261.793728,1116.014909
0.85875,-0.239724776,-0.11724996,-0.015507085,0.275000484,116.4378295,62.5824355,45.91369599,-134775.5888,2257.185348,1113.741041
0.859375,-0.045433065,0.028515477,0.1144792,0.196035918,116.4769814,62.59773575,45.91358311,-134762.2532,2243.618715,1107.046989
0.86,-0.035357707,0.054603358,0.003686103,0.110498774,116.5161333,62.61034456,45.88034169,-134776.5474,2257.801883,1114.045252
0.860625,-0.053171391,-0.142494298,-0.128150973,0.117500002,116.5552853,62.58374703,45.87537665,-134763.9932,2245.169366,1107.812112
0.86125,-0.035069567,0.162855361,0.175963808,0.289622502,116.5944372,62.59129914,45.90326775,-134760.0902,2241.419814,1105.962007
0.861875,-0.224982419,-0.098597101,-0.209951171,0.16911214,116.6335891,62.60160098,45.87138955,-134761.4024,2242.814959,1106.6504
0.8625,0.086305169,-0.105878553,0.05756733,0.253919285,116.672741,62.58438451,45.89080117,-134765.9835,2246.989316,1108.710112
0.863125,-0.044156523,0.151466911,0.105862839,0.250707136,116.711893,62.63046075,45.89584381,-134756.1978,2237.350358,1103.954055
0.86375,-0.160004987,-0.297098401,-0.25624928,0.17241293,116.7510449,62.57437171,45.87374372,-134774.6452,2255.538775,1112.928589
0.864375,-0.014008606,0.083887137,0.153159443,0.205736203,116.7901968,62.60220114,45.91203074,-134774.1717,2254.906516,1112.616619
0.865,0.097713407,0.047314206,0.036898562,0.079668127,116.8293487,62.59685796,45.89482725,-134761.3114,2242.285366,1106.389088
0.865625,-0.075036815,-0.251450987,-0.244679155,0.244839419,116.8685007,62.58969938,45.8741381,-134758.5714,2239.877254,1105.200876
0.86625,0.242106096,0.019711905,0.059551908,0.290469333,116.9076526,62.59269626,45.88020253,-134785.0826,2266.530682,1118.352219
0.866875,0.254960106,0.117947887,0.069270756,0.235843901,116.9468045,62.61995843,45.88051601,-134758.0022,2240.156901,1105.33886
0.8675,0.050819946,-0.117747494,-0.104338643,0.229497205,116.9859565,62.58688116,45.87005227,-134776.1181,2258.656543,1114.466958
0.868125,0.204870396,0.051289734,0.17105326,0.197671244,117.0251084,62.57861563,45.89981449,-134767.5714,2250.234401,1110.311303
0.86875,0.206685979,0.128156468,0.059440529,0.180471569,117.0642603,62.6040358,45.87212549,-134769.8931,2252.673995,1111.515048
0.869375,-0.07195312,-0.273211006,-0.245344967,0.267106693,117.1034122,62.56834908,45.86964818,-134739.7668,2223.167335,1096.955863
0.87,0.134892964,0.221647003,0.202685514,0.11172122,117.1425642,62.60407903,45.90440308,-134770.6657,2253.950027,1112.144668
0.870625,0.087390099,-0.029827904,-0.149123986,0.28967314,117.1817161,62.6078645,45.86757113,-134760.4925,2243.8866,1107.179169
0.87125,0.129975682,-0.133565749,-0.036846807,0.326555329,117.220868,62.568223,45.88257312,-134776.5549,2260.120667,1115.189387
0.871875,0.209790725,0.299096041,0.252990923,0.109395514,117.2600199,62.61545566,45.89682808,-134768.3314,2252.045143,1111.20476
0.8725,-0.11219348,-0.250525336,-0.340889141,0.282140081,117.2991719,62.5853779,45.8562379,-134758.356,2242.366699,1106.429219
0.873125,-0.024925435,-0.118011247,-0.013973184,0.140031564,117.3383238,62.57365161,45.9023636,-134766.2599,2250.227181,1110.30774
0.87375,0.015645861,0.118759266,0.041622182,0.131366941,117.3774757,62.60225587,45.89670582,-134774.867,2258.751062,1114.513596
0.874375,-0.091442459,-0.043553942,0.024784615,0.143081101,117.4166276,62.5759464,45.90462105,-134753.419,2237.190601,1103.875227
0.875,0.033007311,0.119015008,0.149469249,0.147946503,117.4557796,62.58408332,45.91371553,-134783.0712,2266.661502,1118.416768
0.875625,-0.152031639,0.110556111,-0.029320678,0.321831979,117.4949315,62.59247159,45.88818175,-134771.4393,2254.968707,1112.647306
0.87625,-0.092284724,-0.079720092,0.063300502,0.211706219,117.5340834,62.57459975,45.91177309,-134771.9064,2255.124365,1112.72411
0.876875,-0.185692382,-0.139224235,-0.160410201,0.056985284,117.5732354,62.59152549,45.88174077,-134773.7347,2257.006815,1113.652949
0.8775,-0.053015377,0.108149945,0.023700744,0.197462126,117.6123873,62.61380104,45.90008546,-134757.6067,2241.005406,1105.757529
0.878125,0.030773201,-0.052212873,0.127710587,0.220581044,117.6515392,62.57056441,45.9196161,-134772.7026,2256.039213,1113.175515
0.87875,-0.18882512,-0.023525541,-0.207447749,0.247988169,117.6906911,62.60094246,45.88728058,-134762.7625,2246.193722,1108.31755
0.879375,-0.09339776,-0.070383012,0.007927421,0.13011147,117.7298431,62.5960235,45.91213667,-134739.7399,2223.083828,1096.914659
0.88,-0.091495475,0.056061379,0.003694969,0.183238879,117.768995,62.58891561,45.89779147,-134774.3397,2257.52386,1113.90807
0.880625,-0.162850384,-0.036932895,-0.010378828,0.199519192,117.8081469,62.58517307,45.90969426,-134761.4423,2244.520496,1107.491946
0.88125,-0.196311048,-0.099806292,-0.018496594,0.218042233,117.8472988,62.5729323,45.9055646,-134781.2162,2264.273481,1117.23847
0.881875,-0.178590398,0.121730339,-0.064375271,0.371312454,117.8864508,62.61041489,45.88576452,-134768.0164,2251.139388,1110.757842
0.8825,-0.086376576,0.021526018,0.095180641,0.223676097,117.9256027,62.56856009,45.90658117,-134778.4014,2261.242392,1115.742869
0.883125,-0.003563263,-0.004308798,0.026107309,0.042497509,117.9647546,62.59766028,45.90455281,-134770.1971,2253.187067,1111.768208
0.88375,-0.037622804,-0.153894728,-0.209281781,0.214601235,118.0039065,62.58976257,45.87361823,-134772.914,2255.81132,1113.063068
0.884375,0.242569808,0.173356953,0.292008495,0.145989012,118.0430585,62.58604444,45.92450443,-134759.3752,2242.43127,1106.46108
0.885,-0.071649607,0.003943381,-0.137292057,0.173120421,118.0822104,62.59163621,45.86456033,-134761.1935,2244.451753,1107.458027
0.885625,0.121639578,-0.037028964,0.050901323,0.194708351,118.1213623,62.58155325,45.88612297,-134757.4789,2240.235667,1105.377725
0.88625,0.209352001,0.062472344,0.233726848,0.226927018,118.1605143,62.5717299,45.90821421,-134769.6798,2252.647403,1111.501927
0.886875,-0.054398854,-0.10971146,-0.242076969,0.236226982,118.1996662,62.59053973,45.8528223,-134785.8078,2269.072424,1119.606366
0.8875,0.275939994,0.159876017,0.223647727,0.142380332,118.2388181,62.60746687,45.88928325,-134771.9609,2255.40155,1112.860879
0.888125,0.183967912,0.062376476,0.025402687,0.203210406,118.27797,62.61134611,45.87517328,-134775.3527,2258.81529,1114.545287
0.88875,0.119051269,-0.20074408,-0.148803478,0.420372522,118.317122,62.58918979,45.87235555,-134756.7244,2240.94332,1105.726895
0.889375,0.261176799,0.069857013,0.129397696,0.239820945,118.3562739,62.5922266,45.89671188,-134764.9504,2248.99041,1109.697492
0.89,0.092286023,0.07705138,0.011196526,0.105567337,118.3954258,62.59865801,45.88154654,-134762.6793,2247.006411,1108.718547
0.890625,0.177085113,-0.100139814,-0.065978209,0.370270784,118.4345777,62.58114898,45.86023383,-134771.2869,2255.83507,1113.074787
0.89125,0.116790058,-0.074942054,-0.039108339,0.249698955,118.4737297,62.59129608,45.87472257,-134760.7107,2245.440296,1107.945794
0.891875,0.243349476,-0.10162434,0.019437845,0.428718328,118.5128816,62.5807054,45.87506347,-134766.8379,2251.642287,1111.005982
0.8925,0.230104155,0.179512165,0.103062728,0.15666394,118.5520335,62.62854817,45.87903985,-134778.5452,2263.33846,1116.777111
0.893125,-0.129775229,-0.009450758,-0.023784535,0.160989015,118.5911854,62.58308931,45.88763769,-134759.8643,2244.952736,1107.705222
0.89375,-0.066648621,-0.030346102,0.031523784,0.121587732,118.6303374,62.59005128,45.9062928,-134769.323,2254.371753,1112.352756
0.894375,-0.269733103,-0.114320094,-0.187339016,0.190456694,118.6694893,62.58877761,45.88441497,-134768.361,2253.449359,1111.897628
0.895,-0.011126324,0.023976964,0.167308794,0.231549877,118.7086412,62.59162364,45.92986586,-134766.9844,2251.914665,1111.140379
0.895625,-0.02951452,0.146644269,-0.029195378,0.248900789,118.7477931,62.62207511,45.88376615,-134760.3304,2244.93395,1107.695953
0.89625,-0.193979633,-0.113043249,-0.142415901,0.100360697,118.7869451,62.57527875,45.87652392,-134748.206,2232.694001,1101.656514
0.896875,-0.053763972,-0.019545847,0.124538978,0.231782784,118.826097,62.56543134,45.92788599,-134758.3826,2242.564258,1106.526699
0.8975,-0.095557559,0.087626625,-0.012720857,0.224695308,118.8652489,62.59779048,45.88858747,-134767.1415,2251.213625,1110.794472
0.898125,-0.231740443,0.082414023,0.009016813,0.402547184,118.9044009,62.60642333,45.90077289,-134753.9901,2237.682223,1104.117804
0.89875,-0.35403825,-0.114225939,0.001980946,0.444706254,118.9435528,62.55274528,45.92980654,-134742.7613,2226.35399,1098.528224
0.899375,-0.265543579,-0.048153277,-0.180582479,0.268355036,118.9827047,62.58599196,45.88146776,-134790.8529,2273.69902,1121.889222
0.9,0.050319364,0.107914968,0.132650295,0.103476916,119.0218566,62.5944636,45.90615436,-134783.8027,2266.354416,1118.265245
0.900625,0.13489675,-0.025473255,0.081680615,0.200081102,119.0610086,62.57298544,45.8956335,-134768.8607,2251.270315,1110.822444
0.90125,-0.035062944,0.073383684,-0.148789567,0.272131161,119.1001605,62.62224318,45.86640936,-134761.9646,2244.391105,1107.428102
0.901875,0.128807709,-0.098318406,0.114152314,0.311359695,119.1393124,62.56950724,45.91240762,-134775.1036,2257.366146,1113.83025
0.9025,-0.036106259,-0.157759845,-0.147087177,0.165015953,119.1784643,62.57035142,45.88567909,-134754.4073,2236.521266,1103.544964
0.903125,0.065440404,0.180280677,0.042745183,0.180608343,119.2176163,62.60409208,45.8888671,-134764.4188,2246.274176,1108.357247
0.90375,0.121150316,0.02357432,0.149830385,0.162124074,119.2567682,62.57288693,45.91031552,-134761.1298,2242.655273,1106.571607
0.904375,0.015470186,-0.088510391,-0.140639521,0.194678317,119.2959201,62.57803135,45.87956986,-134763.8574,2245.552102,1108.000961
0.905,0.242658733,0.241509052,0.154714487,0.123567021,119.335072,62.6120466,45.89142817,-134766.9697,2248.93755,1109.67141
0.905625,0.183432633,-0.139845586,-0.091645702,0.427200335,119.374224,62.58848364,45.87355303,-134780.1459,2262.183314,1116.207139
0.90625,0.286706213,-0.209339655,-0.121891238,0.648583538,119.4133759,62.58038272,45.86111086,-134771.3182,2253.407765,1111.877105
0.906875,0.284251092,0.270331249,0.148164109,0.183407304,119.4525278,62.61439565,45.87865945,-134766.1583,2248.8893,1109.647603
0.9075,0.017888516,-0.211608672,-0.120141995,0.282997411,119.4916798,62.55631713,45.89049554,-134761.4951,2244.079625,1107.274412
0.908125,0.083704392,0.021539166,0.031463883,0.081805172,119.5308317,62.57621984,45.90213187,-134745.2849,2228.19858,1099.438382
0.90875,-0.014342169,0.180093306,0.062365157,0.239893904,119.5699836,62.60324972,45.89506841,-134762.7875,2245.406107,1107.928925
0.909375,-0.094356803,-0.238879519,-0.078003348,0.216876447,119.6091355,62.55458866,45.90493062,-134771.0579,2253.833863,1112.08735
0.91,0.000466543,0.122080003,-0.001427348,0.173342107,119.6482875,62.61604404,45.87747294,-134759.6009,2242.157326,1106.32591
0.910625,-0.113222872,0.06650698,-0.016343822,0.220346603,119.6874394,62.59608463,45.88121931,-134758.2186,2240.422109,1105.469719
0.91125,-0.005205807,-0.23075112,0.051746176,0.365949366,119.7265913,62.55901805,45.92059156,-134768.7537,2251.096853,1110.736854
0.911875,-0.204566628,0.021616809,-0.17224335,0.299642292,119.7657432,62.60580901,45.87930514,-134769.3132,2251.407202,1110.889987
0.9125,0.089871398,0.061295582,0.188720877,0.163783401,119.8048952,62.5956376,45.91562569,-134760.7259,2242.578528,1106.53374
0.913125,-0.208301123,-0.06037919,-0.050184514,0.216761831,119.8440471,62.57921406,45.89697125,-134769.935,2251.762591,1111.065343
0.91375,-0.199968845,-0.027899278,-0.083095048,0.215206861,119.883199,62.5952295,45.89545721,-134769.9107,2251.213695,1110.794507
0.914375,-0.105718305,0.07059687,0.116796119,0.287635325,119.9223509,62.57186956,45.91716962,-134764.9548,2246.171795,1108.306731
0.915,-0.145218798,-0.100455467,-0.076385112,0.085564093,119.9615029,62.5937079,45.88982396,-134764.3889,2245.496004,1107.973282
0.915625,-0.030108722,-0.036845208,-0.100766691,0.095519029,120.0006548,62.60362272,45.86868917,-134773.3149,2254.072975,1112.205333
0.91625,0.075252197,0.210684424,0.207002473,0.18898037,120.0398067,62.60105784,45.89437868,-134783.0685,2263.560096,1116.886471
0.916875,-0.171035212,-0.029967044,-0.129642812,0.177619869,120.0789587,62.60540373,45.87099112,-134777.046,2257.69033,1113.99021
0.9175,-0.183466238,-0.09194471,-0.156073634,0.115061131,120.1181106,62.6012312,45.87631867,-134767.4995,2248.070141,1109.243413
0.918125,0.061941212,0.038917469,0.130677975,0.11693941,120.1572625,62.6022835,45.89957761,-134744.0209,2224.984238,1097.85236
0.91875,0.050666356,0.071780712,-0.057834595,0.17034788,120.1964144,62.61737332,45.86575894,-134758.613,2239.147804,1104.840951
0.919375,-0.006750628,-0.122222155,-0.05865417,0.141663474,120.2355664,62.59016125,45.8927384,-134746.6738,2227.627944,1099.156818
0.92,0.188114307,-0.07966124,0.065511532,0.328344816,120.2747183,62.57930557,45.90753409,-134763.9562,2244.936319,1107.697122
0.920625,0.086916628,-0.007222152,-0.066769281,0.189808664,120.3138702,62.61179122,45.87167501,-134771.4264,2252.463468,1111.41117
0.92125,0.107890212,-0.106324485,-0.045992535,0.270569363,120.3530221,62.57413889,45.88138503,-134771.1271,2252.247516,1111.304614
0.921875,0.118970775,-0.038777412,0.023977975,0.194541412,120.3921741,62.58437845,45.88621937,-134763.7669,2245.076224,1107.766154
0.9225,0.044530192,0.053583509,-0.060690003,0.155601051,120.431326,62.61366261,45.86852533,-134761.6322,2243.107074,1106.794535
0.923125,0.024260617,-0.038222022,-0.02122685,0.079132962,120.4704779,62.5683333,45.89049518,-134775.3144,2256.475806,1113.390939
0.92375,0.111557665,-0.003784107,0.04066967,0.142495511,120.5096298,62.59293374,45.88944915,-134769.6755,2251.080136,1110.728606
0.924375,6.82E-05,-0.003967386,-0.225939857,0.316808658,120.5487818,62.62311381,45.84976174,-134767.5015,2248.933193,1109.66926
0.925,0.127039025,0.00970457,0.149677074,0.1840439,120.5879337,62.57883922,45.90372642,-134745.0764,2226.476096,1098.588473
0.925625,-0.042323322,0.09812236,0.067710951,0.180990012,120.6270856,62.59535367,45.90085188,-134766.2835,2247.565807,1108.994565
0.92625,-0.042537544,-0.0633532,-0.128131002,0.109342101,120.6662375,62.60325139,45.87032594,-134758.2229,2239.51072,1105.020021
0.926875,0.034684427,-0.166918312,-0.005459137,0.261389049,120.7053895,62.56663136,45.89741402,-134752.1313,2233.125339,1101.869345
0.9275,0.307778394,0.161137855,0.204792864,0.184432174,120.7445414,62.60488307,45.90946546,-134781.8013,2262.442232,1116.334894
0.928125,-0.074057444,-0.157801625,-0.183609627,0.140288351,120.7836933,62.58991584,45.86602846,-134774.7575,2255.437641,1112.878687
0.92875,0.056555368,-0.050759867,0.031405878,0.137478239,120.8228453,62.59046444,45.90501684,-134758.9965,2239.610583,1105.069296
0.929375,-0.012350651,0.089629946,0.058075764,0.127888969,120.8619972,62.59176111,45.89862886,-134763.2023,2243.479214,1106.978157
0.93,-0.14453123,0.015450833,-0.0645539,0.195937213,120.9011491,62.59506254,45.89642125,-134769.7577,2249.770765,1110.082535
0.930625,-0.143999041,-0.135688534,-0.018920206,0.171314395,120.940301,62.58307381,45.91276347,-134766.9366,2246.665412,1108.550291
0.93125,-0.081368512,-0.021913362,-0.059422271,0.073644216,120.979453,62.60541729,45.89543173,-134763.1747,2242.701803,1106.594566
0.931875,-0.039046746,0.01836065,-0.012096562,0.070353133,121.0186049,62.61002739,45.89924108,-134779.7272,2258.743199,1114.509716
0.9325,0.024427432,-0.050697927,0.040184148,0.118960688,121.0577568,62.58646515,45.90502737,-134768.8341,2247.949349,1109.183812
0.933125,-0.078146037,0.189860891,0.065927396,0.328548898,121.0969087,62.61709102,45.88783897,-134772.8562,2251.797278,1111.082458
0.93375,-0.288132299,-0.225766477,-0.190716566,0.120862803,121.1360607,62.56578853,45.88986689,-134780.7255,2259.290061,1114.779549
0.934375,-0.097626082,0.026657407,0.124690641,0.272913221,121.1752126,62.57730821,45.92048384,-134754.1088,2232.826101,1101.721694
0.935,-0.207887945,0.1739629,0.003749323,0.468586238,121.2143645,62.60694382,45.89664208,-134764.3391,2242.650162,1106.569086
0.935625,-0.226775258,-0.312731857,-0.106938178,0.253180768,121.2535164,62.56398611,45.90695662,-134778.7456,2256.980307,1113.63987
0.93625,-0.032327257,0.229754506,0.163759196,0.333904371,121.2926684,62.62122594,45.91533193,-134781.9937,2259.661947,1114.963045
0.936875,0.05547456,-0.04405209,-0.011858079,0.124401337,121.3318203,62.58663229,45.89273342,-134763.3822,2241.096602,1105.802528
0.9375,0.046733046,-0.157137111,-0.132212667,0.272407484,121.3709722,62.5866117,45.87125877,-134749.4512,2227.322083,1099.0059
0.938125,0.07212467,0.087096008,-0.050586807,0.185037307,121.4101242,62.59502172,45.87466632,-134763.9042,2241.67115,1106.086021
0.93875,0.128074577,-0.045186572,0.106458087,0.231263489,121.4492761,62.56157283,45.89996513,-134770.274,2248.136273,1109.276044
0.939375,-0.086937437,0.045922843,-0.121285949,0.216311013,121.488428,62.60556452,45.86179587,-134778.5199,2256.671193,1113.487347
0.94,0.158848363,-0.018410001,0.096886992,0.22034776,121.5275799,62.59749417,45.88275684,-134772.5264,2250.730114,1110.555898
0.940625,0.160614669,0.147850009,0.158934021,0.016988716,121.5667319,62.59530816,45.88879636,-134785.3708,2263.459233,1116.836703
0.94125,0.079316961,-0.091415007,-0.133212916,0.2757996,121.6058838,62.60096376,45.86902796,-134758.5763,2237.314749,1103.936484
0.941875,0.143376819,0.053745219,0.055252708,0.125705829,121.6450357,62.588132,45.89183697,-134782.871,2261.386987,1115.814215
0.9425,0.093485373,0.047533767,0.050583232,0.062939996,121.6841876,62.58084367,45.8914498,-134769.4894,2248.441586,1109.426692
0.943125,0.236163587,0.106405762,0.004156938,0.284813975,121.7233396,62.59673194,45.87381414,-134787.7468,2266.806412,1118.488269
0.94375,0.364824701,0.059653533,0.069707314,0.424646667,121.7624915,62.60297518,45.87303664,-134769.7468,2249.272874,1109.836866
0.944375,0.068631345,-0.219559867,-0.221614904,0.409024795,121.8016434,62.57957389,45.85802858,-134770.8829,2250.555869,1110.469922
0.945,0.20911186,0.026664331,0.107138706,0.22396819,121.8407953,62.59446205,45.88926557,-134766.0233,2245.653372,1108.05093
0.945625,0.021226415,0.042840601,0.031435005,0.026485392,121.8799473,62.60570772,45.8781544,-134776.658,2256.300352,1113.304366
0.94625,-0.1219946,-0.061111147,-0.06515332,0.083391037,121.9190992,62.5868747,45.87693588,-134770.1517,2249.676242,1110.035896
0.946875,0.059248197,0.099868862,0.07388995,0.050391698,121.9582511,62.61324457,45.89568977,-134765.7993,2245.439591,1107.945446
0.9475,0.060363014,0.064652813,0.097387867,0.049606712,121.9974031,62.61018042,45.89409878,-134784.929,2264.200781,1117.202598
0.948125,-0.09196586,-0.094747752,-0.049047319,0.062755635,122.036555,62.60039099,45.90257476,-134749.2252,2228.731126,1099.701151
0.94875,-0.224478961,0.008632716,-0.121723186,0.286168595,122.0757069,62.58508233,45.89036002,-134780.58,2259.464351,1114.865547
0.949375,0.13955592,0.05606596,0.138120377,0.117070754,122.1148588,62.58412216,45.92024577,-134764.8855,2243.509892,1106.993294
0.95,-0.0116881,-0.057810627,-0.016080744,0.062353555,122.1540108,62.58161266,45.90229522,-134772.6579,2250.993779,1110.685995
0.950625,-0.264526185,-0.019383411,-0.046240398,0.329340192,122.1931627,62.59871954,45.89311282,-134792.8612,2270.826283,1120.471755
0.95125,-0.324413665,0.080225167,0.048502472,0.551185412,122.2323146,62.6108452,45.91637437,-134751.5102,2229.293639,1099.978706
0.951875,-0.409612901,-0.20322553,-0.150235277,0.335679111,122.2714665,62.57751301,45.89469374,-134779.4025,2256.444388,1113.375436
0.9525,-0.161791429,0.051409387,-0.003660619,0.271095272,122.3106185,62.59545828,45.9093081,-134784.2196,2260.509616,1115.381302
0.953125,-0.122226342,0.071313601,0.093157754,0.29038799,122.3497704,62.59085135,45.91332605,-134750.4239,2226.590144,1098.644747
0.95375,-0.118720308,-0.054414592,-0.061951071,0.086109058,122.3889223,62.59816777,45.89424302,-134778.9604,2254.671374,1112.500595
0.954375,-0.017548994,-0.075556915,-0.11639775,0.121671564,122.4280742,62.58718632,45.88305993,-134770.7484,2246.024036,1108.233823
0.955,0.070367037,0.064348204,0.030425361,0.052747732,122.4672262,62.59809026,45.88729551,-134738.2079,2213.775169,1092.321578
0.955625,-0.100360862,-0.002040729,-0.061723496,0.121333126,122.5063781,62.58692585,45.88828007,-134763.4908,2238.866947,1104.702371
0.95625,0.063562674,-0.070549432,0.060391009,0.187460704,122.54553,62.57591076,45.91079554,-134770.7277,2245.750891,1108.099048
0.956875,0.098454685,0.183193459,0.094527478,0.122709978,122.5846819,62.61240033,45.89729228,-134763.7789,2239.231046,1104.882024
0.9575,0.118517179,-0.039083238,-0.023780325,0.212886472,122.6238339,62.59577999,45.89427355,-134750.2219,2225.868197,1098.288524
0.958125,0.257527697,0.064992266,0.047925436,0.285121512,122.6629858,62.60395521,45.89437357,-134762.292,2238.226858,1104.386537
0.95875,-0.113011078,-0.15396569,-0.241749878,0.161111832,122.7021377,62.59141571,45.85916246,-134767.7187,2243.695104,1107.084681
0.959375,0.145400834,-0.035611036,0.069425586,0.222643723,122.7412897,62.59737657,45.88144808,-134761.9284,2238.124828,1104.336194
0.96,0.005120794,0.073529163,-0.030282613,0.129267131,122.7804416,62.60633742,45.87993253,-134761.921,2238.261569,1104.403665
0.960625,0.196889061,-0.125486382,0.002810249,0.397558218,122.8195935,62.56563448,45.88170078,-134771.7027,2248.486645,1109.448924
0.96125,0.284594299,0.090243812,0.061041198,0.297659022,122.8587454,62.59350361,45.87304508,-134793.2142,2269.951795,1120.040265
0.961875,0.083050127,0.074509775,0.065287712,0.021759766,122.8978974,62.60187713,45.88333372,-134765.6907,2242.971044,1106.727415
0.9625,0.112746268,-0.017239215,-0.002521772,0.174354667,122.9370493,62.60522603,45.89159443,-134783.7636,2260.808225,1115.528642
0.963125,-0.02455175,0.056200657,-0.035358498,0.122559439,122.9762012,62.59120474,45.89377367,-134771.9619,2249.2351,1109.818228
0.96375,-0.068980105,-0.101136515,-0.058749252,0.054179194,123.0153531,62.57488863,45.89639086,-134752.9649,2230.076903,1100.365184
0.964375,-0.042487176,0.111419116,0.033209316,0.188504319,123.0545051,62.60855228,45.89152739,-134784.0841,2261.002528,1115.624515
0.965,-0.174549253,0.004841158,-0.01481145,0.241004793,123.093657,62.58922823,45.90117407,-134787.2009,2263.816146,1117.012811
0.965625,-0.181682142,-0.17983416,-0.052843514,0.180912773,123.1328089,62.56894905,45.90625706,-134771.8506,2248.294388,1109.354061
0.96625,-0.145179206,0.291182721,0.071152587,0.53443843,123.1719608,62.64050917,45.89286395,-134750.9928,2227.312397,1099.001121
0.966875,-0.057456058,-0.116710067,-0.03483119,0.103571582,123.2111128,62.57193999,45.89775618,-134766.0753,2241.639001,1106.070158
0.9675,-0.112627592,-0.108459653,-0.064887404,0.064769115,123.2502647,62.5782059,45.88637592,-134774.7871,2250.266629,1110.327205
0.968125,-0.127720963,0.209431242,0.026234253,0.413442807,123.2894166,62.62300972,45.88991953,-134752.4871,2227.679404,1099.18221
0.96875,-0.104025948,-0.274996401,-0.02797461,0.309894284,123.3285686,62.55957582,45.91144681,-134779.2877,2254.092334,1112.214885
0.969375,-0.129959558,0.038518726,-0.032025435,0.207249856,123.3677205,62.61299483,45.89690677,-134772.0208,2246.508525,1108.47288
0.97,-0.127216418,0.107297066,-0.016394423,0.287363312,123.4068724,62.59786797,45.89006653,-134778.4778,2252.6818,1111.518899
0.970625,-0.020408073,-0.142154624,0.064899524,0.254894153,123.4460243,62.5621463,45.91738094,-134772.8999,2247.14936,1108.789081
0.97125,-0.049973251,0.195381267,0.035065162,0.305174744,123.4851763,62.61713075,45.88658562,-134778.5687,2252.648464,1111.50245
0.971875,0.078021258,-0.002110615,0.124199855,0.156550038,123.5243282,62.58531845,45.89878632,-134774.7932,2248.605459,1109.50755
0.9725,-0.028188407,-0.04461366,-0.017382865,0.033586678,123.5634801,62.58788393,45.88249132,-134773.1897,2246.957853,1108.694588
0.973125,-0.025574358,0.065105488,-0.014103363,0.120948172,123.602632,62.5954858,45.88504195,-134761.5092,2235.200975,1102.893505
0.97375,0.235137016,-0.04986259,0.094542495,0.349062206,123.641784,62.56801935,45.91115007,-134769.3969,2243.349959,1106.91438
0.974375,0.108429763,0.097011875,-0.004232781,0.151900287,123.6809359,62.61260778,45.88019631,-134774.4273,2248.490214,1109.450685
0.975,0.208452063,-0.084946163,-0.047271976,0.391020009,123.7200878,62.59016383,45.87664516,-134768.8107,2243.284276,1106.88197
0.975625,0.260149595,-0.027678195,0.107669666,0.3527237,123.7592397,62.5852995,45.89341182,-134767.9643,2242.84589,1106.665662
0.97625,0.042408912,0.050698897,-0.07305491,0.169456846,123.7983917,62.60087811,45.86709948,-134789.8244,2264.684528,1117.441289
0.976875,0.226145926,0.002926266,0.108391261,0.273525215,123.8375436,62.58735879,45.88920677,-134789.3755,2264.384456,1117.293227
0.9775,0.123353632,-0.07468307,-0.087757461,0.28975398,123.8766955,62.58446613,45.86911917,-134773.7896,2249.310199,1109.855283
0.978125,0.237548027,0.186765873,0.115545344,0.150119438,123.9158475,62.60981461,45.88551244,-134775.3985,2250.870005,1110.624923
0.97875,0.113082495,-0.0607555,0.050838429,0.215747949,123.9549994,62.57661192,45.90406525,-134769.8782,2245.67077,1108.059515
0.979375,-0.126286118,-0.078258856,-0.155842758,0.095913893,123.9941513,62.58742416,45.88097076,-134774.7016,2250.497847,1110.441292
0.98,0.157673287,0.159526721,0.115097525,0.061563661,124.0333032,62.59473783,45.89315093,-134789.1986,2264.865893,1117.530778
0.980625,-0.066468792,-0.145057564,-0.024482939,0.149924139,124.0724552,62.54843508,45.89153954,-134776.3144,2252.20627,1111.284263
0.98125,-0.016744376,-0.085509866,-0.049055557,0.084271119,124.1116071,62.58745366,45.88458729,-134774.2839,2250.236477,1110.312327
0.981875,-0.017484149,0.042287324,-0.011409506,0.080578408,124.150759,62.58397389,45.8845385,-134777.7822,2253.652929,1111.998074
0.9825,0.07615055,0.009861443,0.115661456,0.130954191,124.1899109,62.58906694,45.91369104,-134766.2099,2242.241194,1106.367293
0.983125,-0.058242122,0.003420981,-0.098805608,0.126087312,124.2290629,62.61917327,45.88294735,-134784.5017,2260.333865,1115.294583
0.98375,0.013645888,0.032841592,0.05457475,0.050159515,124.2682148,62.59944894,45.90343737,-134765.8908,2241.842063,1106.170353
0.984375,-0.016903665,-0.035910732,0.038585702,0.094815911,124.3073667,62.58938694,45.91532259,-134766.8549,2242.464852,1106.47765
0.985,-0.069530776,-0.041272581,-0.043661406,0.038385627,124.3465186,62.59992034,45.90897757,-134764.2989,2239.856928,1105.190847
0.985625,-0.115579225,-0.096454253,-0.0128301,0.133851209,124.3856706,62.58339621,45.90192017,-134786.6038,2261.85703,1116.046144
0.98625,-0.027701593,0.229378938,0.099893497,0.314860899,124.4248225,62.62095219,45.90158459,-134778.7253,2253.992334,1112.165543
0.986875,0.032724593,0.001786149,0.115155613,0.143543358,124.4639744,62.58840908,45.91133842,-134777.0955,2251.789376,1111.078559
0.9875,-0.169383459,-0.210083764,-0.112028023,0.120669339,124.5031263,62.57116739,45.89080193,-134807.2134,2281.764157,1125.868724
0.988125,-0.159208696,0.021351786,0.020979125,0.25508798,124.5422783,62.59446908,45.89659357,-134781.429,2255.737527,1113.026657
0.98875,-0.059604808,0.253060695,0.237545699,0.431623511,124.5814302,62.58604307,45.92638783,-134768.2797,2242.567994,1106.528542
0.989375,-0.137805363,-0.032277545,-0.003708398,0.173015354,124.6205821,62.58149405,45.9048367,-134768.7449,2242.837739,1106.66164
0.99,-0.153427566,-0.207072033,-0.162241122,0.070464305,124.6597341,62.59031675,45.88011585,-134789.0128,2262.962475,1116.591593
0.990625,-0.035853239,0.32843624,0.129338279,0.446805395,124.698886,62.61911951,45.8930742,-134788.818,2262.715397,1116.46968
0.99125,-0.06239218,0.029982078,0.059007574,0.155284845,124.7380379,62.58630519,45.90472971,-134772.7146,2246.48841,1108.462955
0.991875,0.021137705,-0.32025669,-0.269652001,0.451297708,124.7771898,62.56341957,45.86585749,-134781.4034,2254.880741,1112.603901
0.9925,0.329125669,0.241849047,0.19011995,0.172092122,124.8163418,62.64451745,45.89273043,-134786.145,2260.00815,1115.133869
0.993125,0.205967321,-0.184331525,-0.104917934,0.505261664,124.8554937,62.5878225,45.86944303,-134778.5198,2252.432454,1111.395867
0.99375,0.07441058,0.07827398,0.014545987,0.087521154,124.8946456,62.60483299,45.88338576,-134774.2327,2248.350112,1109.381556
0.994375,0.220336106,0.073972331,0.09200268,0.195491474,124.9337975,62.60106732,45.89720399,-134779.5288,2253.905606,1112.12275
0.995,0.000231297,-0.090342502,-0.100901159,0.136172214,124.9729495,62.58295648,45.88355915,-134772.091,2246.949784,1108.690606
0.995625,0.079149456,0.080774156,0.095306147,0.021791216,125.0121014,62.60275189,45.89674697,-134764.0359,2238.97969,1104.758
0.99625,0.086683229,0.034534471,0.051633553,0.065117979,125.0512533,62.59919281,45.87667621,-134788.2506,2263.194044,1116.705854
0.996875,0.137674884,-0.149120796,-0.08472177,0.368590922,125.0904052,62.57968514,45.85785995,-134787.053,2262.177529,1116.204284
0.9975,0.232884772,-0.015886812,-0.004878311,0.344296053,125.1295572,62.60005901,45.86284576,-134778.6747,2254.105023,1112.221146
0.998125,0.242525921,0.088990999,0.095043746,0.212980281,125.1687091,62.60871731,45.8760855,-134779.2013,2254.995115,1112.660336
0.99875,-0.030943738,-0.002138527,-0.129515039,0.1636179,125.207861,62.59285442,45.86711624,-134770.4571,2246.32021,1108.379962
0.999375,-0.008453719,-0.078314411,-0.01170265,0.0965826,125.247013,62.58103487,45.88400321,-134784.1531,2260.011635,1115.135588
1,-0.002794943,0.116285521,0.063355614,0.146142493,125.2861649,62.61914372,45.89782137,-134769.5987,2245.748064,1108.097653
