strain,normal_stress_GPa,,,,Lx_angstrom,Ly_angstrom,Lz_angstrom,,,
-3.49E-16,0.009215843,0.002125239,-0.017590473,0.034023001,81.470716,81.470716,82.29785108,-79389.06714,3032.304899,748.07652
0.00025,0.035924861,0.02460162,0.015299786,0.025300862,81.49108368,81.47509106,82.3015095,-79385.66683,3029.460592,747.3748231
0.0005,0.037862371,-0.033217477,0.002678336,0.087056135,81.51145136,81.4652923,82.28645727,-79378.362,3022.638991,745.6919186
0.00075,0.065157661,0.007523253,0.002255082,0.085476389,81.53181904,81.46801753,82.2686365,-79384.17014,3029.05069,747.2736992
0.001,0.054721183,0.011194511,-0.001135112,0.071878485,81.55218672,81.46262661,82.26723092,-79379.58906,3025.356369,746.3623017
0.00125,0.041120157,0.029479108,0.002532704,0.048483133,81.5725544,81.44279068,82.27907239,-79369.60131,3016.268742,744.1203636
0.0015,0.055229563,-0.03411448,0.006399976,0.109581512,81.59292208,81.39588622,82.27910194,-79380.0058,3027.838048,746.9745377
0.00175,0.076296824,0.003902389,0.021776273,0.092373809,81.61328976,81.41033883,82.26400877,-79371.55251,3020.397174,745.1388572
0.002,0.087851674,0.007472252,-0.004201384,0.122763556,81.63365743,81.42588652,82.22600581,-79372.14267,3021.932578,745.5176448
0.00225,0.079813822,-0.016118921,-0.053120587,0.168058834,81.65402511,81.40930753,82.18951343,-79375.15996,3025.815477,746.4755647
0.0025,0.156388315,0.01596696,0.020889279,0.195198297,81.67439279,81.41246324,82.22156192,-79385.54406,3036.913234,749.2134068
0.00275,0.172653093,0.076585722,0.056224478,0.152312647,81.69476047,81.39227843,82.2475932,-79399.41029,3051.442879,752.7979032
0.003,0.100952899,-0.072485243,-0.006650472,0.214460933,81.71512815,81.32986829,82.2212575,-79364.8473,3018.007592,744.5493418
0.00325,0.113715047,-0.04713394,-0.021543598,0.211712453,81.73549583,81.33371075,82.20449638,-79364.90703,3018.963507,744.7851683
0.0035,0.176600363,0.005268837,0.019356484,0.232977663,81.75586351,81.38353309,82.21289773,-79361.31428,3015.944427,744.0403544
0.00375,0.223370173,0.038073365,0.010418803,0.28363351,81.77623119,81.42017071,82.1838786,-79356.14562,3011.795924,743.0169091
0.004,0.167026886,-0.003170792,-0.038863339,0.269503232,81.79659887,81.38698531,82.12754222,-79374.5378,3030.849741,747.7175291
0.00425,0.154144908,-0.00400508,-0.01718111,0.233532934,81.81696655,81.3568998,82.13877384,-79367.19704,3024.801934,746.2255214
0.0045,0.177761466,-0.011018426,0.003897745,0.257077679,81.83733422,81.32593358,82.18164602,-79359.16459,3017.717969,744.4778912
0.00475,0.200299809,-0.015258674,0.018096578,0.284211277,81.8577019,81.32785977,82.19634379,-79343.38252,3003.046984,740.8585258
0.005,0.217057574,-0.012509289,-0.001581878,0.317212173,81.87806958,81.32962793,82.15403575,-79353.99303,3014.957084,743.7967746
0.00525,0.203328223,-0.021104338,-0.024290746,0.319672524,81.89843726,81.32239526,82.11454522,-79352.73258,3014.986805,743.8041068
0.0055,0.224067337,0.01107047,-0.026983743,0.331424853,81.91880494,81.32252746,82.11775033,-79353.5413,3016.869132,744.2684812
0.00575,0.247876446,0.003802677,-0.018756026,0.362179202,81.93917262,81.29749906,82.13300337,-79353.79887,3018.099585,744.5720368
0.006,0.236099737,-0.002103006,0.011069041,0.327952533,81.9595403,81.26381208,82.14195334,-79362.07977,3027.531135,746.8988215
0.00625,0.277928344,-0.004324335,0.030177646,0.377143699,81.97990798,81.2590818,82.13975068,-79358.48373,3025.385302,746.3694398
0.0065,0.239147641,-0.043872415,-0.033763604,0.393297709,82.00027566,81.27282969,82.09977169,-79336.99582,3004.665864,741.2579072
0.00675,0.301849282,0.003880229,0.010295312,0.416929764,82.02064334,81.2998755,82.07411648,-79358.26958,3027.070378,746.7851518
0.007,0.274766732,0.011862434,-0.014252597,0.391577371,82.04101101,81.3046042,82.04322255,-79359.06386,3028.914312,747.2400544
0.00725,0.293862838,0.015819661,0.00463402,0.401355747,82.06137869,81.30100741,82.04553739,-79350.39247,3021.58023,745.4307198
0.0075,0.292995387,0.001949985,0.005512146,0.409104789,82.08174637,81.27144036,82.05713899,-79355.3309,3027.623879,746.9217018
0.00775,0.292139158,-0.003539205,-0.015398672,0.426785494,82.10211405,81.24595995,82.06540538,-79343.37516,3016.812913,744.2546119
0.008,0.347592676,-0.031566961,0.008391673,0.510309753,82.12248173,81.24338058,82.07597137,-79331.11629,3006.272916,741.6543705
0.00825,0.353425381,-0.000440985,0.008708228,0.494100221,82.14284941,81.25327505,82.04267935,-79343.06293,3019.302625,744.8688295
0.0085,0.333525695,0.023429076,-0.034347101,0.484590956,82.16321709,81.24985936,82.00260599,-79357.6427,3035.260284,748.8056203
0.00875,0.358093892,-0.006863494,-0.017039269,0.52347142,82.18358477,81.23205754,82.03761277,-79328.71556,3007.837382,742.0403278
0.009,0.39975985,0.006301063,0.024182791,0.544231294,82.20395245,81.20313858,82.07911843,-79329.51168,3010.223119,742.6288947
0.00925,0.324278533,-0.015530465,-0.00130644,0.470826988,82.22432013,81.1628497,82.04965891,-79341.12499,3023.221436,745.8356089
0.0095,0.384119395,-0.052204587,0.001213064,0.582965968,82.2446878,81.17596491,82.02317013,-79333.89001,3018.01479,744.5511177
0.00975,0.425227164,0.069173408,0.015381066,0.545565502,82.26505548,81.23922358,82.0153049,-79330.8647,3016.378466,744.1474328
0.01,0.360283871,0.014482528,0.013822881,0.489504057,82.28542316,81.20681251,81.974158,-79333.72184,3020.843546,745.2489782
0.01025,0.344780598,-0.061886849,-0.066310247,0.578267812,82.30579084,81.16534843,81.9464342,-79333.26925,3022.069652,745.5514614
0.0105,0.448113254,0.01222439,0.045904487,0.594058367,82.32615852,81.21313105,82.0035305,-79317.52749,3007.931715,742.0635999
0.01075,0.462995924,0.048215898,0.004621435,0.619717774,82.3465262,81.19019796,81.97834672,-79339.24253,3031.292941,747.8268676
0.011,0.410026799,-0.074135434,-0.029427469,0.65538685,82.36689388,81.11516844,81.95638163,-79341.74775,3035.783517,748.9347031
0.01125,0.476496164,0.035122464,0.06677006,0.603065331,82.38726156,81.1595384,82.01893504,-79321.15692,3016.927756,744.2829437
0.0115,0.501241777,0.016019069,0.01666488,0.685752333,82.40762924,81.15755512,81.99284634,-79321.0409,3018.665628,744.7116809
0.01175,0.434133355,-0.019549526,-0.037230464,0.654465142,82.42799692,81.13406034,81.94435283,-79322.85401,3022.281009,745.6036037
0.012,0.483399936,-0.008248863,-0.011478402,0.697591242,82.44836459,81.13172494,81.94980768,-79312.92897,3014.339907,743.6445157
0.01225,0.501888981,0.016851926,-0.011186569,0.706607119,82.46873227,81.1301693,81.93900059,-79323.45602,3026.65391,746.6824081
0.0125,0.473697615,-0.028324464,0.006953137,0.686382608,82.48909995,81.11757792,81.93753016,-79310.54257,3015.704625,743.9811947
0.01275,0.523639903,-0.018068079,0.023294547,0.738582344,82.50946763,81.12078277,81.92616506,-79308.46983,3015.569946,743.9479689
0.013,0.50338145,0.009448683,-0.02016429,0.720379517,82.52983531,81.11841402,81.89750726,-79326.52222,3035.047038,748.753012
0.01325,0.507427453,0.003701274,0.028683225,0.695384927,82.55020299,81.1212184,81.8890254,-79313.72635,3024.381496,746.1217984
0.0135,0.525238548,-0.008234316,-0.006707095,0.753366973,82.57057067,81.11536472,81.87686397,-79310.99617,3023.24289,745.8409017
0.01375,0.547321441,-0.020852074,-3.49E-05,0.789210662,82.59093835,81.11242126,81.88613742,-79299.11013,3013.05701,743.3280221
0.014,0.558305324,0.053887789,0.027549568,0.73268849,82.61130603,81.11426138,81.88474224,-79313.99835,3029.340404,747.3451723
0.01425,0.541148998,0.008466727,-0.033967854,0.785054449,82.63167371,81.08323979,81.86447611,-79309.68228,3027.00059,746.7679349
0.0145,0.620783765,-0.013684353,-0.006282008,0.892085238,82.65204138,81.07393273,81.872182,-79310.95602,3029.983771,747.5038924
0.01475,0.515787285,0.026853557,0.017229951,0.698361095,82.67240906,81.09436783,81.85867038,-79286.06732,3006.875252,741.8029683
0.015,0.55720514,-0.008123431,-0.006637466,0.79844667,82.69277674,81.07746754,81.80380137,-79315.52398,3037.944724,749.4678777
0.01525,0.539665875,-0.012294841,-0.05973885,0.81620928,82.71314442,81.08396466,81.79728222,-79283.32299,3007.583803,741.9777693
0.0155,0.627710101,0.061904457,0.073919758,0.791810671,82.7335121,81.09840291,81.85205397,-79299.15731,3025.095584,746.2979655
0.01575,0.627319114,-0.012924321,-0.007487987,0.901621464,82.75387978,81.04924396,81.82743412,-79303.4967,3031.244396,747.8148916
0.016,0.636238497,-0.042399332,-0.033753419,0.953684026,82.77424746,81.02654618,81.82561584,-79280.58914,3010.477425,742.6916326
0.01625,0.649562565,0.007124028,0.034330018,0.889931753,82.79461514,81.04690288,81.83952608,-79282.90761,3014.628555,743.7157258
0.0165,0.645285402,0.006102416,-0.026412258,0.927787605,82.81498282,81.05494856,81.79170305,-79276.23966,3009.90536,742.5505028
0.01675,0.617459841,0.040642758,-0.035789768,0.874811367,82.8353505,81.05853731,81.75877308,-79280.04917,3015.880254,744.0245226
0.017,0.625809853,-0.035235142,-0.0338485,0.933879838,82.85571817,81.01988038,81.76168016,-79280.38672,3017.912672,744.5259249
0.01725,0.648135242,0.003310019,0.017588884,0.901993439,82.87608585,81.01707288,81.80091205,-79279.63748,3019.233621,744.8518059
0.0175,0.628452896,-0.007660484,0.013679795,0.884896381,82.89645353,81.00150501,81.80711908,-79256.37934,2998.199259,739.6625809
0.01775,0.622954454,-0.040392477,-0.01472415,0.92050096,82.91682121,80.95745272,81.77194954,-79282.40245,3025.987748,746.5180644
0.018,0.651061042,-0.023555203,-0.036605366,0.963411892,82.93718889,80.97650041,81.76699302,-79264.9152,3010.542155,742.7076014
0.01825,0.696391581,0.045793689,0.030862763,0.930821764,82.95755657,81.0151565,81.76878057,-79270.16047,3017.670428,744.4661628
0.0185,0.663267178,-0.032693429,-0.037726644,0.987815184,82.97792425,80.98186057,81.72023891,-79263.9339,3013.248041,743.3751497
0.01875,0.708395968,-0.024181707,0.003653997,1.016910085,82.99829193,80.97936964,81.71707285,-79282.59726,3033.929503,748.4773135
0.019,0.696490441,0.030340087,0.016472397,0.952036315,83.01865961,80.99366353,81.737074,-79265.37521,3018.486915,744.6675918
0.01925,0.706673149,0.011637402,0.022054491,0.975646407,83.03902729,80.96135805,81.73790354,-79268.01892,3023.040177,745.790892
0.0195,0.686757297,-0.006426669,-0.005817058,0.979879391,83.05939496,80.94267697,81.7091586,-79273.93536,3031.013313,747.7578827
0.01975,0.704312414,0.028068889,-0.024344725,0.995486674,83.07976264,80.95300205,81.69261229,-79272.18332,3031.08151,747.7747071
0.02,0.717422088,-0.012529995,-0.014933721,1.034012018,83.10013032,80.93019989,81.69941531,-79260.15525,3021.028376,745.2945761
0.02025,0.741239163,0.01387599,0.015552523,1.027463428,83.120498,80.92293445,81.72137186,-79260.48263,3023.073387,745.799085
0.0205,0.713390186,0.000489144,-0.002238722,1.01012874,83.14086568,80.90277843,81.71725128,-79255.02673,3019.253713,744.8567628
0.02075,0.730909911,-0.011777489,0.007436226,1.036999477,83.16123336,80.90013941,81.70192823,-79262.22946,3028.298259,747.0880728
0.021,0.733874256,0.028653807,0.006907623,1.013059358,83.18160104,80.93157401,81.66642053,-79253.36159,3021.588935,745.4328674
0.02125,0.742367613,-0.000214951,-0.015393458,1.061066017,83.20196872,80.94621166,81.63145112,-79244.51633,3014.843562,743.7687685
0.0215,0.772834299,0.022885208,-0.003581584,1.07978968,83.2223364,80.96885194,81.62478733,-79248.50996,3020.261885,745.1054809
0.02175,0.818185954,0.026113568,0.002324334,1.137354287,83.24270408,80.96052705,81.60887858,-79255.99903,3030.140947,747.5426682
0.022,0.751005227,-0.005343001,-0.046333341,1.099768904,83.26307175,80.92501109,81.59109707,-79248.79033,3025.180392,746.3188879
0.02225,0.805855588,0.033709691,0.035519465,1.090701748,83.28343943,80.90761538,81.64709591,-79252.10719,3030.610328,747.6584655
0.0225,0.775962279,-0.014141581,0.004960108,1.104116539,83.30380711,80.86403896,81.65038357,-79237.49831,3018.269926,744.6140603
0.02275,0.770597063,-0.008953686,0.041634788,1.068477684,83.32417479,80.85427165,81.65194324,-79242.48221,3025.618715,746.4270232
0.023,0.819080356,0.032909303,0.028476021,1.11496179,83.34454247,80.88403668,81.62383299,-79239.45488,3024.730084,746.2077958
0.02325,0.828811737,-0.007082309,-0.02384314,1.194160844,83.36491015,80.88608464,81.55198734,-79260.58371,3047.801328,751.8995243
0.0235,0.818629841,0.006681319,-0.009467746,1.159856373,83.38527783,80.91049004,81.55109563,-79234.24226,3023.777983,745.9729104
0.02375,0.843295575,0.04046573,0.031082917,1.142065322,83.40564551,80.91191045,81.58899675,-79224.13433,3015.839755,744.0145315
0.024,0.812460592,-0.007543426,0.022671461,1.13889701,83.42601319,80.86084072,81.57107081,-79234.46482,3028.09657,747.0383157
0.02425,0.777937151,-0.04673943,-0.038794859,1.16069193,83.44638087,80.83286264,81.54319762,-79214.6284,3011.000997,742.820799
0.0245,0.818947069,0.007531397,0.011585681,1.144659006,83.46674854,80.855341,81.56288418,-79218.78012,3016.932896,744.2842118
0.02475,0.889897363,0.034268022,0.038527278,1.207042141,83.48711622,80.85246674,81.56681844,-79233.87329,3034.000069,748.4947223
0.025,0.795517281,-0.061440046,-0.056393541,1.208368063,83.5074839,80.80885642,81.52967863,-79200.17921,3002.726299,740.7794121
0.02525,0.84304331,0.019024569,-0.003331324,1.181463792,83.52785158,80.83938912,81.53359441,-79216.54173,3020.925419,745.2691765
0.0255,0.892892006,0.042507408,0.006611808,1.228794144,83.54821926,80.86180077,81.52213956,-79214.78557,3021.360109,745.3764154
0.02575,0.870309838,0.015127789,-0.003015114,1.222440989,83.56858694,80.81996687,81.5077658,-79230.41228,3038.939786,749.7133618
0.026,0.867454065,-0.02908042,0.038596912,1.222848513,83.58895462,80.77944315,81.54457873,-79219.73042,3030.16083,747.5475732
0.02625,0.880841995,-0.025997462,0.013819626,1.25525734,83.6093223,80.77157921,81.54859206,-79193.65273,3006.600234,741.7351207
0.0265,0.871190281,0.007603423,0.022592761,1.210836361,83.62968998,80.78489788,81.49718291,-79218.37756,3033.223063,748.3030332
0.02675,0.916002866,0.037069817,0.009901049,1.262648782,83.65005766,80.82174223,81.46583637,-79227.50439,3044.049066,750.9738328
0.027,0.930662616,0.036655036,-0.00994743,1.298525549,83.67042533,80.82129656,81.4620229,-79210.90621,3029.728944,747.4410261
0.02725,0.861113623,-0.013671892,-0.017911911,1.240142559,83.69079301,80.76005749,81.48894168,-79186.23365,3007.091348,741.8562795
0.0275,0.930410445,-0.022429462,0.021984979,1.317237016,83.71116069,80.72920584,81.52936786,-79197.04519,3019.802518,744.9921542
0.02775,0.916201372,0.004405647,0.039804792,1.265185958,83.73152837,80.74231837,81.51644941,-79199.4081,3024.430208,746.1338158
0.028,0.883627895,0.024442708,0.004389765,1.229496236,83.75189605,80.76176894,81.46641412,-79185.28924,3012.690466,743.2375948
0.02825,0.877691239,-0.014469611,-0.042482071,1.281972933,83.77226373,80.76193356,81.41902266,-79185.34353,3014.822629,743.7636041
0.0285,0.923289948,0.003013546,0.013302314,1.294253456,83.79263141,80.78152143,81.43755264,-79172.36253,3004.328621,741.1747087
0.02875,0.925134591,0.008419249,0.006232767,1.297980109,83.81299909,80.76430053,81.44239518,-79178.36224,3012.38529,743.1623072
0.029,0.955593636,-0.045713009,-0.001748505,1.386020147,83.83336677,80.73346884,81.41505184,-79191.40678,3027.724097,746.9464257
0.02925,0.930086499,0.012121827,-0.014839781,1.317676645,83.85373445,80.76526338,81.39032207,-79172.29214,3011.325617,742.9008833
0.0295,0.981733574,0.059809796,-0.014314172,1.359245719,83.87410212,80.77054598,81.3848604,-79188.22973,3029.267444,747.327173
0.02975,0.969633136,0.021285586,-0.002630857,1.358393296,83.8944698,80.70859222,81.43050876,-79175.64045,3019.056944,744.8082193
0.03,0.968856303,-0.055321647,-0.011214374,1.418246966,83.91483748,80.63908221,81.47060085,-79168.10474,3013.794718,743.5100163
0.03025,0.973099496,-0.015729113,0.056943356,1.349964954,83.93520516,80.63569362,81.48364897,-79170.26952,3018.090415,744.5697744
0.0305,0.979592445,-0.022048477,-0.036375975,1.426773159,83.95557284,80.66829183,81.41239164,-79162.52481,3012.741697,743.2502336
0.03075,0.990866821,-0.039646782,-0.039658756,1.45737478,83.97594052,80.70893915,81.37936343,-79148.8912,3001.663053,740.5171068
0.031,1.011549368,-0.003366825,0.006289488,1.428529156,83.9963082,80.72308193,81.37551964,-79151.7638,3006.860209,741.7992572
0.03125,1.035563613,0.023841088,0.001141972,1.447109481,84.01667588,80.70899505,81.35185373,-79175.25001,3032.840435,748.208638
0.0315,0.985796422,0.013285985,-0.024202204,1.402597283,84.03704356,80.69011829,81.33956279,-79167.84828,3027.904955,746.9910438
0.03175,1.027876446,0.037856411,0.033989676,1.402841948,84.05741124,80.69698899,81.36883488,-79158.68997,3021.234254,745.3453668
0.032,0.982620831,0.013909029,-0.010604155,1.387623625,84.07777891,80.65542896,81.35205151,-79156.94092,3021.687302,745.4571347
0.03225,0.972191003,-0.051760018,-0.02277369,1.428030336,84.09814659,80.61045842,81.34891272,-79153.97875,3021.592632,745.4337793
0.0325,1.025046306,-0.034430622,0.022590712,1.459678051,84.11851427,80.64268677,81.36237446,-79146.8914,3016.525936,744.183814
0.03275,1.034356441,0.060472083,0.051964709,1.383335329,84.13888195,80.69303418,81.34238925,-79146.87233,3018.818435,744.7493786
0.033,1.008584346,-0.018955402,-0.031274481,1.461949408,84.15924963,80.66162868,81.27788913,-79148.80278,3023.05323,745.7941123
0.03325,1.03653269,-0.032494765,-0.033004919,1.512193988,84.17961731,80.66084114,81.27428112,-79144.28765,3021.105973,745.3137195
0.0335,1.059340982,0.028614701,0.055166697,1.439259417,84.19998499,80.68318155,81.32101748,-79126.00155,3005.221385,741.3949556
0.03375,1.036842576,0.011340127,-0.031429198,1.481448302,84.22035267,80.6284372,81.29288812,-79149.89701,3031.468343,747.8701398
0.034,1.037660512,-0.046417276,-0.050870633,1.536276192,84.24072035,80.58461285,81.29187051,-79138.68214,3022.9742,745.7746153
0.03425,1.080306533,0.052200489,0.05691947,1.450636201,84.26108803,80.61816987,81.32398516,-79143.5082,3030.1487,747.5445809
0.0345,1.029822098,-0.023401405,-0.006053498,1.477368927,84.2814557,80.59780877,81.28006486,-79125.75151,3014.825576,743.7643313
0.03475,1.025100096,-0.005779364,-0.005372462,1.457596076,84.30182338,80.60963022,81.24445432,-79143.09297,3034.248406,748.5559875
0.035,1.046910945,0.053497192,0.02168459,1.427925769,84.32219106,80.64951805,81.24400032,-79127.73135,3021.641293,745.4457842
0.03525,1.074922294,0.001705819,0.011980812,1.510544197,84.34255874,80.61296758,81.23344549,-79134.68654,3030.737789,747.6899103
0.0355,1.026185606,-0.049493534,-0.011857623,1.495338029,84.36292642,80.56086816,81.22971995,-79134.47652,3032.950479,748.2357862
0.03575,1.106355479,0.043226054,0.080087908,1.478116402,84.3832941,80.60817642,81.25374642,-79135.39362,3036.065294,749.0042181
0.036,1.044584711,-0.017377497,-0.002646892,1.491534361,84.40366178,80.61260483,81.20864932,-79097.62331,3000.979282,740.348419
0.03625,1.035713955,-0.035399918,-0.05466523,1.528588515,84.42402946,80.60499766,81.15930054,-79105.30629,3011.011419,742.8233699
0.0365,1.070466783,0.043504883,-0.018426255,1.498056827,84.44439714,80.62662379,81.15645233,-79111.45904,3019.46817,744.9096697
0.03675,1.096280812,0.014047555,0.004169623,1.5375413,84.46476482,80.61289709,81.17985754,-79106.91179,3017.119924,744.3303521
0.037,1.051624533,0.023038824,-0.010545298,1.4789595,84.48513249,80.57098714,81.19991393,-79088.81705,3001.484729,740.4731139
0.03725,1.080696236,-0.061574648,-0.021583278,1.58789238,84.50550017,80.5089842,81.21112415,-79103.15914,3018.096552,744.5712884
0.0375,1.135079427,0.00292039,0.041254609,1.574708331,84.52586785,80.52672263,81.24277622,-79103.62678,3021.003025,745.2883219
0.03775,1.095525588,0.034480169,0.039874077,1.496745332,84.54623553,80.53861909,81.21955826,-79096.61463,3016.718635,744.2313531
0.038,1.075839172,-0.054007124,-0.032331819,1.582739845,84.56660321,80.50829217,81.15950007,-79095.12769,3017.740937,744.4835574
0.03825,1.115596496,-0.013417475,0.020365816,1.573322631,84.58697089,80.53950023,81.16796081,-79082.41244,3007.70938,742.0087494
0.0385,1.154509381,0.036538986,0.06715342,1.559851927,84.60733857,80.55708984,81.15447656,-79119.28998,3046.557344,751.5926306
0.03875,1.093554264,-0.033838675,-0.030345853,1.591910335,84.62770625,80.5397488,81.09932265,-79094.71898,3024.60467,746.1768561
0.039,1.128945212,0.016927383,-0.011717813,1.593272211,84.64807393,80.56228249,81.11036746,-79087.83543,3020.398316,745.139139
0.03925,1.138669438,0.010508927,0.019411829,1.589201999,84.66844161,80.54171097,81.13412304,-79084.92299,3019.716057,744.970824
0.0395,1.150005081,-0.018162333,0.01100735,1.631803238,84.68880928,80.51535323,81.11043589,-79089.4158,3027.052404,746.7807176
0.03975,1.169099821,0.00147813,-0.007044351,1.657325604,84.70917696,80.5461995,81.08829696,-79093.64589,3033.537419,748.3805854
0.04,1.151509219,0.060880546,0.023503798,1.569478945,84.72954464,80.57340351,81.07882588,-79078.91019,3021.459156,745.4008506
0.04025,1.101148018,-0.042280759,-0.048743292,1.621641501,84.74991232,80.50980062,81.0589194,-79072.58463,3017.73661,744.48249
0.0405,1.15249147,0.01445371,0.013282876,1.610256978,84.77028,80.47943285,81.11200253,-79078.4567,3026.122605,746.5513341
0.04075,1.150962668,0.013683758,0.025906255,1.599782685,84.79064768,80.44587071,81.14772414,-79062.1362,3012.683826,743.2359567
0.041,1.16505646,-0.091397892,-0.010971629,1.722842995,84.81101536,80.41945874,81.11927325,-79056.10541,3009.076831,742.3461028
0.04125,1.12290428,0.007282083,-0.040289558,1.612419254,84.83138304,80.48302512,81.08104817,-79033.77084,2989.275932,737.4611759
0.0415,1.192906134,0.027069695,0.007590063,1.662687055,84.85175072,80.5216509,81.03858943,-79054.08842,3012.356617,743.1552335
0.04175,1.1757145,-0.002755526,-0.036445662,1.690934323,84.8721184,80.50962111,80.99375651,-79070.38497,3031.080039,747.7743443
0.042,1.163363748,0.029419148,-0.019351756,1.639214727,84.89248607,80.5132585,81.00996291,-79049.92024,3013.299437,743.3878294
0.04225,1.176622019,0.066704851,0.019288761,1.604239594,84.91285375,80.48922589,81.03567653,-79063.87625,3029.4524,747.372802
0.0425,1.12368294,-0.029236201,-0.029738098,1.630828897,84.93322143,80.41822094,81.02627529,-79055.32296,3023.55843,745.9187462
0.04275,1.16813808,-0.022109517,0.008063839,1.662339321,84.95358911,80.42145249,81.04771863,-79050.73462,3021.351246,745.3742289
0.043,1.155661392,0.034365062,0.045811775,1.577720715,84.97395679,80.45466904,81.03642206,-79044.60332,3017.730473,744.480976
0.04325,1.154458665,0.005637151,-0.051566057,1.666600944,84.99432447,80.44630679,80.96503682,-79046.40872,3022.068736,745.5512353
0.0435,1.163886871,-0.01695687,-0.021738378,1.673356518,85.01469215,80.4512609,80.96350101,-79046.72301,3024.608877,746.1778939
0.04375,1.169976182,0.052407248,0.004128631,1.615701599,85.03505983,80.46128058,80.98904481,-79038.42092,3018.621922,744.7008984
0.044,1.167651608,-0.009846775,0.037261945,1.632942884,85.05542751,80.40967899,81.01171158,-79037.79398,3020.277349,745.109296
0.04425,1.161015285,0.001488297,-0.003427597,1.643305883,85.07579519,80.36602558,80.99090259,-79060.64957,3045.543028,751.3423966
0.0445,1.163063438,-0.00784363,0.003540311,1.647921975,85.09616286,80.3814905,80.99298718,-79036.21564,3023.30731,745.8567944
0.04475,1.187299017,0.045278737,0.046670943,1.614077031,85.11653054,80.41748381,80.98343974,-79044.91111,3034.168403,748.5362507
0.045,1.160116692,0.005970994,-0.02229296,1.652556725,85.13689822,80.41673553,80.92902991,-79031.15686,3023.015056,745.7846947
0.04525,1.196697592,0.027619197,-0.000505001,1.673567839,85.1572659,80.42821323,80.92140363,-79031.13093,3025.419129,746.3777848
0.0455,1.230655494,0.006647218,-0.002010118,1.737163125,85.17763358,80.41140391,80.90752472,-79029.31351,3026.365778,746.6113253
0.04575,1.152333313,-0.022059701,-0.034216496,1.669505073,85.19800126,80.40532746,80.88774487,-79012.59448,3012.038394,743.076727
0.046,1.18976378,0.0248271,0.008866366,1.658870373,85.21836894,80.41880709,80.90356689,-79027.96053,3029.600604,747.4093642
0.04625,1.214037577,0.052466308,0.01626127,1.668899847,85.23873662,80.42006594,80.90130438,-79014.50269,3019.047297,744.8058394
0.0465,1.14382449,-0.074631634,-0.037978472,1.697833037,85.2591043,80.36544669,80.88616874,-78988.64535,2995.857694,739.0849117
0.04675,1.201650041,0.009094342,0.008032754,1.687279601,85.27947198,80.38069714,80.90802427,-79001.42539,3011.104287,742.8462808
0.047,1.253836974,0.025909412,-0.002406942,1.756916813,85.29983965,80.39193041,80.89261539,-79002.14424,3014.485362,743.6803997
0.04725,1.219723154,-0.004417339,-0.03459008,1.752921,85.32020733,80.36741391,80.86080249,-79002.38074,3017.214617,744.3537132
0.0475,1.212111623,-0.00272788,-0.026396492,1.735020915,85.34057501,80.36315027,80.8599422,-78999.45998,3017.079438,744.3203641
0.04775,1.24873887,0.020064881,0.035593616,1.726731688,85.36094269,80.35193615,80.88249641,-79010.63122,3030.756511,747.6945292
0.048,1.197162178,-0.019629007,0.004865503,1.703746497,85.38131037,80.32453388,80.88019892,-79000.38239,3023.24116,745.840475
0.04825,1.240643744,-0.009703558,0.017406408,1.749403586,85.40167805,80.33879078,80.86433822,-78998.6211,3024.036655,746.0367253
0.0485,1.231646372,0.016115556,-0.000913305,1.731187021,85.42204573,80.37484693,80.82807779,-78977.65904,3006.184669,741.6325997
0.04875,1.231792264,-0.000124593,-0.041702555,1.772325287,85.44241341,80.3704918,80.79249634,-78989.46575,3020.604518,745.1900093
0.049,1.230809079,0.010955662,0.000534251,1.732549312,85.46278109,80.34911779,80.81104726,-78981.45964,3015.428566,743.9130903
0.04925,1.272340028,-0.011657759,0.030799947,1.786581861,85.48314877,80.32490448,80.84264562,-78980.57648,3017.379342,744.3943512
0.0495,1.257656962,0.022037289,0.035956864,1.737671103,85.50351644,80.30985202,80.83004316,-78997.9037,3037.214605,749.2877557
0.04975,1.210046686,-0.014247577,-0.041001553,1.750638146,85.52388412,80.28465779,80.79879139,-78990.70131,3032.915364,748.2271231
0.05,1.223790754,0.003016343,0.03304461,1.705599085,85.5442518,80.30606248,80.8282728,-78964.71079,3009.700093,742.4998628
0.05025,1.262681281,-0.008888881,0.012286,1.78348743,85.56461948,80.32369636,80.79977982,-78963.55872,3010.85403,742.7845419
0.0505,1.255626061,0.020117694,-0.018602356,1.775285393,85.58498716,80.32895661,80.72841455,-78985.64121,3035.651953,748.9022458
0.05075,1.190608865,0.005616734,-0.02306592,1.696477388,85.60535484,80.31620515,80.71350153,-78982.20748,3034.933662,748.7250419
0.051,1.199653714,0.030347729,0.020592555,1.660589314,85.62572252,80.30613095,80.7797216,-78958.99561,3013.773633,743.5048145
0.05125,1.257756183,-0.011761667,0.036862727,1.761993398,85.6460902,80.2658879,80.78729797,-78962.90838,3020.214859,745.0938796
0.0515,1.195803273,-0.039577883,-0.050830733,1.755103864,85.66645788,80.24852922,80.73481965,-78967.29628,3026.85034,746.7308679
0.05175,1.290504331,0.022787601,-0.003518142,1.811709651,85.68682556,80.28900534,80.7610066,-78947.13723,3009.26722,742.3930721
0.052,1.248163962,0.00693272,-0.013754781,1.770175664,85.70719323,80.26194795,80.75094341,-78955.52639,3019.658237,744.9565597
0.05225,1.254848777,0.017320983,0.001725373,1.761259926,85.72756091,80.2431805,80.73983147,-78975.08557,3041.698613,750.3939707
0.0525,1.236082078,0.011830459,0.022020649,1.724192861,85.74792859,80.25979509,80.74340783,-78946.08428,3015.089844,743.8295266
0.05275,1.297601829,-0.008984833,0.010743974,1.834001382,85.76829627,80.25622249,80.71199313,-78954.3271,3025.996963,746.5203378
0.053,1.243103448,-0.020410019,-0.020471156,1.786921113,85.78866395,80.2618713,80.6713297,-78953.22525,3027.215679,746.8209979
0.05325,1.230356429,0.03514926,0.00870549,1.709283613,85.80903163,80.29897366,80.66862631,-78942.49354,3018.900083,744.7695215
0.0535,1.265931327,0.071689404,-0.001878521,1.743263555,85.82939931,80.29184302,80.65242054,-78944.20192,3023.42921,745.8868673
0.05375,1.230386594,-0.027063352,-0.028096027,1.779033429,85.84976699,80.21189587,80.65319343,-78956.48934,3038.110684,749.5088205
0.054,1.246990808,0.023946687,0.030653838,1.724922471,85.87013467,80.21916667,80.69877317,-78940.73165,3024.827166,746.2317461
0.05425,1.263858059,0.027301264,0.03841094,1.740952835,85.89050235,80.23795881,80.69691016,-78923.66317,3010.307206,742.649639
0.0545,1.225092753,-0.022875959,-0.014991251,1.75934545,85.91087002,80.22302896,80.62390749,-78933.74686,3023.214993,745.8340195
0.05475,1.254047353,-0.01621567,-0.025131864,1.80276097,85.9312377,80.25386827,80.59546606,-78922.42668,3014.63449,743.7171898
0.055,1.288930184,0.033534048,-0.02240365,1.816244727,85.95160538,80.28471588,80.61756999,-78897.365,2992.166038,738.1741716
0.05525,1.257552528,-0.01302118,0.023462279,1.771628441,85.97197306,80.21659228,80.62411602,-78925.51592,3022.76779,745.7236935
0.0555,1.243776023,-0.054254183,-0.036230904,1.82308118,85.99234074,80.16886988,80.6128486,-78919.37172,3019.519028,744.9222167
0.05575,1.317639788,-0.013231465,0.042565018,1.843948808,86.01270842,80.20024205,80.64253013,-78913.61284,3016.125548,744.0850374
0.056,1.270626642,0.039321935,0.029560863,1.748270811,86.0330761,80.22214391,80.61455996,-78912.49524,3017.448244,744.4113493
0.05625,1.245987972,-0.027863098,-0.073050138,1.83428459,86.05344378,80.20217942,80.53707727,-78913.95657,3021.553258,745.4240656
0.0565,1.26919667,0.008937924,-0.010730559,1.796344252,86.07381146,80.21776314,80.55719802,-78900.34308,3010.583354,742.7177655
0.05675,1.283382364,0.015608086,0.046328812,1.771580332,86.09417914,80.21201716,80.58379079,-78909.59655,3021.807646,745.4868238
0.057,1.270968407,0.032759578,-0.003385326,1.777201451,86.11454681,80.16649123,80.57564046,-78922.70394,3037.360818,749.3238268
0.05725,1.267455566,-0.060563879,-0.029130058,1.856275306,86.13491449,80.13545157,80.5837654,-78884.25417,3001.789468,740.5482937
0.0575,1.29656688,0.042077119,0.06838347,1.75581066,86.15528217,80.1784996,80.60562155,-78897.85619,3017.594498,744.4474306
0.05775,1.307012655,-0.031225799,-0.011393638,1.878688538,86.17564985,80.16056431,80.54165561,-78913.01882,3035.193632,748.7891769
0.058,1.311928369,-0.027113835,-0.013538963,1.884166114,86.19601753,80.18797381,80.50361356,-78897.89482,3022.970222,745.7736339
0.05825,1.307447336,0.057312142,-0.001907795,1.811285693,86.21638521,80.23105023,80.50872374,-78883.87343,3011.623809,742.9744481
0.0585,1.282293764,-6.67E-05,-0.013644813,1.823208572,86.23675289,80.17788325,80.49595633,-78891.6821,3021.948903,745.5216723
0.05875,1.293976396,-0.015499736,-0.041291179,1.870382965,86.25712057,80.13936251,80.51330129,-78888.04526,3021.090771,745.3099692
0.059,1.311083446,0.004684201,0.071794886,1.801948657,86.27748825,80.11851172,80.55925416,-78898.75404,3034.285404,748.565115
0.05925,1.271533076,-0.017394106,-0.015734722,1.821646074,86.29785593,80.12594275,80.50836628,-78874.78808,3012.742772,743.2504987
0.0595,1.312026275,0.012679152,0.019321026,1.832875861,86.3182236,80.16518067,80.46577417,-78886.53704,3027.36678,746.8582749
0.05975,1.278860011,0.012475903,-0.035194633,1.825579578,86.33859128,80.1685614,80.42287421,-78878.9281,3022.513449,745.6609469
0.06,1.287665429,0.039662052,-0.012862302,1.803231437,86.35895896,80.15828125,80.45231891,-78870.83716,3016.593947,744.2005925
0.06025,1.309715373,-0.022148619,0.015345289,1.857595597,86.37932664,80.10509698,80.49015184,-78869.99106,3018.097908,744.5716231
0.0605,1.280324998,-0.051347086,-0.016694241,1.859249919,86.39969432,80.0779201,80.49130152,-78857.56227,3008.205136,742.1310535
0.06075,1.279713892,0.02052735,0.028810148,1.774930851,86.420062,80.11473651,80.47731466,-78865.31892,3018.337755,744.6307938
0.061,1.278809657,-0.023226874,-0.035944029,1.850415658,86.44042968,80.12501764,80.41357193,-78854.66079,3010.329382,742.65511
0.06125,1.283995078,0.004600882,-0.051259473,1.850101242,86.46079736,80.15315428,80.38727225,-78853.15335,3011.012757,742.8237002
0.0615,1.354218813,0.035618457,0.015478822,1.879185267,86.48116504,80.16094635,80.41276149,-78857.75509,3018.102526,744.5727623
0.06175,1.289348923,-0.03173002,-0.031189567,1.867905718,86.50153272,80.09047593,80.40626918,-78859.69868,3022.585315,745.6786766
0.062,1.293319974,-0.014918114,-0.022458186,1.855482664,86.52190039,80.07219223,80.42981685,-78848.11067,3013.666869,743.4784756
0.06225,1.334915494,0.020168033,0.056822647,1.833964497,86.54226807,80.0761342,80.44673205,-78857.93678,3026.110925,746.5484525
0.0625,1.279411733,-0.021594546,-0.008534956,1.830736072,86.56263575,80.06573813,80.38988431,-78845.72487,3016.767946,744.2435183
0.06275,1.284782879,0.041023707,-0.040629539,1.819429089,86.58300343,80.10591557,80.35125529,-78850.56064,3023.86572,745.9945554
0.063,1.272858222,-0.008575645,0.020308126,1.792146414,86.60337111,80.08626526,80.36484953,-78848.9284,3024.533145,746.1592105
0.06325,1.271137798,-0.01225163,0.0162155,1.795196027,86.62373879,80.06000285,80.38511597,-78844.64231,3022.759163,745.7215652
0.0635,1.288636426,-0.001929382,-0.006245941,1.828195581,86.64410647,80.06579776,80.38172555,-78839.99669,3020.516934,745.1684022
0.06375,1.325269383,-0.012673067,0.008045501,1.877657587,86.66447415,80.08403298,80.35944046,-78821.14405,3004.665752,741.2578796
0.064,1.320809109,0.045047691,0.008758388,1.830399193,86.68484183,80.08619346,80.30516176,-78859.81468,3045.729211,751.3883283
0.06425,1.272921349,-0.023643536,-0.046211011,1.849783764,86.70520951,80.09639635,80.2591477,-78830.18047,3018.735994,744.7290403
0.0645,1.320819827,0.061580698,0.018060352,1.812390536,86.72557718,80.13405553,80.27171365,-78832.65143,3024.043635,746.0384475
0.06475,1.263849325,0.006205033,-0.040803864,1.812732452,86.74594486,80.08786863,80.26252385,-78813.90901,3007.767039,742.0229741
0.065,1.290089058,-0.012736347,-0.035325749,1.858652395,86.76631254,80.03497543,80.27799887,-78837.52192,3033.544636,748.3823659
0.06525,1.310794815,-0.017163788,0.031954904,1.844266308,86.78668022,80.03309292,80.33939001,-78815.4251,3013.612338,743.4650226
0.0655,1.344440152,-0.011111911,0.055313209,1.871839194,86.8070479,80.036866,80.32942296,-78816.04721,3016.893986,744.2746126
0.06575,1.294570282,-0.03000447,-0.017532347,1.86447503,86.82741558,80.05097373,80.23083605,-78827.62568,3030.621723,747.6612767
0.066,1.314140087,0.027148612,-0.007889668,1.845355633,86.84778326,80.10354033,80.20904742,-78806.81274,3012.417735,743.1703114
0.06625,1.305815255,0.027043195,-0.01795585,1.841100984,86.86815094,80.08517639,80.21195336,-78810.23073,3018.309554,744.6238366
0.0665,1.323426307,-0.034916566,-0.027786835,1.915965331,86.88851862,80.01638864,80.24098618,-78807.52741,3018.286935,744.6182563
0.06675,1.330383681,-0.004102636,0.056220401,1.846072768,86.9088863,79.99293058,80.28827115,-78814.41117,3027.61804,746.9202613
0.067,1.302139641,-0.040676298,-0.00993226,1.877666775,86.92925397,79.9923474,80.249883,-78801.50889,3017.097883,744.3249145
0.06725,1.277047618,0.036246429,-0.019448792,1.795436573,86.94962165,80.0537498,80.19920796,-78791.99028,3010.173761,742.616718
0.0675,1.270996318,0.017629431,-0.018764204,1.798814959,86.96998933,80.05769218,80.16260978,-78800.47776,3021.291646,745.3595254
0.06775,1.295183708,-0.055242003,-0.06699509,1.918155055,86.99035701,80.02879883,80.150175,-78779.26723,3002.7768,740.7918707
0.068,1.292253317,0.039208995,0.012330873,1.791380464,87.01072469,80.03641212,80.19513604,-78779.1155,3005.305808,741.4157829
0.06825,1.298929603,-0.013681277,-0.033477736,1.870467466,87.03109237,79.99823409,80.19755171,-78767.15069,2996.007633,739.121902
0.0685,1.328380979,-0.01426874,-0.002818841,1.890749146,87.05146005,79.9741317,80.20374449,-78792.11424,3023.342242,745.8654121
0.06875,1.341552212,-0.000904308,0.007215368,1.892804864,87.07182773,80.00311155,80.1928412,-78768.95486,3003.066873,740.8634324
0.069,1.333429752,0.026761982,-0.003483898,1.869661355,87.09219541,80.03126471,80.13775261,-78783.53754,3020.073558,745.0590203
0.06925,1.255931916,-0.002874462,-0.07285147,1.831708373,87.11256309,80.02039837,80.08329672,-78776.7561,3016.378936,744.1475487
0.0695,1.283261203,-0.013832012,-0.020537937,1.839126959,87.13293076,80.00191275,80.10424876,-78779.47862,3021.497948,745.4104206
0.06975,1.326240489,0.000745159,0.03996491,1.847425486,87.15329844,80.00368278,80.13974383,-78776.86489,3021.298001,745.3610933
0.07,1.26772818,0.008833858,-0.013559678,1.796389423,87.17366612,79.98043312,80.11006147,-78775.58318,3022.432766,745.6410423
0.07025,1.28622294,-0.034510408,0.005725411,1.840007995,87.1940338,79.95358055,80.1042916,-78781.26162,3030.585296,747.65229
0.0705,1.270379737,0.029073662,0.016591751,1.764364159,87.21440148,79.98811417,80.10518248,-78775.07034,3026.640579,746.6791194
0.07075,1.275576583,-0.007476073,-0.019050656,1.822750059,87.23476916,80.00160421,80.07296957,-78748.41665,3002.610211,740.750773
0.071,1.293056484,-0.000712676,0.016834331,1.817385352,87.25513684,80.00665182,80.04383095,-78777.64168,3034.252146,748.5569102
0.07125,1.303464985,0.011559534,-0.020709343,1.850269879,87.27550452,80.00152222,80.03911339,-78757.8209,3017.10194,744.3259155
0.0715,1.312830629,-0.016320498,0.014605448,1.858221664,87.2958722,79.95340051,80.07714004,-78753.48861,3015.148364,743.8439638
0.07175,1.305226378,-0.006637595,0.014126142,1.840749314,87.31623988,79.89917557,80.10262282,-78770.20761,3034.136545,748.5283913
0.072,1.267410674,-0.046513027,0.01683557,1.815033506,87.33660755,79.89731466,80.09963099,-78736.73269,3003.043509,740.8576685
0.07225,1.276143535,0.011559139,0.042668191,1.766805845,87.35697523,79.95019681,80.05277431,-78746.37704,3015.128628,743.8390949
0.0725,1.228921291,-0.044909631,-0.077504011,1.824953337,87.37734291,79.97705089,79.95778923,-78738.19202,3009.303727,742.4020784
0.07275,1.304222623,0.087341106,0.025802775,1.766053482,87.39771059,80.02737369,79.96009903,-78765.19087,3038.722814,749.6598342
0.073,1.273810695,0.022624878,-0.013808859,1.795760976,87.41807827,79.96392404,79.97856684,-78745.45449,3021.595617,745.4345156
0.07325,1.283726698,-0.073524566,-0.048171412,1.901769269,87.43844595,79.88239799,79.99623132,-78743.1535,3021.882849,745.5053765
0.0735,1.348079334,-0.000933407,0.073636467,1.85731006,87.45881363,79.91076572,80.0457761,-78749.5697,3030.602433,747.6565177
0.07375,1.366179074,0.028525845,0.045297108,1.87998048,87.47918131,79.95422643,79.99708765,-78739.18318,3022.690052,745.7045154
0.074,1.296008207,0.012908005,-0.059650666,1.86799943,87.49954899,79.95815822,79.90140368,-78745.73502,3031.562626,747.8933996
0.07425,1.307850958,-0.012226505,-0.039668973,1.886575618,87.51991667,79.95911444,79.91466868,-78736.47065,3024.417466,746.1306723
0.0745,1.314572366,0.026145357,0.039558426,1.812700917,87.54028434,79.94239765,79.98319194,-78706.90944,2997.682612,739.535123
0.07475,1.344126229,-0.026323513,0.013982665,1.910245792,87.56065202,79.88014829,79.98121491,-78740.16421,3032.983307,748.2438847
0.075,1.284737499,-0.024175003,0.012138914,1.825945727,87.5810197,79.88421937,79.9473871,-78734.63399,3029.97086,747.5007073
0.07525,1.301513328,0.062015429,0.009651701,1.791090021,87.60138738,79.94277271,79.89914899,-78743.52504,3041.271988,750.2887213
0.0755,1.236806468,-0.035855092,-0.017288489,1.786831366,87.62175506,79.92642791,79.86815628,-78709.84716,3010.098516,742.5981548
0.07575,1.287019244,-0.015411173,-0.020066923,1.845215683,87.64212274,79.91032578,79.88055635,-78717.17093,3019.652325,744.9551012
0.076,1.27558474,0.032280102,0.021678297,1.765842628,87.66249042,79.89921446,79.90103296,-78741.99789,3046.206591,751.5060991
0.07625,1.24722244,-0.017668076,0.026140488,1.758666637,87.6828581,79.88401014,79.89197251,-78712.2898,3019.039066,744.8038088
0.0765,1.252523718,-0.056889336,-0.003000882,1.814885267,87.70322578,79.87618038,79.8499954,-78716.23099,3025.08991,746.2965659
0.07675,1.252944767,0.040083459,0.008164535,1.738254641,87.72359346,79.92941362,79.82091034,-78708.7155,3019.665847,744.9584372
0.077,1.254942793,0.003360193,-0.018247402,1.785480094,87.74396113,79.92031926,79.78121504,-78710.4383,3023.34608,745.866359
0.07725,1.224630101,-0.020466179,-0.017196233,1.758524405,87.76432881,79.88286257,79.77170061,-78724.24922,3038.91979,749.7084287
0.0775,1.22501424,-0.00983388,0.006034455,1.73522719,87.78469649,79.89005739,79.80894037,-78696.54078,3012.784385,743.2607649
0.07775,1.232642696,0.039337371,0.039347483,1.687581424,87.80506417,79.90991542,79.80243882,-78702.48995,3020.417522,745.1438772
0.078,1.241416079,-0.041314908,-0.015887378,1.796345549,87.82543185,79.88554382,79.72873489,-78712.9873,3032.931288,748.2310515
0.07825,1.18212792,0.016066092,-0.024021357,1.678124926,87.84579953,79.92795759,79.70161168,-78700.95268,3022.682501,745.7026524
0.0785,1.26502454,-0.006065905,0.021435768,1.778465713,87.86616721,79.94496107,79.71252998,-78697.09152,3020.687281,745.2104272
0.07875,1.238605386,0.020723161,-0.014748212,1.747967556,87.88653489,79.92444587,79.68786872,-78706.70879,3032.186701,748.0473602
0.079,1.18749489,-0.007901835,0.021879655,1.669885966,87.90690257,79.90301179,79.66983316,-78711.24204,3038.673402,749.6476442
0.07925,1.210294181,-0.004507939,0.017843473,1.702404906,87.92727025,79.92243242,79.63479439,-78707.7155,3036.854042,749.1988039
0.0795,1.176899884,-0.03184688,-0.024608195,1.704330603,87.94763792,79.95170396,79.5738209,-78681.03038,3012.226614,743.1231613
0.07975,1.171630665,0.022496139,-0.008157077,1.647224604,87.9680056,79.9807904,79.53820231,-78690.17139,3022.991204,745.7788102
0.08,1.162734437,0.011730671,0.006237646,1.631663161,87.98837328,79.97576416,79.50075706,-78689.40378,3023.845969,745.9896827
0.08025,1.13305447,-0.038751056,-0.001210355,1.631286054,88.00874096,79.9587194,79.45393718,-78702.82118,3038.834018,749.6872684
0.0805,1.059114477,-0.014797458,-0.002049932,1.509807685,88.02910864,79.99312339,79.40454762,-78688.51525,3025.50898,746.3999514
0.08075,1.093798611,0.002813798,0.048938587,1.511326513,88.04947632,80.04922695,79.32141859,-78707.28361,3045.0276,751.2152394
0.081,1.052504783,-0.017817861,-0.024617177,1.518495476,88.069844,80.08736985,79.19947009,-78719.31558,3057.462224,754.2828894
0.08125,1.014739653,0.007257807,0.019893349,1.415944383,88.09021168,80.13960155,79.13437391,-78706.72483,3044.996066,751.2074598
0.0815,1.050810179,0.01838538,0.051549409,1.437192717,88.11057936,80.18354045,79.04521899,-78730.6855,3068.21595,756.935858
0.08175,0.94744092,-0.023077693,0.004716172,1.353295542,88.13094704,80.21272065,78.91918988,-78736.2531,3072.54748,758.0044564
0.082,0.986096841,0.021868212,0.052262592,1.342649274,88.15131471,80.28278909,78.82550498,-78751.00073,3085.637155,761.2337091
0.08225,0.898422574,0.00011762,-0.002342884,1.272138457,88.17168239,80.33461275,78.69969186,-78733.00415,3064.740159,756.0783725
0.0825,0.880150456,0.00613949,0.054380292,1.20337804,88.19205007,80.39384544,78.58926509,-78763.78312,3092.241743,762.8630758
0.08275,0.86564691,-0.015893303,0.017283633,1.223901184,88.21241775,80.44869537,78.48403079,-78756.98156,3081.993506,760.3348125
0.083,0.831257913,0.01734678,0.005768829,1.159317735,88.23278543,80.48562393,78.40187862,-78762.8564,3083.796568,760.779632
0.08325,0.799748745,-0.013162202,0.010282821,1.133415335,88.25315311,80.50378796,78.32516839,-78770.95612,3087.542193,761.7036862
0.0835,0.773232354,-0.033376072,-0.026728919,1.136045499,88.27352079,80.52625115,78.25718927,-78761.86094,3074.340621,758.4468283
0.08375,0.777325935,0.023282098,0.032588083,1.05985998,88.29388847,80.57681206,78.21575245,-78781.82491,3089.98178,762.3055378
0.084,0.771946265,-0.012862333,0.010538677,1.093715529,88.31425615,80.59556692,78.15949063,-78769.49986,3073.907343,758.3399375
0.08425,0.761542437,-0.006025885,-0.010972865,1.089020428,88.33462383,80.61618935,78.09938285,-78783.30757,3084.237257,760.888351
0.0845,0.744592772,0.001142238,-0.029103942,1.073424488,88.3549915,80.62992458,78.06128633,-78777.31506,3075.069281,758.6265904
0.08475,0.698907067,0.014013802,0.00505071,0.974985008,88.37535918,80.60296097,78.06522612,-78782.27543,3076.303306,758.9310271
0.085,0.736532224,-0.002244839,0.032960712,1.020805492,88.39572686,80.56270674,78.06897477,-78802.83523,3093.629281,763.2053847
0.08525,0.697637929,-0.027018955,-0.018826267,1.019075887,88.41609454,80.55966552,78.05740929,-78779.0705,3066.470892,756.5053483
0.0855,0.734273988,0.013521521,0.051521355,0.993518628,88.43646222,80.60286853,78.03421195,-78771.49192,3055.689623,753.8455846
0.08575,0.716188261,-0.055687911,0.003049115,1.052525678,88.4568299,80.60573907,77.92739473,-78788.29108,3069.376903,757.2222677
0.086,0.650959764,-0.040653171,-0.083163499,1.009491231,88.47719758,80.65572455,77.84071123,-78789.58789,3067.167523,756.6772086
0.08625,0.753101948,0.094931008,0.030141062,0.979826089,88.49756526,80.71342843,77.85942314,-78804.95253,3079.236938,759.6547609
0.0865,0.721888224,-0.002805494,0.020015218,1.009122137,88.51793294,80.6378381,77.8434402,-78821.75895,3092.566823,762.9432737
0.08675,0.665741748,-0.027409584,-0.009588698,0.967908861,88.53830062,80.60111133,77.83908129,-78813.32073,3081.058924,760.1042489
0.087,0.754913493,0.004856821,0.027246571,1.045268128,88.55866829,80.60960839,77.86661908,-78796.33508,3061.26322,755.2206037
0.08725,0.691882061,-0.014143653,-0.005947095,0.992726057,88.57903597,80.58081827,77.83487566,-78802.07162,3063.647764,755.8088761
0.0875,0.725058843,-0.033159993,0.030698374,1.030102012,88.59940365,80.6021233,77.77866304,-78835.919,3093.916777,763.2763106
0.08775,0.671345848,-0.001352648,0.001145578,0.949577753,88.61977133,80.68407135,77.69854695,-78805.01417,3060.074524,754.9273496
0.088,0.675257381,0.056770947,-0.020903965,0.934451433,88.64013901,80.72866841,77.63663746,-78816.678,3068.617373,757.0348901
0.08825,0.652329359,0.042567752,0.004813558,0.890231043,88.66050669,80.69247948,77.63008892,-78840.42381,3089.111028,762.0907214
0.0885,0.598157915,-0.07641423,-0.039428424,0.928941262,88.68087437,80.60674769,77.64976312,-78809.33971,3055.258348,753.739188
0.08875,0.60820143,-0.032799566,0.047401205,0.85545972,88.70124205,80.59509123,77.67283034,-78819.55148,3062.592209,755.5484683
0.089,0.651684096,-0.023555041,0.014760329,0.929025212,88.72160973,80.61460186,77.62440804,-78829.11977,3068.972042,757.1223876
0.08925,0.604614602,-0.029396251,-0.000777645,0.877090964,88.74197741,80.6786543,77.52579426,-78827.16088,3063.586164,755.7936792
0.0895,0.587641759,0.026649035,-0.025677045,0.832833003,88.76234508,80.75910648,77.41450343,-78837.52479,3070.915435,757.6018271
0.08975,0.55102391,0.044091267,-0.035598063,0.779394914,88.78271276,80.78486881,77.34745296,-78846.62881,3076.731338,759.0366235
0.09,0.600587791,-0.029667159,0.002175098,0.869674066,88.80308044,80.76513005,77.36799536,-78837.21653,3064.325499,755.976075
0.09025,0.570495869,0.047783699,0.048524754,0.738703192,88.82344812,80.74330405,77.37946869,-78840.69715,3065.042323,756.1529169
0.0905,0.533993852,-0.101195161,-0.055571752,0.867833036,88.8438158,80.68150296,77.32854389,-78829.85623,3051.038206,752.6980695
0.09075,0.564340923,-0.054771454,0.035134752,0.81941591,88.86418348,80.72931183,77.32255985,-78838.50855,3056.341957,754.006517
0.091,0.569638105,0.044109773,0.028948326,0.754158694,88.88455116,80.81587867,77.2491291,-78844.13236,3058.59064,754.5612723
0.09125,0.554811766,-0.00351743,-0.025349813,0.805478493,88.90491884,80.81588377,77.14182559,-78869.06248,3080.664924,760.0070483
0.0915,0.529574871,0.001897208,-0.001478646,0.748647414,88.92528652,80.80514578,77.12698338,-78879.40891,3087.471529,761.6862533
0.09175,0.551841981,0.056938507,0.062066969,0.696301165,88.9456542,80.81266753,77.14782214,-78889.10579,3093.800269,763.2475677
0.092,0.504331148,-0.062649148,-0.025899655,0.777149847,88.96602187,80.76637929,77.10482736,-78864.82017,3066.291287,756.4610393
0.09225,0.501679636,-0.009895269,0.03437022,0.694295619,88.98638955,80.78647572,77.07968595,-78880.7798,3078.694939,759.5210484
0.0925,0.539493226,0.000127471,0.034658764,0.739571269,89.00675723,80.81578198,77.04033367,-78891.50399,3086.304876,761.3984373
0.09275,0.518313346,-0.023042841,0.001061386,0.749130913,89.02712491,80.82226439,77.00433799,-78869.95692,3061.645532,755.3149209
0.093,0.520399421,0.026097179,0.015743737,0.70648373,89.04749259,80.82996661,76.96913632,-78892.41037,3080.717372,760.0199873
0.09325,0.507236854,0.021267707,-0.012048441,0.711992413,89.06786027,80.8149011,76.94187446,-78895.23019,3080.235708,759.9011598
0.0935,0.50908224,-0.048804097,0.016922577,0.746845563,89.08822795,80.81802565,76.91829013,-78890.2457,3071.956582,757.8586805
0.09375,0.499787084,0.035881389,0.040026068,0.65315072,89.10859563,80.86247535,76.88968596,-78891.68788,3070.127539,757.4074515
0.094,0.476150896,-0.02362822,-0.010062673,0.697400046,89.12896331,80.84546282,76.8217368,-78902.56516,3077.831609,759.308063
0.09425,0.428375215,0.000152021,-0.001682,0.606900054,89.14933099,80.84102698,76.78035907,-78914.35074,3086.318687,761.4018445
0.0945,0.468720441,0.005867804,0.002083956,0.657264399,89.16969866,80.874332,76.77125682,-78895.03606,3063.895843,755.8700777
0.09475,0.460719181,0.009362517,0.034241039,0.62147034,89.19006634,80.88303645,76.7480196,-78914.0445,3079.135809,759.629812
0.095,0.418532851,-0.004244472,-0.010182606,0.602140241,89.21043402,80.87185095,76.69112696,-78903.5168,3066.244205,756.4494239
0.09525,0.426162019,3.63E-05,-0.031861981,0.626407732,89.2308017,80.88009736,76.67544937,-78908.73644,3067.961611,756.8731119
0.0955,0.489752386,0.02119656,0.030754879,0.655983716,89.25116938,80.87188023,76.70901576,-78919.15,3075.651433,758.7702086
0.09575,0.465350309,-0.017499972,0.036615478,0.647986444,89.27153706,80.83693999,76.70159766,-78917.37362,3071.175448,757.6659728
0.096,0.453096368,0.014401336,-0.026781464,0.651484527,89.29190474,80.84512868,76.66457677,-78915.92896,3067.040532,756.6458798
0.09625,0.468247497,0.025646779,0.027467664,0.624648359,89.31227242,80.86620334,76.65893541,-78918.58883,3066.90857,756.6133243
0.0965,0.449311993,-0.00315976,-0.000558471,0.638060254,89.3326401,80.86843412,76.62631956,-78893.83814,3040.003793,749.9758548
0.09675,0.438975558,-0.045220458,-0.042486626,0.68283167,89.35300778,80.86050409,76.59683024,-78889.00054,3032.853326,748.2118181
0.097,0.515665315,-0.005921528,-0.012211648,0.74212296,89.37337545,80.85609694,76.62891798,-78895.65315,3036.89119,749.2079686
0.09725,0.527551237,-0.002551226,0.018989815,0.734919967,89.39374313,80.81927752,76.64483338,-78912.51929,3051.599135,752.8364518
0.0975,0.503547721,-0.024659708,-0.013868798,0.739485893,89.41411081,80.80812354,76.62600753,-78903.72678,3040.832279,750.180244
0.09775,0.534259418,-0.016250653,0.017220972,0.755983096,89.43447849,80.82441567,76.61579048,-78894.95857,3030.408183,747.6085957
0.098,0.519012832,0.004380523,0.004475018,0.727733182,89.45484617,80.81828353,76.58325451,-78923.57951,3057.088539,754.1907003
0.09825,0.518253362,-0.001526708,0.002751464,0.732073652,89.47521385,80.80936674,76.57058233,-78920.06008,3052.159966,752.9748102
0.0985,0.543030396,0.034482686,0.00131673,0.743756983,89.49558153,80.80646059,76.55544787,-78935.98538,3066.273782,756.4567207
0.09875,0.552620427,-0.008869047,0.024924891,0.771281426,89.51594921,80.80121945,76.54058275,-78933.21937,3061.624402,755.3097082
0.099,0.573782229,0.038831204,-0.000982085,0.78620081,89.53631689,80.82998165,76.52441086,-78926.13475,3053.135457,753.215466
0.09925,0.58064916,0.034044849,-0.028716263,0.821000273,89.55668457,80.82650513,76.51069948,-78922.79819,3048.260024,752.0126856
0.0995,0.59244971,0.007846684,0.010709387,0.824736743,89.57705224,80.80726883,76.51638687,-78919.31222,3043.546564,750.8498644
0.09975,0.601713613,-0.026036843,0.018637058,0.857930453,89.59741992,80.79573004,76.52197908,-78903.72464,3026.859788,746.7331987
0.1,0.579831925,0.011858095,0.010660263,0.804084627,89.6177876,80.77558056,76.50733235,-78925.85553,3047.970297,751.9412094
0.10025,0.544956442,-0.037161251,0.004592703,0.7953599,89.63815528,80.73738839,76.49327741,-78925.0022,3046.143502,751.4905349
0.1005,0.551651705,0.035531413,0.031189721,0.732993645,89.65852296,80.76163233,76.48681589,-78920.89119,3041.275749,750.2896492
0.10075,0.521108124,-0.011644806,0.013832757,0.736072747,89.67889064,80.74809601,76.45169791,-78923.93037,3043.381779,750.8092115
0.101,0.554825906,-0.010367083,-0.001153453,0.792868875,89.69925832,80.75584008,76.42134552,-78937.52112,3056.000578,753.9222978
0.10125,0.588810098,0.070678758,0.044165142,0.752197571,89.719626,80.79520674,76.42010544,-78932.94212,3050.599349,752.5898025
0.1015,0.52327607,0.015722757,-0.027644094,0.750335976,89.73999368,80.75752244,76.39182606,-78922.74152,3039.561442,749.8667257
0.10175,0.554373555,-0.043037814,-0.035710733,0.839734182,89.76036136,80.70458322,76.40233101,-78920.95285,3037.123871,749.2653714
0.102,0.546893715,-0.01024319,0.039636874,0.75511526,89.78072903,80.7223527,76.44068431,-78905.27703,3020.615682,745.1927636
0.10225,0.579653154,0.039372334,0.05055797,0.756287113,89.80109671,80.74241062,76.39248845,-78938.99658,3053.433632,753.2890265
0.1025,0.536561661,-0.058747535,-0.069363867,0.849500731,89.82146439,80.75666289,76.29203518,-78910.84424,3025.014147,746.2778748
0.10275,0.590017765,0.087359513,-0.002914586,0.782549361,89.84183207,80.86199431,76.28771171,-78921.66313,3034.78052,748.6872614
0.103,0.610236944,0.074711773,0.026608844,0.793550791,89.86219975,80.83963808,76.29897754,-78910.10834,3023.443671,745.890435
0.10325,0.527110947,-0.080319412,-0.053520743,0.840727642,89.88256743,80.72111511,76.28909092,-78905.24623,3018.72378,744.726027
0.1035,0.617610718,0.007342223,-0.020567891,0.88344697,89.90293511,80.7108229,76.34376572,-78916.9378,3030.245698,747.5685105
0.10375,0.654143619,0.012422634,0.013063831,0.907077466,89.92330279,80.70743718,76.38183704,-78904.29447,3017.803884,744.4990866
0.104,0.615779191,-0.017742767,0.050835871,0.851595007,89.94367047,80.67542048,76.36320326,-78923.47538,3037.100947,749.259716
0.10425,0.59861696,-0.065528528,-0.030214414,0.915295151,89.96403815,80.67289128,76.30731228,-78905.20615,3019.53616,744.9264431
0.1045,0.664367323,0.073211914,0.04016449,0.860340646,89.98440582,80.74362032,76.29122885,-78933.57351,3048.116708,751.9773292
0.10475,0.594463228,-0.022746406,-0.00946101,0.863625335,90.0047735,80.72606855,76.24884801,-78909.72609,3024.808742,746.2272011
0.105,0.599789042,-0.015516075,-0.049738596,0.895353405,90.02514118,80.70682179,76.24576052,-78910.56288,3026.339186,746.6047651
0.10525,0.652443233,0.054646388,0.04235666,0.854235173,90.04550886,80.69963465,76.30779112,-78909.71305,3026.188707,746.5676416
0.1055,0.676278153,-0.013854248,0.015784757,0.955726284,90.06587654,80.62748527,76.32671503,-78908.23084,3025.424737,746.3791683
0.10575,0.607054285,-0.029905025,0.00858949,0.874848045,90.08624422,80.57667296,76.33097721,-78911.46402,3029.668303,747.4260659
0.106,0.673263628,0.010300739,0.045788494,0.913512024,90.1066119,80.59812252,76.33227903,-78921.85641,3040.84224,750.1827016
0.10625,0.666977802,-0.019434653,-0.00091141,0.957904572,90.12697958,80.63279444,76.29605544,-78884.87015,3005.301456,741.4147092
0.1065,0.664682532,0.003730596,0.000508002,0.937014223,90.14734726,80.66449016,76.23668763,-78901.74977,3022.966059,745.772607
0.10675,0.640449429,-0.00292251,-0.01154715,0.916024768,90.16771494,80.67734176,76.19885115,-78899.51925,3021.856159,745.498792
0.107,0.638742051,0.012803211,0.012179748,0.885652382,90.18808261,80.67290297,76.19895914,-78898.74127,3022.07259,745.552186
0.10725,0.652368056,-0.026314336,-0.018907416,0.954607464,90.20845029,80.64254587,76.19546242,-78895.5259,3020.269646,745.1073958
0.1075,0.630911695,-0.039336041,-0.013105354,0.929880657,90.22881797,80.62683058,76.20143229,-78881.80965,3007.714374,742.0099815
0.10775,0.658141528,0.036313505,0.05166525,0.868745786,90.24918565,80.65393896,76.19436665,-78899.5136,3026.512962,746.647636
0.108,0.671283704,0.036975704,-0.010919358,0.932760202,90.26955333,80.6638663,76.13966589,-78911.88512,3039.927122,749.9569398
0.10825,0.669628179,-0.025061716,-0.021969158,0.980260419,90.28992101,80.6667408,76.1108622,-78895.65527,3025.359594,746.3630974
0.1085,0.699706548,0.036561474,0.025110477,0.946029795,90.31028869,80.68467358,76.12453666,-78896.03978,3027.143229,746.8031243
0.10875,0.638438462,-0.012454401,0.003770442,0.909245984,90.33065637,80.63589992,76.12027996,-78888.27112,3020.124715,745.071641
0.109,0.629626976,-0.048398858,-0.029919111,0.946076939,90.35102405,80.60787766,76.09798445,-78900.08468,3033.243695,748.3081232
0.10925,0.661009321,0.018291175,0.046003664,0.889992447,90.37139173,80.65364846,76.10212015,-78896.5674,3030.83983,747.715084
0.1095,0.666712344,0.027973534,-0.000487245,0.924095545,90.3917594,80.65718153,76.05404314,-78903.28431,3038.448523,749.592166
0.10975,0.606426424,-0.037217073,-0.0605913,0.927219473,90.41212708,80.64523567,76.00077882,-78890.45645,3026.828939,746.7255883
0.11,0.65614376,-0.019336845,0.018002833,0.929995775,90.43249476,80.6722081,76.02899568,-78878.71463,3016.248199,744.1152956
0.11025,0.718498156,0.052416955,0.03866019,0.951857697,90.45286244,80.66806762,76.04020061,-78890.86363,3029.517464,747.3888536
0.1105,0.652047342,-0.032341167,-0.030726596,0.966731859,90.47323012,80.60208212,76.00970786,-78890.72159,3030.366956,747.598425
0.11075,0.72333382,0.034116583,0.056422591,0.959316707,90.4935978,80.62923718,76.02047385,-78920.38474,3060.592353,755.0550993
0.111,0.677017078,0.034510502,0.019068161,0.919755371,90.51396548,80.66077994,75.99158229,-78878.03567,3019.779953,744.9865874
0.11125,0.661301342,-0.018590291,-0.021888612,0.963852698,90.53433316,80.63142002,75.96222129,-78883.8575,3026.884128,746.7392034
0.1115,0.709942056,0.012509624,0.005673378,0.991187723,90.55470084,80.63142243,75.96758811,-78897.70065,3041.432728,750.3283761
0.11175,0.724677206,0.034025589,0.024261148,0.983706082,90.57506852,80.63994931,75.96946761,-78888.24808,3033.153449,748.2858592
0.112,0.705879985,0.006052652,-0.004238435,0.99706187,90.59543619,80.61919397,75.93552824,-78893.94279,3039.990722,749.97263
0.11225,0.648695445,-0.041766509,-0.034935443,0.971666386,90.61580387,80.61442391,75.91283854,-78873.34038,3020.607859,745.1908335
0.1125,0.715762902,0.063537492,0.012347988,0.960630465,90.63617155,80.65334748,75.94192439,-78867.7305,3015.953997,744.0427154
0.11275,0.716610276,0.016140921,0.023191239,0.985665757,90.65653923,80.59333815,75.93638883,-78885.94359,3035.119408,748.7708658
0.113,0.683697324,-0.063517746,-0.033418216,1.036094128,90.67690691,80.54319493,75.89407689,-78900.65186,3050.846275,752.6507198
0.11325,0.688422315,0.042572325,0.035252561,0.918589416,90.69727459,80.61071713,75.93050048,-78872.93265,3023.866014,745.9946278
0.1135,0.770483321,0.021073514,0.066524294,1.029193443,90.71764227,80.61382512,75.93434256,-78872.62424,3025.026897,746.2810204
0.11375,0.637384678,-0.057980814,-0.028110076,0.96296869,90.73800995,80.58963012,75.84953339,-78862.43419,3016.038156,744.0634775
0.114,0.678533903,0.058166557,0.017099706,0.907765018,90.75837763,80.64390027,75.81322676,-78891.79432,3046.688106,751.6248899
0.11425,0.656099291,0.034686323,-0.037706638,0.934217043,90.77874531,80.63218526,75.79577118,-78870.32136,3026.307842,746.5970324
0.1145,0.691567163,-0.030747457,-0.008359515,1.006050191,90.79911298,80.56893965,75.82480686,-78872.37014,3029.515588,747.3883905
0.11475,0.716153377,0.004807134,0.028708832,0.989527549,90.81948066,80.54849546,75.86252057,-78891.612,3049.296107,752.2682896
0.115,0.730613092,-0.028477778,0.070457679,1.010847339,90.83984834,80.55970466,75.86032076,-78867.10347,3025.797665,746.4711706
0.11525,0.722258381,-0.014851547,0.01310555,1.023235253,90.86021602,80.59563637,75.78152359,-78884.30946,3044.00281,750.9624212
0.1155,0.676595031,0.006655542,-0.008196167,0.958111933,90.8805837,80.64670253,75.71060111,-78868.50236,3029.218514,747.3151017
0.11575,0.686502062,0.046675715,0.002142915,0.937927698,90.90095138,80.66558054,75.70769487,-78865.97768,3027.82922,746.9723597
0.116,0.691613816,-0.024327045,0.001246958,0.994902882,90.92131906,80.61519311,75.7324375,-78851.31224,3014.352224,743.6475543
0.11625,0.682348516,-0.003995753,0.005807967,0.963779893,90.94168674,80.57085661,75.74483465,-78863.49474,3027.572071,746.9089205
0.1165,0.665177396,-0.024405725,0.010002167,0.951821079,90.96205442,80.54117726,75.75158376,-78861.97121,3027.242216,746.8275447
0.11675,0.705292154,-0.027337143,0.055513007,0.982762827,90.9824221,80.56236472,75.73549924,-78872.13156,3038.130017,749.5135899
0.117,0.702986475,0.012445932,-0.012759191,0.994873559,91.00278977,80.61455297,75.6560676,-78860.41537,3027.502404,746.8917335
0.11725,0.656140885,-0.02209986,-0.045379308,0.976054825,91.02315745,80.65310702,75.58959598,-78848.04801,3016.261337,744.1185367
0.1175,0.742604517,0.067577382,0.036214006,0.977564755,91.04352513,80.69307449,75.58270945,-78873.43458,3042.700179,750.6410591
0.11775,0.639463765,-0.011857037,-0.048186221,0.947840229,91.06389281,80.63302199,75.55284502,-78861.48164,3031.833099,747.9601259
0.118,0.651582813,-0.004033243,-0.000708009,0.924838789,91.08426049,80.58680056,75.5980214,-78865.55597,3036.856604,749.1994359
0.11825,0.689140987,0.018551729,0.025143579,0.943729815,91.10462817,80.57712027,75.64844343,-78846.72066,3018.971449,744.7871275
0.1185,0.68521895,-0.021923822,-0.006850602,0.989564736,91.12499585,80.56062605,75.63091273,-78840.25049,3013.365174,743.4040468
0.11875,0.677738761,-0.015454152,0.00046055,0.969265427,91.14536353,80.55623439,75.59399138,-78843.81586,3018.379348,744.6410549
0.119,0.671873432,-0.017708836,0.00783781,0.957663638,91.16573121,80.58819017,75.5535622,-78857.32926,3032.799058,748.1984302
0.11925,0.70355908,0.036785875,0.013863624,0.959578948,91.18609889,80.65090345,75.51792247,-78848.09287,3024.547553,746.1627651
0.1195,0.677787743,0.030419157,0.004608598,0.934303181,91.20646656,80.64505896,75.47641329,-78851.71697,3029.612266,747.4122413
0.11975,0.635352471,-0.043015848,-0.022250645,0.945016734,91.22683424,80.58997146,75.4671051,-78858.28897,3036.626733,749.1427264
0.12,0.625045722,-0.002368527,0.067522974,0.842238135,91.24720192,80.5935976,75.48430761,-78849.78079,3029.37082,747.3526761
0.12025,0.633113219,0.001526458,0.030532329,0.873411075,91.2675696,80.62210144,75.41383163,-78860.543,3040.640901,750.1330308
0.1205,0.604284579,-0.006683533,-0.037890954,0.886930298,91.28793728,80.65832163,75.33105353,-78866.41877,3046.8097,751.6548875
0.12075,0.620216771,0.066170922,-0.002764912,0.836555515,91.30830496,80.71378192,75.33250854,-78851.11124,3032.011381,748.0041083
0.121,0.617579059,0.048467567,0.000624992,0.840719408,91.32867264,80.67441785,75.33599846,-78846.94294,3028.432875,747.1212828
0.12125,0.585971378,-0.044182867,-0.015108828,0.871342117,91.34904032,80.60050172,75.33754886,-78856.63575,3038.675443,749.6481477
0.1215,0.632679301,-0.024561595,0.012462955,0.904436138,91.369408,80.60716477,75.36417816,-78834.8677,3017.256159,744.3639615
0.12175,0.615390892,0.02793833,0.037241826,0.824283574,91.38977568,80.63009083,75.32742369,-78854.97043,3037.7091,749.4097486
0.122,0.549337356,-0.070717817,-0.018469277,0.84237919,91.41014335,80.64471416,75.2441295,-78845.83276,3028.79189,747.2098528
0.12225,0.601897267,0.06595679,-0.012816257,0.81933516,91.43051103,80.71194775,75.22557465,-78838.79173,3022.129421,745.5662063
0.1225,0.56492249,0.010345519,-0.010993415,0.799806286,91.45087871,80.67360511,75.21707052,-78833.84778,3017.450012,744.4117855
0.12275,0.554589013,-0.042895116,-0.017239258,0.827425572,91.47124639,80.60689379,75.21839635,-78844.10248,3028.363053,747.1040577
0.123,0.578606418,0.005389893,0.06585491,0.771457912,91.49161407,80.60809687,75.24850835,-78853.67593,3038.081267,749.5015632
0.12325,0.575986108,-0.009642187,0.015830696,0.810791867,91.51198175,80.6277808,75.21737182,-78834.79823,3019.41359,744.8962047
0.1235,0.582716345,-0.042296897,-0.001209151,0.85632864,91.53234943,80.64715525,75.14273921,-78844.4215,3029.117464,747.2901725
0.12375,0.531408491,0.016400238,-0.029112801,0.762554297,91.55271711,80.69513155,75.06567125,-78846.2363,3031.02878,747.7616985
0.124,0.510917243,0.017487922,-0.01728965,0.723660484,91.57308479,80.72950471,75.0285856,-78850.20863,3034.887613,748.7136815
0.12425,0.581395043,0.040169665,0.042864032,0.763510196,91.59345247,80.74183035,75.02796214,-78864.98013,3049.191335,752.2424423
0.1245,0.494643657,0.008062763,0.014134928,0.683876067,91.61382014,80.71312823,74.99821296,-78851.43239,3035.77509,748.9326239
0.12475,0.460701713,-0.037462532,-0.046497817,0.710985663,91.63418782,80.69723071,74.95396661,-78845.77699,3029.966658,747.4996707
0.125,0.545999334,0.008555431,0.03482325,0.742183896,91.6545555,80.72187443,74.97685464,-78858.95969,3042.68098,750.6363228
0.12525,0.473394365,0.014041628,0.011866423,0.651166422,91.67492318,80.71161208,74.95768566,-78839.12343,3022.573789,745.6758331
0.1255,0.479655006,-0.088491078,-0.011873725,0.755156067,91.69529086,80.67492874,74.91782586,-78855.28058,3038.215795,749.5347516
0.12575,0.51992899,0.0317941,0.033037803,0.689449233,91.71565854,80.74039989,74.90489915,-78857.26973,3039.616913,749.8804105
0.126,0.52293656,0.010015325,0.023850983,0.71579748,91.73602622,80.7720913,74.86518699,-78855.37087,3037.541534,749.3684098
0.12625,0.489016765,0.014618388,-0.007518339,0.68708876,91.7563939,80.77727583,74.81608702,-78847.7509,3029.704789,747.4350669
0.1265,0.46352861,-0.027889072,-0.034627576,0.69978306,91.77676158,80.74123753,74.80155715,-78853.51382,3035.036877,748.7505051
0.12675,0.508710832,0.013653487,-0.017266246,0.722972814,91.79712926,80.73107319,74.8352436,-78842.17883,3023.370584,745.8724042
0.127,0.550977995,-0.027310057,0.020526339,0.786183407,91.81749693,80.70217279,74.86235839,-78851.79581,3032.519494,748.1294611
0.12725,0.47551732,-0.008031948,0.011086264,0.670732141,91.83786461,80.68233027,74.84612804,-78845.13262,3025.696964,746.4463275
0.1275,0.530490364,-0.039160561,0.01697402,0.768994345,91.85823229,80.6923106,74.82391249,-78844.35219,3024.815518,746.2288726
0.12775,0.534260655,0.034087399,0.023351943,0.715063807,91.87859997,80.73493737,74.79409703,-78849.89361,3030.117899,747.5369821
0.128,0.510889622,0.006484634,-0.004225655,0.721029022,91.89896765,80.73464215,74.74643318,-78850.97192,3031.602474,747.9032301
0.12825,0.481562737,-0.008656466,-0.003496761,0.689655136,91.91933533,80.71708863,74.72085412,-78865.47068,3046.191769,751.5024425
0.1285,0.486767864,0.004807633,0.025585555,0.667387825,91.93970301,80.73205284,74.72547011,-78850.0224,3030.858396,747.7196644
0.12875,0.558042834,0.006658482,0.004473826,0.781324596,91.96007069,80.74602987,74.71432159,-78844.80828,3026.099678,746.5456779
0.129,0.516377044,0.018576438,-0.018553618,0.731665838,91.98043837,80.73397431,74.68218029,-78850.52216,3032.153303,748.039121
0.12925,0.497550858,-0.00747775,-0.002577369,0.710778554,92.00080605,80.7188746,74.65555246,-78859.94461,3041.786851,750.4157391
0.1295,0.513326239,-0.0123874,-0.019211341,0.748343283,92.02117372,80.73018972,74.6281977,-78864.9082,3046.646524,751.6146315
0.12975,0.538501988,0.01378167,0.036735304,0.726380125,92.0415414,80.75613157,74.6458367,-78849.92288,3031.798091,747.9514893
0.13,0.500062843,0.020763893,0.028609667,0.672351944,92.06190908,80.74977408,74.6285174,-78839.65468,3021.964,745.5253966
0.13025,0.491250148,0.002056737,-0.034088631,0.718747183,92.08227676,80.7275114,74.59862657,-78852.38686,3034.765003,748.6834333
0.1305,0.505601849,0.046596712,0.014357073,0.67308732,92.10264444,80.72592537,74.60955983,-78857.61732,3040.218893,750.0289204
0.13075,0.549592051,0.024315722,-0.020229053,0.776270281,92.12301212,80.69911206,74.60641411,-78853.05462,3036.478031,749.1060411
0.131,0.498156658,0.024915427,0.010687597,0.679548217,92.1433798,80.67051669,74.61142884,-78857.66264,3041.347334,750.3073093
0.13125,0.536006977,-0.050430274,-0.009082878,0.801711423,92.16374748,80.66350443,74.61475412,-78833.41745,3017.635317,744.4575007
0.1315,0.527001325,0.049382778,0.032087137,0.68801066,92.18411516,80.6856834,74.61313839,-78849.06608,3033.344734,748.3330497
0.13175,0.51904706,-0.053533123,0.002316035,0.773290468,92.20448284,80.67871659,74.56087448,-78831.26778,3016.514735,744.1810505
0.132,0.555264317,-0.003006373,-0.001396929,0.788378397,92.22485051,80.71519329,74.51121473,-78859.07039,3044.75549,751.1481092
0.13225,0.543447076,0.042718435,0.025186624,0.72085396,92.24521819,80.75119542,74.49804042,-78850.19047,3036.522936,749.1171194
0.1325,0.519907902,0.02089354,-0.026249592,0.741300085,92.26558587,80.71954457,74.49713676,-78840.25704,3027.447742,746.8782484
0.13275,0.53981662,-0.020520404,0.02121611,0.764634557,92.28595355,80.66626084,74.51729352,-78849.4833,3037.487821,749.3551588
0.133,0.517030358,0.005489823,0.011899607,0.718938022,92.30632123,80.67430251,74.51923219,-78832.01418,3020.785804,745.2347331
0.13325,0.514505857,-0.002847604,0.014075727,0.719980081,92.32668891,80.69127492,74.47924846,-78824.31064,3014.00571,743.5620684
0.1335,0.479257788,-0.020837643,-0.014682805,0.702930034,92.34705659,80.71276197,74.4087556,-78838.21473,3028.640393,747.1724781
0.13375,0.510087737,0.031391629,-0.019354311,0.715565509,92.36742427,80.75398709,74.37434186,-78838.32686,3029.583427,747.4051267
0.134,0.52402061,0.032125992,-0.021562049,0.736548137,92.38779195,80.74488042,74.38349395,-78831.12412,3023.002057,745.7814878
0.13425,0.54521279,-0.03154753,0.00601976,0.790438418,92.40815963,80.70516205,74.39696675,-78839.46245,3032.099434,748.0258312
0.1345,0.51477298,0.001157743,0.043871746,0.6981211,92.4285273,80.71486265,74.39258261,-78826.69327,3020.108109,745.067544
0.13475,0.4693674,0.006715145,-0.017946353,0.672406121,92.44889498,80.71161225,74.33967972,-78836.22798,3030.303109,747.5826739
0.135,0.471814626,-0.014737437,-0.019255018,0.69130508,92.46926266,80.70999025,74.30486082,-78848.8277,3043.772334,750.9055623
0.13525,0.476510752,0.037547537,-0.003388057,0.651665017,92.48963034,80.74132795,74.30344879,-78829.41304,3025.042781,746.284939
0.1355,0.484354763,0.012254597,-0.019874496,0.69148969,92.50999802,80.73639331,74.29954029,-78807.00054,3003.479348,740.965191
0.13575,0.467370451,-0.024707851,-0.012830028,0.687658809,92.5303657,80.69453313,74.28466219,-78824.94943,3021.973626,745.5277715
0.136,0.413118961,-0.067217391,-0.020960144,0.649066571,92.55073338,80.66482755,74.27821524,-78804.15038,3001.885377,740.5719548
0.13625,0.448518367,0.015786989,0.042717275,0.593848644,92.57110106,80.69186193,74.28771566,-78827.89681,3025.844998,746.4828478
0.1365,0.522520154,-0.03660226,-0.026626461,0.783759782,92.59146874,80.70484549,74.25345686,-78819.00365,3017.898833,744.5225108
0.13675,0.499036999,0.027657147,0.007697876,0.681183874,92.61183642,80.72582004,74.22907169,-78830.27457,3029.824699,747.4646489
0.137,0.469917272,-0.008958068,-0.050493642,0.708430883,92.63220409,80.70598662,74.19343868,-78825.2512,3025.432954,746.3811955
0.13725,0.513167494,0.012762225,0.024655828,0.699421574,92.65257177,80.7201849,74.20711836,-78839.82353,3040.609956,750.1253964
0.1375,0.577727222,0.037073612,0.045704331,0.758570479,92.67293945,80.73238147,74.20761874,-78838.99488,3040.504697,750.0994288
0.13775,0.506564102,-0.05687382,-0.019625878,0.771832621,92.69330713,80.66917974,74.17234505,-78830.42008,3032.718924,748.1786609
0.138,0.479259808,-0.035970223,-0.029316357,0.72398617,92.71367481,80.65346395,74.16919243,-78829.35173,3032.48591,748.1211758
0.13825,0.513124871,0.024484234,0.068662295,0.662018395,92.73404249,80.68840545,74.20282749,-78818.62562,3022.266238,745.5999595
0.1385,0.472372099,-0.039946621,0.006500114,0.694020516,92.75441017,80.68057213,74.15661343,-78803.49393,3007.782487,742.0267853
0.13875,0.440477179,-0.047779686,-0.01696498,0.669774322,92.77477785,80.67461845,74.09288517,-78820.79593,3025.68973,746.4445427
0.139,0.469456049,0.000730384,-0.003521486,0.665905081,92.79514553,80.73047896,74.06366449,-78815.79357,3021.1785,745.3316121
0.13925,0.513828149,0.057724868,-0.002620013,0.691657728,92.81551321,80.76230981,74.04721254,-78823.06407,3029.128374,747.292864
0.1395,0.469169442,-0.042904563,-0.035776765,0.719194872,92.83588088,80.70874373,74.03415019,-78828.97289,3035.277128,748.8097756
0.13975,0.500164401,0.032260616,0.021271751,0.669621443,92.85624856,80.70370182,74.07637244,-78823.1035,3029.868678,747.4754987
0.14,0.489700856,-0.034928865,0.034816378,0.697868635,92.87661624,80.68152543,74.088928,-78802.29576,3009.617096,742.4793875
0.14025,0.476982077,0.011886672,0.002341929,0.6645962,92.89698392,80.68064052,74.04350307,-78820.89028,3029.098053,747.2853839
0.1405,0.513531979,0.014696411,-0.001955868,0.717524873,92.9173516,80.69260114,74.02514545,-78828.43054,3037.002648,749.2354654
0.14075,0.508391841,0.029257296,0.042149937,0.668668562,92.93771928,80.70165532,74.02988767,-78831.2156,3040.456949,750.0876492
0.141,0.519228706,-0.01164964,0.007585085,0.737550668,92.95808696,80.69485064,73.99252939,-78813.08797,3023.357176,745.8690964
0.14125,0.457973183,0.000170971,-0.020946203,0.662866939,92.97845464,80.70255,73.94597063,-78817.09635,3028.0201,747.0194504
0.1415,0.465482346,-0.011000851,-0.043148008,0.697692278,92.99882232,80.71261536,73.93637639,-78804.20439,3015.748353,743.9919825
0.14175,0.506074408,0.018336357,0.020946673,0.687927422,93.01919,80.70986138,73.95935013,-78809.77755,3022.047674,745.5460392
0.142,0.480461987,0.003304109,-0.012045192,0.685914399,93.03955767,80.65660971,73.96604982,-78807.85849,3020.776559,745.2324524
0.14225,0.521169671,-0.024735831,-0.012826815,0.763745304,93.05992535,80.60673012,73.99610883,-78810.60972,3024.067767,746.0444008
0.1425,0.518429768,0.008145514,0.063245176,0.686016768,93.08029303,80.61920206,74.00966766,-78812.46217,3026.235632,746.579218
0.14275,0.500092429,-0.011850446,-0.013859286,0.725421193,93.10066071,80.64969305,73.92691456,-78807.68971,3022.156274,745.572831
0.143,0.533244374,-0.007585727,-0.030664676,0.781679762,93.12102839,80.70528303,73.85985615,-78809.6554,3024.906408,746.2512954
0.14325,0.526466777,0.022225301,-0.003249384,0.731783872,93.14139607,80.73024466,73.86321774,-78803.62191,3019.59654,744.941339
0.1435,0.53870162,-0.004332088,0.00037753,0.764657188,93.16176375,80.68655813,73.87200213,-78809.65195,3026.485467,746.6408528
0.14375,0.518239617,-0.014478045,-0.007799208,0.748698578,93.18213143,80.65192244,73.87035756,-78802.7426,3020.805388,745.2395645
0.144,0.539624408,-0.018571185,0.004931381,0.773324851,93.20249911,80.64896626,73.8743271,-78805.69184,3024.229712,746.084353
0.14425,0.559468435,0.026236124,0.017945436,0.760034599,93.22286679,80.66761745,73.86730817,-78806.1685,3025.778491,746.4664402
0.1445,0.513436189,-0.04354486,-0.006215945,0.762666164,93.24323446,80.64822497,73.8316714,-78804.73139,3025.185632,746.3201807
0.14475,0.501972382,-0.024427698,-0.068351722,0.777364746,93.26360214,80.66948829,73.79623064,-78796.71555,3017.896593,744.5219581
0.145,0.580570533,0.026867519,0.043435986,0.771605511,93.28396982,80.70650941,73.79545287,-78813.24288,3035.600471,748.8895452
0.14525,0.526860696,-0.022145134,-0.045461285,0.793412562,93.3043375,80.67899368,73.76772448,-78798.94698,3022.190894,745.5813719
0.1455,0.547018169,0.024913492,0.046658361,0.723481907,93.32470518,80.66613138,73.80461967,-78806.26749,3030.387783,747.603563
0.14575,0.543211726,-0.014772253,-0.003323685,0.781139006,93.34507286,80.6251169,73.80246557,-78790.30943,3015.90932,744.0316934
0.146,0.528494273,-0.044588613,-0.001292707,0.781647474,93.36544054,80.58254612,73.77989646,-78816.00141,3042.43843,750.5764852
0.14625,0.529812524,-0.005507708,-0.003026399,0.755308696,93.38580822,80.63115374,73.7646807,-78797.25562,3024.695818,746.1993424
0.1465,0.548225084,0.060213361,0.026875374,0.714893267,93.4061759,80.70771199,73.73487984,-78796.40608,3024.856788,746.2390541
0.14675,0.580360132,0.037793065,-0.008245408,0.801844775,93.42654358,80.69700434,73.69167495,-78801.81035,3031.431446,747.8610371
0.147,0.544057486,-0.004146963,-0.038819918,0.800922218,93.44691125,80.6359043,73.69033894,-78801.06594,3031.644809,747.9136744
0.14725,0.578847839,-0.007601635,0.02258601,0.808864329,93.46727893,80.6014949,73.75274041,-78797.5599,3028.837754,747.2211674
0.1475,0.584682754,0.038503517,0.046738425,0.766657468,93.48764661,80.58110223,73.77603724,-78806.28137,3038.685394,749.6506027
0.14775,0.56739931,-0.044800845,0.0145098,0.827039052,93.50801429,80.56606232,73.73862527,-78797.58712,3030.930781,747.7375221
0.148,0.527883573,0.018152023,-0.035875848,0.761951409,93.52838197,80.61046145,73.6827133,-78786.65484,3021.140238,745.3221727
0.14825,0.542882064,-0.012227109,0.004281255,0.773633991,93.54874965,80.63438461,73.66577124,-78779.81655,3015.315416,743.8851759
0.1485,0.549023697,0.054787102,0.061660948,0.694146606,93.56911733,80.64206066,73.65846131,-78800.70976,3037.177668,749.2786432
0.14875,0.494753982,-0.055444173,-0.043301423,0.769655166,93.58948501,80.58717584,73.61474148,-78790.37298,3027.875538,746.9837867
0.149,0.543532096,-0.033314536,-0.025777978,0.810507739,93.60985269,80.59584031,73.6332924,-78776.61944,3015.291972,743.8793921
0.14925,0.620732019,0.018954212,0.029643668,0.843585343,93.63022037,80.63307317,73.66079283,-78774.54743,3014.004503,743.5617708
0.1495,0.595113123,0.014779337,0.030579327,0.809774876,93.65058804,80.6037401,73.62164897,-78800.52299,3040.873372,750.1903818
0.14975,0.540213268,-0.043781837,-0.058787607,0.836706343,93.67095572,80.60313279,73.56738103,-78776.94293,3018.439335,744.6558538
0.15,0.59261057,0.068466167,0.066997257,0.742292979,93.6913234,80.64707527,73.59230232,-78789.93069,3032.273562,748.068789
0.15025,0.543820561,-0.016604007,0.020676015,0.76755828,93.71169108,80.61738683,73.55604033,-78784.37066,3027.759696,746.9552082
0.1505,0.508100659,-0.048453151,-0.048418022,0.787061108,93.73205876,80.61207886,73.50965052,-78771.38662,3015.909247,744.0316755
0.15075,0.556050195,0.031428798,-0.012481247,0.774844309,93.75242644,80.6642386,73.51826231,-78772.17432,3017.344768,744.3858217
0.151,0.604804145,0.043062262,0.028957068,0.804582348,93.77279412,80.65912908,73.52995598,-78784.37611,3030.59912,747.6557005
0.15125,0.559128619,-0.014144603,-0.020422821,0.815206401,93.7931618,80.57882192,73.51622373,-78793.61254,3040.979485,750.2165601
0.1515,0.514261212,0.000139309,0.013415832,0.717874427,93.81352948,80.56350702,73.52649475,-78787.39292,3035.870235,748.9560965
0.15175,0.56941991,0.028598824,0.052721433,0.748362655,93.83389716,80.5969365,73.5238771,-78788.98374,3038.479643,749.5998434
0.152,0.55201187,-0.015904279,-0.026488263,0.810742361,93.85426483,80.60780178,73.47438176,-78767.74941,3018.390588,744.6438278
0.15225,0.550421511,0.052935189,0.019980307,0.727974268,93.87463251,80.63384695,73.45881981,-78777.08597,3029.036166,747.2701161
0.1525,0.538169433,-0.013201279,-0.000337076,0.770820609,93.89500019,80.60653916,73.44356916,-78770.48204,3023.685627,745.9501261
0.15275,0.555753338,-0.036602781,-0.011178418,0.82033151,93.91536787,80.58281968,73.4366172,-78771.06336,3025.449815,746.3853553
0.153,0.559452534,-0.002778753,0.032245903,0.771542337,93.93573555,80.61665915,73.41920747,-78770.78142,3026.41891,746.6244332
0.15325,0.533581119,0.005401726,-0.008076639,0.75666919,93.95610323,80.63073179,73.36993425,-78765.52385,3022.221409,745.5889001
0.1535,0.538117705,-0.005481037,-0.002393687,0.766590953,93.97647091,80.61227234,73.33539245,-78798.63545,3055.868817,753.8897922
0.15375,0.582104511,0.001589163,-0.003643053,0.824697311,93.99683859,80.62393388,73.3447788,-78778.52823,3037.019214,749.2395523
0.154,0.562026016,0.045969238,0.039563143,0.7343862,94.01720627,80.64326003,73.36341065,-78763.08475,3022.220212,745.5886047
0.15425,0.505650118,-0.063742649,-0.03161925,0.783516694,94.03757395,80.59181282,73.32569116,-78750.36688,3010.056156,742.5877046
0.1545,0.519176444,0.003077328,-0.004204542,0.735077533,94.05794162,80.58512075,73.32795222,-78768.62209,3028.890091,747.234079
0.15475,0.593975509,-8.66E-05,0.049405258,0.807413141,94.0783093,80.59169663,73.34626862,-78781.43736,3042.078443,750.4876755
0.155,0.53593527,-0.022684185,0.030162807,0.75541663,94.09867698,80.59826375,73.29517344,-78768.34423,3029.618633,747.413812
0.15525,0.499402057,-0.032833412,-0.047026806,0.762928928,94.11904466,80.62789586,73.20668513,-78769.51775,3031.398264,747.8528512
0.1555,0.498153569,0.021487715,-0.017668408,0.703431482,94.13941234,80.70240833,73.18558386,-78750.15148,3012.529982,743.1980031
0.15575,0.517671585,0.033847505,0.015978734,0.697209259,94.15978002,80.70241317,73.17408384,-78762.04754,3024.721279,746.2056236
0.156,0.486773,-0.06612832,-0.025354798,0.754743156,94.1801477,80.63205759,73.15264033,-78765.56468,3028.985579,747.2576363
0.15625,0.5142536,-0.000528903,0.011542081,0.719628797,94.20051538,80.62412544,73.18125308,-78774.40032,3038.114116,749.5096671
0.1565,0.532552249,0.01611592,0.023170476,0.725414392,94.22088306,80.63471647,73.20699152,-78754.86759,3019.13015,744.8262795
0.15675,0.540981247,0.035921486,0.01565383,0.729016485,94.24125074,80.61111534,73.18669777,-78774.36145,3039.053372,749.7413836
0.157,0.506307414,-0.038152372,-0.021253254,0.758315433,94.26161841,80.57063164,73.15461514,-78771.45656,3037.053734,749.2480684
0.15725,0.570276197,-0.007314672,0.052496752,0.77800011,94.28198609,80.61848101,73.16300632,-78773.29162,3038.814905,749.6825532
0.1575,0.534972314,0.050090639,0.007898698,0.717423861,94.30235377,80.67596438,73.11575231,-78750.14921,3016.654904,744.2156306
0.15775,0.538874687,-0.020156718,-0.007900311,0.782067279,94.32272145,80.64856428,73.05164061,-78773.94275,3040.910644,750.1995768
0.158,0.462992282,-0.061239427,-0.061488991,0.741552124,94.34308913,80.64640976,73.04433828,-78732.26841,2999.947873,740.0939681
0.15825,0.563897991,0.053208139,0.043104659,0.729473714,94.36345681,80.66915832,73.10266869,-78744.45208,3012.902767,743.28997
0.1585,0.515501749,-0.002311292,-0.002638541,0.732529735,94.38382449,80.59506897,73.07576733,-78758.78544,3028.048949,747.0265675
0.15875,0.47055758,-0.075977432,-0.036726531,0.746711672,94.40419217,80.54789609,73.0552753,-78761.97177,3031.815424,747.9557654
0.159,0.551466355,0.063046022,0.053759153,0.697390225,94.42455985,80.63215077,73.071382,-78766.00355,3036.170501,749.0301728
0.15925,0.511893926,0.032210377,0.003958825,0.699208498,94.44492753,80.64300635,73.0127827,-78763.06599,3033.985298,748.4910783
0.1595,0.469819358,-0.011788969,-0.029689108,0.694100643,94.4652952,80.60363829,72.96411589,-78779.119,3050.848244,752.6512055
0.15975,0.486853293,0.019907707,0.023749748,0.657660881,94.48566288,80.62497776,72.97990385,-78772.41579,3044.642311,751.1201877
0.16,0.513363325,-0.005594115,0.0356338,0.706570637,94.50603056,80.63205172,72.9793163,-78753.6635,3026.583184,746.66496
0.16025,0.461505228,0.018761773,-0.039834614,0.671414135,94.52639824,80.62688597,72.93162464,-78764.99376,3038.585311,749.6259118
0.1605,0.521353848,-0.001727479,0.006775448,0.733810129,94.54676592,80.63531779,72.93303663,-78755.30477,3029.230742,747.3181185
0.16075,0.492686501,0.034716095,0.021362329,0.657313998,94.5671336,80.63323394,72.94095476,-78752.90693,3027.702055,746.940988
0.161,0.473075379,-0.047487603,-0.052945162,0.740076492,94.58750128,80.59642334,72.91374257,-78739.35746,3014.914545,743.7862801
0.16125,0.52108721,-0.007813718,0.034246338,0.720082824,94.60786896,80.60526516,72.92681078,-78739.24142,3015.378116,743.9006442
0.1615,0.500942178,-0.000771393,0.018240943,0.696475741,94.62823664,80.60539186,72.89115136,-78762.37825,3038.970635,749.7209722
0.16175,0.459642423,-0.047169676,-0.014524254,0.694808078,94.64860432,80.61964375,72.84870952,-78745.18271,3022.240321,745.5935657
0.162,0.497925548,0.015608665,0.021834036,0.677739964,94.66897199,80.6669642,72.84266522,-78735.77647,3013.466354,743.4290082
0.16225,0.494645535,0.03072605,0.00960581,0.671513878,94.68933967,80.65279034,72.81866422,-78752.19383,3030.378757,747.6013363
0.1625,0.486521188,-0.007352053,0.002011165,0.691916476,94.70970735,80.5941478,72.80175523,-78775.82955,3054.788406,753.6232525
0.16275,0.512311519,-0.031545924,0.038772042,0.724544802,94.73007503,80.57856006,72.82173162,-78775.45422,3054.52799,753.5590071
0.163,0.49781591,-0.029533706,0.053877289,0.694360504,94.75044271,80.60697253,72.83824085,-78735.21655,3014.823629,743.7638509
0.16325,0.51005561,0.026331717,0.022077245,0.687117013,94.77081039,80.62472719,72.78925419,-78748.5751,3028.489605,747.1352784
0.1635,0.429945083,-0.045957489,-0.063105807,0.685475385,94.79117807,80.61225043,72.72027203,-78741.3853,3021.648343,745.4475235
0.16375,0.455990825,0.008520231,0.032007543,0.616882007,94.81154575,80.66975505,72.70463955,-78742.82507,3023.555611,745.9180508
0.164,0.487995416,0.025276435,-0.0259236,0.693428478,94.83191343,80.67753173,72.65964466,-78757.50216,3038.370471,749.5729105
0.16425,0.497099415,-0.04172973,-0.03960449,0.760521167,94.85228111,80.63960955,72.66370231,-78758.32781,3039.286094,749.7987966
0.1645,0.506575601,0.036999604,0.023324552,0.673958604,94.87264878,80.62169121,72.72437556,-78755.40313,3036.577002,749.1304574
0.16475,0.512080925,-0.02405671,0.051540636,0.710813534,94.89301646,80.57091513,72.73103154,-78759.73819,3041.48161,750.3404356
0.165,0.474756815,-0.055631374,-0.005782424,0.717436067,94.91338414,80.58173618,72.6714523,-78754.55063,3036.317023,749.0663201
0.16525,0.496130317,0.010226913,-0.035157564,0.721407431,94.93375182,80.67566844,72.6122016,-78738.01568,3020.329287,745.1221093
0.1655,0.492560471,0.072935072,-0.009433006,0.659444787,94.9541195,80.71585083,72.56849647,-78741.96916,3024.444888,746.1374373
0.16575,0.467785709,-0.010928373,-0.058848393,0.713307072,94.97448718,80.64801643,72.54136073,-78766.02773,3048.370348,752.0399028
0.166,0.465615752,-0.030808152,-0.021712733,0.695707175,94.99485486,80.62608569,72.58474597,-78730.51623,3013.26263,743.378749
0.16625,0.450446683,0.037436775,0.021881888,0.595388044,95.01522254,80.6219042,72.62026589,-78719.85509,3002.750007,740.7852609
0.1665,0.42857604,-0.024935139,-0.009083314,0.630451728,95.03559022,80.55870783,72.59086873,-78751.57146,3034.196192,748.5431062
0.16675,0.45137442,-0.055917107,0.00790924,0.676815974,95.0559579,80.56543015,72.58619792,-78732.56234,3015.630533,743.962916
0.167,0.48356542,0.036715365,0.030357201,0.636484946,95.07632557,80.63397088,72.56284926,-78746.28533,3029.180773,747.3057909
0.16725,0.441464844,0.061491283,0.005122935,0.581336012,95.09669325,80.64237504,72.50143965,-78767.84508,3050.955226,752.6775982
0.1675,0.429632548,-0.017788339,-0.032678857,0.643536334,95.11706093,80.63090448,72.47767951,-78737.2701,3021.278394,745.3562562
0.16775,0.474363405,0.028061551,0.049525842,0.61654928,95.13742861,80.64543279,72.49839466,-78758.06489,3042.125683,750.4993299
0.168,0.442651584,-0.025600552,0.031062694,0.62600016,95.15779629,80.62608794,72.46754648,-78741.75092,3026.32167,746.6004438
0.16825,0.430935939,-0.007964769,-0.04578511,0.649097195,95.17816397,80.62431878,72.41111639,-78747.61769,3032.823997,748.2045826
0.1685,0.444885583,0.001979087,-0.015358711,0.638976974,95.19853165,80.65456778,72.40371159,-78743.98808,3029.470225,747.3771995
0.16875,0.439997541,0.004625132,0.01086852,0.611342647,95.21889933,80.67099639,72.40899719,-78721.56913,3007.43542,741.9411628
0.169,0.441582045,0.039128558,-0.024714617,0.61925547,95.23926701,80.65461864,72.39702604,-78736.96071,3022.842236,745.7420594
0.16925,0.443591749,-0.032612203,0.007808669,0.646769622,95.25963469,80.60638187,72.39708369,-78742.14822,3028.93401,747.244914
0.1695,0.422333763,-0.039303597,-0.008096919,0.631944208,95.28000236,80.5976524,72.37478978,-78739.80499,3027.169162,746.8095221
0.16975,0.44639141,-0.015936013,0.026073031,0.626241923,95.30037004,80.64652493,72.35086578,-78732.22782,3019.817035,744.9957357
0.17,0.435703073,0.043204089,0.029296648,0.565168162,95.32073772,80.70690826,72.29489535,-78748.53856,3036.52778,749.1183143
0.17025,0.4230252,-0.00304535,-0.026777725,0.62001775,95.3411054,80.70126173,72.23544152,-78737.7698,3026.696526,746.6929217
0.1705,0.409087995,-0.017694338,-0.028512277,0.611354386,95.36147308,80.67728119,72.2303618,-78743.87504,3033.008188,748.2500231
0.17075,0.376555472,0.019779516,0.028849427,0.49826784,95.38184076,80.6713173,72.24685159,-78737.41728,3026.950493,746.7555758
0.171,0.357660604,0.032632158,-0.021881383,0.50266026,95.40220844,80.6583113,72.20752817,-78757.36565,3046.686051,751.6243829
0.17125,0.358073009,-0.026431124,0.012667456,0.51834074,95.42257612,80.65745371,72.17021343,-78760.28199,3049.778357,752.3872618
0.1715,0.324885134,0.017241308,-0.01329963,0.458199091,95.4429438,80.71569483,72.14027589,-78736.22829,3025.602223,746.4229547
0.17175,0.38257324,0.053970277,0.032529592,0.480593556,95.46331148,80.73492299,72.12714082,-78740.24304,3029.711845,747.4368076
0.172,0.369598578,-0.056974286,0.016827575,0.558442928,95.48367915,80.68043572,72.08738034,-78763.31404,3052.57926,753.0782511
0.17225,0.299745816,-0.041918021,-0.015431301,0.465588163,95.50404683,80.70443549,72.0637094,-78728.4528,3017.438955,744.4090577
0.1725,0.367687003,0.030294138,0.038578046,0.471397151,95.52441451,80.75557571,72.05070913,-78746.06085,3034.468902,748.6103845
0.17275,0.297075625,0.004363559,-0.009141898,0.423830062,95.54478219,80.73833822,72.0044511,-78743.10066,3031.242109,747.8143272
0.173,0.32808371,0.004347754,-0.044457725,0.495957725,95.56514987,80.7265787,71.99756357,-78745.19232,3033.026798,748.2546142
0.17325,0.381789905,-0.000733541,0.071881134,0.497634931,95.58551755,80.71635524,72.03926148,-78756.03142,3043.448637,750.8257056
0.1735,0.316929729,-0.036243784,6.08E-05,0.475873372,95.60588523,80.70475245,71.99331716,-78746.33901,3033.101965,748.2731581
0.17375,0.32262252,0.027799423,-0.031642249,0.464712275,95.62625291,80.74013411,71.94354767,-78765.05191,3051.552324,752.8249035
0.174,0.375297097,-0.001084841,-0.019471177,0.545750319,95.64662059,80.75221582,71.9370453,-78746.16205,3032.155079,748.039559
0.17425,0.360381982,0.050684585,0.019048818,0.461975787,95.66698827,80.74342882,71.94778456,-78756.85236,3042.621958,750.6217619
0.1745,0.280997042,0.015089492,-0.022432023,0.405196109,95.68735594,80.68824075,71.94892607,-78744.72933,3030.290858,747.5796515
0.17475,0.333484465,-0.039624017,0.019513598,0.491207596,95.70772362,80.63628019,71.9771831,-78758.55588,3043.671872,750.8807781
0.175,0.387042159,0.003891863,0.064803949,0.504333119,95.7280913,80.66210593,71.98014731,-78755.08335,3040.376691,750.0678496
0.17525,0.341319937,0.012888941,-0.009690408,0.481232801,95.74845898,80.71339909,71.90508951,-78741.31164,3026.411562,746.6226204
0.1755,0.300646658,0.004097518,-0.036961785,0.451228013,95.76882666,80.7384009,71.84587267,-78732.22179,3017.604377,744.4498679
0.17575,0.356450693,0.013372375,0.025576308,0.476790863,95.78919434,80.74999413,71.84113516,-78758.04369,3043.561253,750.8534881
0.176,0.375635355,0.045798192,-0.010223012,0.510703053,95.80956202,80.74189333,71.84354446,-78745.32688,3030.981014,747.7499144
0.17625,0.320395869,-0.04668981,-0.009733924,0.495079098,95.8299297,80.68138643,71.8461548,-78735.75073,3021.659674,745.4503189
0.1765,0.364219143,-0.014009337,-0.00338326,0.527542626,95.85029738,80.68003007,71.86849964,-78723.9154,3010.206842,742.624879
0.17675,0.388130649,0.008353992,0.019023737,0.529701864,95.87066506,80.6809658,71.86330355,-78740.14355,3026.635477,746.6778606
0.177,0.311851706,-0.021060345,-0.045781824,0.489227275,95.89103273,80.66075465,71.81528919,-78743.68366,3030.328123,747.5888448
0.17725,0.375198723,-0.017870923,0.00960723,0.537509009,95.91140041,80.68068224,71.82010778,-78741.52758,3028.614818,747.1661686
0.1775,0.362739416,-0.005436881,0.02912075,0.49804561,95.93176809,80.70165791,71.81813562,-78709.26497,2997.129182,739.3985906
0.17775,0.331759759,-0.036766147,-0.02304917,0.511750794,95.95213577,80.67240322,71.77983863,-78731.71228,3019.784636,744.9877427
0.178,0.348732063,-0.002746769,-0.036532892,0.522597319,95.97250345,80.68025841,71.75883779,-78731.77356,3020.556403,745.1781393
0.17825,0.387435349,0.042421732,0.022587506,0.502535314,95.99287113,80.71069427,71.76923072,-78731.66632,3021.098502,745.3118764
0.1785,0.352161759,-0.033819462,-0.00170519,0.524628104,96.01323881,80.6964851,71.7417642,-78728.99214,3018.974458,744.7878698
0.17875,0.369458917,0.002672614,-0.0167039,0.532944053,96.03360649,80.70652317,71.70381255,-78739.38415,3030.124779,747.5386794
0.179,0.357943421,-0.012809096,0.016072695,0.505140753,96.05397417,80.71013529,71.69319392,-78734.37768,3025.755698,746.4608173
0.17925,0.341233929,0.008605829,0.008722727,0.470324532,96.07434185,80.71101068,71.68105008,-78729.39852,3021.68751,745.4571861
0.1795,0.333229182,-0.008141517,0.014285823,0.467719794,96.09470952,80.68924981,71.66521662,-78747.17521,3039.793688,749.9240213
0.17975,0.388116483,0.003762917,-0.027246149,0.566758627,96.1150772,80.69679668,71.64218893,-78752.51688,3045.474579,751.32551
0.18,0.371745119,-0.00552073,-0.016587871,0.54152979,96.13544488,80.72583773,71.64381315,-78715.16101,3008.845577,742.2890519
0.18025,0.397140515,0.056830062,0.061157825,0.478240841,96.15581256,80.74803495,71.63504494,-78744.60943,3038.859961,749.6936688
0.1805,0.341949993,-0.003431106,-0.038686686,0.515184764,96.17618024,80.70559341,71.57165158,-78751.0659,3045.985468,751.4515476
0.18075,0.360432262,-0.008796388,-0.028822709,0.536889451,96.19654792,80.70786346,71.56679626,-78745.12287,3040.495255,750.0970995
0.181,0.409368899,0.036019373,0.058080622,0.513108196,96.2169156,80.73249521,71.59531516,-78741.6484,3037.530335,749.365647
0.18125,0.359654911,-0.027935388,-0.029185749,0.549021732,96.23728328,80.68373518,71.56286471,-78735.52423,3032.478524,748.1193538
0.1815,0.383829344,-0.009132136,-0.000361177,0.549634433,96.25765096,80.68413628,71.56348672,-78734.78765,3032.09979,748.0259191
0.18175,0.39078007,0.007507186,0.00201994,0.545951145,96.27801864,80.71537999,71.54939529,-78721.65808,3019.546137,744.9289043
0.182,0.34386984,0.011150465,-0.027974084,0.500500566,96.29838631,80.70746591,71.5222576,-78728.70245,3026.930327,746.7506009
0.18225,0.360031689,-0.029621824,0.009657706,0.525485175,96.31875399,80.67537666,71.51984112,-78733.99481,3032.523131,748.1303583
0.1825,0.343653306,-0.015829585,-0.006713767,0.502063874,96.33912167,80.67837374,71.51270398,-78723.31356,3022.188209,745.5807096
0.18275,0.391961439,0.025117752,0.001689113,0.536130283,96.35948935,80.69594674,71.51480576,-78727.28424,3026.708223,746.6958073
0.183,0.39423368,0.00147681,0.007570307,0.551183866,96.37985703,80.67382591,71.51543104,-78726.75181,3026.61481,746.672762
0.18325,0.334312693,-0.028888708,-0.015145246,0.504207291,96.40022471,80.6380458,71.49978139,-78724.07455,3024.52105,746.1562267
0.1835,0.368211662,-0.022232417,0.019361438,0.525236239,96.42059239,80.65272955,71.4835263,-78727.50662,3028.438733,747.1227281
0.18375,0.338952319,0.00910302,0.017931472,0.46036169,96.44096007,80.67675279,71.45209268,-78726.35035,3027.815243,746.9689117
0.184,0.377264303,-0.034838068,0.029136084,0.543244249,96.46132775,80.6812994,71.41615165,-78732.68805,3034.520412,748.6230922
0.18425,0.322251337,-0.010713185,-0.014333489,0.473463646,96.48169543,80.71349067,71.3632452,-78723.07903,3025.559257,746.4123548
0.1845,0.312716769,0.024287662,0.00129109,0.425095455,96.5020631,80.74240155,71.33147764,-78722.98423,3025.452418,746.3859972
0.18475,0.362986966,-0.022078866,0.003884484,0.527166371,96.52243078,80.74627344,71.31650986,-78729.29924,3032.02513,748.0075005
0.185,0.350087163,0.016038899,-0.015077804,0.495885012,96.54279846,80.73644115,71.31059711,-78730.91779,3033.754766,748.4342054
0.18525,0.301306581,-0.034068808,-0.00448798,0.454820833,96.56316614,80.68972333,71.32693995,-78712.63733,3015.948843,744.0414439
0.1855,0.380543695,-5.19E-05,0.018734362,0.525463512,96.58353382,80.66086411,71.35790955,-78734.38263,3037.872494,749.4500583
0.18575,0.352199725,-0.030333024,0.03339225,0.502026314,96.6039015,80.64683463,71.35367572,-78722.11194,3025.82479,746.4778624
0.186,0.326226604,0.014152342,-0.016084019,0.464199467,96.62426918,80.66721586,71.29952739,-78730.51039,3034.531721,748.625882
0.18625,0.314938547,-0.010921187,0.000879938,0.452721374,96.64463686,80.68018568,71.26784598,-78732.25097,3036.296109,749.0611606
0.1865,0.341080236,0.034692902,-0.005706213,0.464506328,96.66500454,80.70492744,71.25109613,-78727.02677,3031.262509,747.8193599
0.18675,0.364443415,-0.048992579,-0.027733791,0.570249259,96.68537222,80.68576177,71.24267103,-78708.14231,3012.874071,743.2828904
0.187,0.357192447,0.002168942,0.035193333,0.480432856,96.70573989,80.70291711,71.24390286,-78726.80526,3031.095276,747.7781034
0.18725,0.362315839,0.008350683,0.009745875,0.499598697,96.72610757,80.73292004,71.20733114,-78710.47321,3015.297019,743.8806374
0.1875,0.34880103,-0.005739971,-0.009702916,0.504222278,96.74647525,80.72776268,71.1628367,-78727.78236,3032.861657,748.2138735
0.18775,0.33220921,-0.03170033,-0.032356152,0.515110168,96.76684293,80.71144215,71.16056422,-78713.06362,3018.384872,744.6424176
0.188,0.362068533,0.038609973,0.019673538,0.471400425,96.78721061,80.68574958,71.21847817,-78718.26806,3024.006804,746.0293612
0.18825,0.356443789,-0.009528317,0.02665035,0.493971852,96.80757829,80.60553652,71.24982045,-78726.80947,3032.908597,748.2254537
0.1885,0.305964556,-0.082957569,-0.024921206,0.513920252,96.82794597,80.57602107,71.23154389,-78706.33524,3013.40526,743.4139361
0.18875,0.392625545,0.061225715,0.066416702,0.465043012,96.84831365,80.66273817,71.2172773,-78733.58677,3040.743798,750.1584156
0.189,0.3636097,0.006961082,0.015288575,0.498593211,96.86868133,80.68792788,71.13187789,-78733.90253,3041.542463,750.3554481
0.18925,0.332173905,-0.031632246,-0.041772498,0.521817644,96.88904901,80.70311853,71.06386171,-78729.45928,3037.676179,749.4016269
0.1895,0.363278419,0.068941467,0.001225121,0.471489487,96.90941668,80.75764214,71.08400417,-78700.28825,3009.299289,742.4009838
0.18975,0.33519071,0.021512589,-0.050866888,0.502666113,96.92978436,80.69393532,71.08367911,-78709.92012,3019.217928,744.8479344
0.19,0.312470767,-0.045105661,0.005301606,0.474082997,96.95015204,80.63008937,71.10871043,-78714.02989,3024.104801,746.0535373
0.19025,0.336217537,0.012916268,-0.004792171,0.470239216,96.97051972,80.64624638,71.12308924,-78697.05274,3007.869247,742.0481891
0.1905,0.365415514,0.013791428,0.033148351,0.484164906,96.9908874,80.63645298,71.10653736,-78732.88912,3043.928599,750.9441133
0.19075,0.31391507,-0.009575577,-0.026826385,0.470157981,97.01125508,80.63297255,71.05867415,-78718.9205,3031.106627,747.7809037
0.191,0.318886606,-0.001302111,-0.007956404,0.457593103,97.03162276,80.65117452,71.04460649,-78714.61091,3026.934752,746.7516924
0.19125,0.359200565,0.01123546,0.05173676,0.466105204,97.05199044,80.67793929,71.04868564,-78707.22603,3020.404214,745.140594
0.1915,0.361448558,-0.007775428,0.006455323,0.512395417,97.07235812,80.67776068,71.00762404,-78707.00376,3020.901654,745.2633134
0.19175,0.346465364,-0.051465354,-0.049753674,0.56155259,97.0927258,80.66273714,70.97291308,-78704.35183,3019.168678,744.8357845
0.192,0.388759848,0.033416572,0.002913233,0.525430212,97.11309347,80.68336717,70.99069932,-78716.05697,3031.544984,747.8890473
0.19225,0.404594299,0.022295828,0.027451608,0.537043119,97.13346115,80.6729077,70.99842204,-78714.42901,3030.571087,747.6487846
0.1925,0.426369846,0.016145022,0.010497794,0.584179647,97.15382883,80.6392748,70.99405129,-78727.70686,3044.737093,751.1435706
0.19275,0.391791225,-0.049329256,0.022691206,0.579662877,97.17419651,80.61615082,71.00068957,-78703.9171,3022.014391,745.5378282
0.193,0.354235753,0.009319769,0.011819559,0.486026886,97.19456419,80.63664444,70.96917122,-78703.92685,3022.674166,745.7005962
0.19325,0.372354494,-0.035467384,-0.011836831,0.560785218,97.21493187,80.64777858,70.9161326,-78718.16287,3037.628706,749.3899153
0.1935,0.343896631,0.009346748,0.003413218,0.477375937,97.23529955,80.68661371,70.8937366,-78704.02829,3024.330714,746.1092703
0.19375,0.354563902,0.032797465,-0.014747527,0.492123052,97.25566723,80.69249085,70.87524238,-78709.86977,3030.522873,747.6368903
0.194,0.409534323,0.033538347,-0.028484731,0.580586366,97.27603491,80.67880767,70.87233731,-78712.73303,3034.165,748.5354111
0.19425,0.371214387,-0.020804624,0.016459328,0.530017603,97.29640259,80.65310593,70.88998196,-78694.90769,3017.048144,744.3126438
0.1945,0.394344021,0.008476871,0.006156125,0.547346952,97.31677026,80.64262112,70.87438289,-78718.59043,3041.219772,750.2758395
0.19475,0.294666302,-0.035963849,-0.011135573,0.451051579,97.33713794,80.63391654,70.84223895,-78687.6447,3011.096201,742.8442859
0.195,0.34932911,-0.016714782,0.007923742,0.501151487,97.35750562,80.66752959,70.81691324,-78699.79842,3023.562065,745.919643
0.19525,0.335628762,0.043195642,0.010241855,0.438725108,97.3778733,80.70261886,70.79405058,-78696.84544,3021.223012,745.3425932
0.1955,0.300518539,0.00298806,0.007212593,0.417816479,97.39824098,80.67925596,70.75596479,-78708.50828,3033.19842,748.2969536
0.19575,0.29220977,-0.035492185,-0.000101542,0.440553029,97.41860866,80.66256385,70.730412,-78713.34941,3038.503611,749.6057564
0.196,0.273666187,0.025628902,0.040895499,0.340496339,97.43897634,80.68602468,70.72752191,-78710.49291,3035.885005,748.9597402
0.19625,0.247033955,-0.003142123,0.007053207,0.346818071,97.45934402,80.67775207,70.684087,-78700.52526,3026.188783,746.5676602
0.1965,0.216081605,-0.072868636,0.002315036,0.367206989,97.4797117,80.6887999,70.61386539,-78721.37775,3046.624121,751.6091047
0.19675,0.282604597,0.026140864,-0.003042518,0.384992974,97.50007938,80.78159886,70.5724324,-78712.34578,3036.686737,749.1575295
0.197,0.322147394,0.082346068,-0.00125159,0.411193564,97.52044705,80.81328885,70.56324562,-78716.63176,3040.502359,750.098852
0.19725,0.2309572,-0.012840911,-0.01633648,0.347280725,97.54081473,80.73995104,70.55662793,-78701.659,3025.287634,746.3453449
0.1975,0.229421809,-0.011329089,-0.024140871,0.349884509,97.56118241,80.69282613,70.56091084,-78725.48806,3048.108495,751.9753032
0.19775,0.245665427,-0.041619008,0.009716177,0.375286153,97.58155009,80.68206414,70.57718096,-78713.07544,3034.95022,748.7291266
0.198,0.244854535,-0.010814249,0.032247135,0.335294969,97.60191777,80.7074114,70.55953317,-78713.55445,3034.486591,748.6147484
0.19825,0.220901424,0.016148533,0.030358135,0.280057859,97.62228545,80.74143915,70.51646928,-78717.80955,3038.058874,749.4960387
0.1985,0.23511483,0.026027088,0.027933327,0.294356064,97.64265313,80.77721325,70.4711358,-78703.18767,3023.158919,745.820186
0.19875,0.220338557,-0.028088501,-0.053189985,0.370356519,97.66302081,80.7527667,70.41318669,-78721.20483,3040.593675,750.1213799
0.199,0.210102616,-0.018398528,-0.037028266,0.337095702,97.68338849,80.74939791,70.4198103,-78705.43521,3024.310977,746.1044012
0.19925,0.274470777,0.02414797,0.012079242,0.362844979,97.70375617,80.75721392,70.45313023,-78703.91553,3022.020505,745.5393366
0.1995,0.241658006,-0.008801888,0.019648501,0.335898501,97.72412384,80.71062716,70.44037791,-78730.04732,3047.429018,751.8076745
0.19975,0.186057413,-0.047539213,-0.030753195,0.319148858,97.74449152,80.70342992,70.3943109,-78710.90371,3028.117285,747.0434261
0.2,0.211232316,-0.029164951,0.015107556,0.313394037,97.7648592,80.76852076,70.36673706,-78705.02226,3021.402055,745.3867637
0.20025,0.211692586,0.031799365,0.018371559,0.264414252,97.78522688,80.81008848,70.30934942,-78729.48428,3045.177747,751.252281
0.2005,0.179622594,0.006718724,-0.04377538,0.286970482,97.80559456,80.79570114,70.25896376,-78728.65069,3043.936803,750.9461372
0.20075,0.180183712,-0.003917034,0.024372981,0.242838204,97.82596224,80.77573461,70.28200739,-78726.68012,3041.156653,750.260268
0.201,0.206508673,-0.000748855,0.024989484,0.276708079,97.84632992,80.77468904,70.29175148,-78714.29882,3028.424235,747.1191514
0.20125,0.215498489,-0.028859364,-0.035483366,0.350352008,97.8666976,80.77057037,70.26591796,-78715.74393,3028.641401,747.1727266
0.2015,0.253285614,0.052207041,0.046209763,0.288702213,97.88706528,80.78289254,70.27459417,-78743.19283,3055.102885,753.700835
0.20175,0.179508414,-0.029230631,0.017979675,0.268127461,97.90743296,80.751487,70.24360697,-78717.90152,3029.334075,747.3436111
0.202,0.144708585,-0.026491059,-0.002513884,0.227065361,97.92780063,80.76136969,70.20103924,-78722.82402,3033.603182,748.3968094
0.20225,0.135875345,0.020407625,0.013062757,0.168729586,97.94816831,80.82222685,70.15609382,-78718.41323,3028.219396,747.0686172
0.2025,0.125897555,-0.014583385,-0.017007219,0.200405948,97.96853599,80.85357549,70.09318509,-78712.94827,3022.324574,745.6143511
0.20275,0.133841409,-0.006768567,0.017385512,0.184164494,97.98890367,80.87303391,70.03825775,-78735.66624,3044.194887,751.0098072
0.203,0.081471817,0.007068058,-0.003989903,0.113850356,98.00927135,80.87609251,69.97977611,-78742.22013,3049.768292,752.3847789
0.20325,0.099739341,-0.02691512,-0.004837985,0.165726189,98.02963903,80.88489928,69.94630844,-78743.71064,3049.917317,752.4215436
0.2035,0.062206164,0.037938383,0.004526465,0.070938207,98.05000671,80.92876436,69.92143159,-78733.7001,3038.207284,749.5326518
0.20375,0.058950723,-0.006097957,0.030245977,0.079850953,98.07037439,80.93182508,69.87217412,-78761.98897,3064.35993,755.984569
0.204,0.041243833,-0.022489902,-0.02775192,0.094074925,98.09074207,80.92205697,69.80857518,-78764.47714,3064.817541,756.0974627
0.20425,0.081876292,-0.00539284,0.000566135,0.119426766,98.11110975,80.95667743,69.79669302,-78761.73061,3059.720182,754.8399327
0.2045,0.043853961,0.050873875,0.0014636,0.065479747,98.13147742,80.98137545,69.79710084,-78744.91391,3040.043079,749.9855467
0.20475,0.040647939,-0.021515152,0.005490976,0.07635177,98.1518451,80.92960806,69.79785455,-78753.22606,3045.849641,751.4180387
0.205,0.067793169,-0.033509535,-0.011058512,0.130322193,98.17221278,80.91204184,69.80563315,-78742.52754,3032.963598,748.2390226
0.20525,0.10321876,-0.00055712,0.014999171,0.137091674,98.19258046,80.9228155,69.80543799,-78751.43913,3039.80714,749.9273399
0.2055,0.112225921,0.028130127,0.053028484,0.105812888,98.21294814,80.93664533,69.77647608,-78769.68064,3055.885646,753.8939438
0.20575,0.081163179,0.011839345,-0.008999925,0.115626357,98.23331582,80.95631109,69.71631512,-78766.21364,3050.45472,752.5541221
0.206,0.096911532,0.042536454,-0.022144738,0.145995552,98.2536835,80.94263851,69.6981068,-78772.70735,3055.421221,753.7793694
0.20625,0.051405873,-0.005663946,-0.04532951,0.119113624,98.27405118,80.90150721,69.71525624,-78762.65701,3043.172231,750.7575156
0.2065,0.182217984,0.045950267,0.086028402,0.171544697,98.29441886,80.90336903,69.77861144,-78777.70878,3056.920753,754.1493072
0.20675,0.140370352,0.011590943,0.03737438,0.16690444,98.31478654,80.85290412,69.7685035,-78768.92181,3046.569292,751.5955782
0.207,0.063319759,-0.058899349,-0.021385229,0.153361516,98.33515421,80.81407632,69.71868495,-78763.85277,3039.99427,749.9735053
0.20725,0.105420562,0.010753436,0.000449325,0.141728614,98.35552189,80.87782454,69.7056966,-78762.53945,3036.741589,749.1710615
0.2075,0.14145195,0.070160748,0.008837915,0.162571239,98.37588957,80.93350778,69.69274464,-78751.32581,3024.230143,746.0844593
0.20775,0.124088613,0.003695557,-0.040223459,0.208379041,98.39625725,80.87299725,69.67322389,-78766.20378,3037.709495,749.4098462
0.208,0.096571021,-0.028143718,0.033680686,0.152745596,98.41662493,80.83736688,69.69125399,-78767.79199,3038.226597,749.5374164
0.20825,0.172332897,0.030881329,0.018485554,0.209359037,98.43699261,80.8707815,69.69278445,-78777.46389,3046.251292,751.5171269
0.2085,0.137733716,-0.027971709,0.011319667,0.212091047,98.45736029,80.85845706,69.67011686,-78751.45826,3019.952245,745.0290922
0.20875,0.158978839,-0.006494038,-0.016540895,0.241431956,98.47772797,80.84522956,69.63557034,-78776.76059,3044.295353,751.0345923
0.209,0.138897278,-0.019100812,-0.012158834,0.218699649,98.49809565,80.84275491,69.6368491,-78766.59865,3033.614768,748.3996676
0.20925,0.158699851,0.024030331,-0.007892265,0.216582235,98.51846333,80.85324452,69.65444324,-78756.33161,3022.387582,745.6298954
0.2095,0.142645083,-0.002973339,0.040097008,0.183237243,98.538831,80.83697101,69.62938404,-78776.16026,3041.632228,750.3775934
0.20975,0.180670947,0.004485733,-0.049128532,0.294488573,98.55919868,80.83413462,69.58648543,-78778.79161,3043.569755,750.8555856
0.21,0.190350758,0.006699047,0.036857666,0.241241834,98.57956636,80.85451888,69.60567758,-78767.47976,3031.863637,747.9676597
0.21025,0.15952045,-0.006101977,-0.011557038,0.238176517,98.59993404,80.84813759,69.58809742,-78746.77858,3010.71696,742.7507263
0.2105,0.144910634,-0.008470776,-0.025801173,0.230149344,98.62030172,80.82403714,69.56193632,-78769.93797,3033.20229,748.2979085
0.21075,0.198428336,-0.020979187,-0.008849982,0.302077937,98.6406694,80.82231953,69.58653957,-78757.30965,3020.290846,745.1126258
0.211,0.251389461,-0.024898331,0.068036335,0.344369227,98.66103708,80.81956857,69.61192655,-78770.24891,3032.824952,748.2048184
0.21125,0.178223487,0.00329381,-0.028261018,0.272455408,98.68140476,80.81825981,69.56422603,-78748.1561,3011.054893,742.8340953
0.2115,0.195972122,-0.015193449,0.011275657,0.281787679,98.70177244,80.80061937,69.55146195,-78765.41333,3028.271984,747.0815908
0.21175,0.176091539,-0.022290053,0.003910792,0.263984753,98.72214012,80.78925611,69.55033442,-78748.61548,3011.330661,742.9021277
0.212,0.239738436,-0.009482892,0.009292999,0.339954267,98.74250779,80.78499727,69.54906632,-78766.03607,3028.923078,747.242217
0.21225,0.207023902,-0.00827075,-0.006702852,0.303370023,98.76287547,80.7862832,69.53067201,-78757.38257,3020.565741,745.1804429
0.2125,0.250379131,0.007953924,0.019165079,0.335194882,98.78324315,80.80720085,69.52431129,-78770.66038,3033.503075,748.3721129
0.21275,0.234812064,-0.000468257,0.007920443,0.326966371,98.80361083,80.7913772,69.5139825,-78765.38554,3028.443065,747.1237967
0.213,0.235376082,0.00870421,-0.022316535,0.344598185,98.82397851,80.75353647,69.4912191,-78790.59521,3053.906547,753.4056957
0.21325,0.246691954,-0.032592744,-0.011507819,0.380935218,98.84434619,80.74060316,69.51140284,-78766.8611,3030.421244,747.6118181
0.2135,0.267469346,0.003723347,0.030870014,0.355356353,98.86471387,80.76972167,69.53777487,-78753.17781,3016.439819,744.1625686
0.21375,0.252986062,0.015187818,0.021630999,0.331835328,98.88508155,80.76953061,69.5029135,-78760.31526,3023.754749,745.9671786
0.214,0.245439339,-0.015908645,-0.026300696,0.377164964,98.90544923,80.75056709,69.45212959,-78781.63212,3045.209261,751.2600554
0.21425,0.245373465,0.004667884,0.023049874,0.328184176,98.92581691,80.77346482,69.4559708,-78763.22183,3027.467197,746.8830479
0.2145,0.279226131,0.048053395,0.051029869,0.324843389,98.94618458,80.79245343,69.45728439,-78775.26953,3039.825489,749.9318668
0.21475,0.244151704,-0.016190719,-0.014402723,0.366922017,98.96655226,80.74939652,69.42813238,-78768.1283,3033.293064,748.3203026
0.215,0.23472005,-0.028437752,-0.02624464,0.370620302,98.98691994,80.73082658,69.42750172,-78763.27285,3028.976627,747.2554277
0.21525,0.281607471,0.000625877,0.022111552,0.383080177,99.00728762,80.76367083,69.44262677,-78740.88889,3007.487527,741.9540179
0.2155,0.274017843,-0.001788693,0.023100653,0.373695278,99.0276553,80.74159554,69.43163075,-78762.28559,3029.524104,747.3904917
0.21575,0.23520558,-0.040971366,0.007269251,0.361325105,99.04802298,80.72833978,69.41975912,-78748.50985,3016.362068,744.1433873
0.216,0.339189709,0.020632767,0.013046856,0.455966262,99.06839066,80.77345846,69.41763192,-78747.72062,3016.72984,744.2341176
0.21625,0.290146793,-0.007637443,0.01405436,0.406660814,99.08875834,80.75368663,69.3868279,-78751.99419,3021.953735,745.5228643
0.2165,0.256471414,0.013754627,-0.014501553,0.364878335,99.10912602,80.74482708,69.3538754,-78763.19254,3034.17391,748.5376093
0.21675,0.25307973,-0.011879178,-0.00340602,0.368863061,99.1294937,80.7431195,69.35871738,-78748.74334,3020.624205,745.1948661
0.217,0.342306563,0.02697183,0.014747565,0.454840987,99.14986137,80.75353973,69.37171145,-78760.63363,3033.288254,748.3191159
0.21725,0.337236245,0.030918721,0.009282531,0.449279634,99.17022905,80.73954851,69.36548478,-78749.26363,3023.316386,745.8590334
0.2175,0.28165024,-0.03960029,-0.026945664,0.445638278,99.19059673,80.67172643,69.36159827,-78746.05324,3021.073614,745.3057364
0.21775,0.308653427,-0.048045735,0.002465146,0.472796895,99.21096441,80.65866198,69.38111327,-78755.40693,3031.072571,747.772502
0.218,0.386261484,0.043657685,0.052838131,0.478155598,99.23133209,80.73051646,69.37295464,-78757.16378,3033.767902,748.4374461
0.21825,0.318413629,0.052423452,-0.045384439,0.461157448,99.25169977,80.74898618,69.29074155,-78752.80332,3030.446092,747.6179482
0.2185,0.328752065,-0.052314997,-0.036402855,0.528018387,99.27206745,80.72182344,69.27190243,-78746.64033,3025.164571,746.3149849
0.21875,0.375459695,0.043478127,0.010431242,0.494519594,99.29243513,80.73956746,69.31925565,-78749.16055,3028.534711,747.146406
0.219,0.349300411,0.016856038,0.039033662,0.45527636,99.31280281,80.69773273,69.33573683,-78740.93935,3021.481814,745.4064403
0.21925,0.3160056,-0.064876516,-0.026862464,0.513882052,99.33317049,80.64673293,69.297352,-78761.32931,3042.575905,750.6104006
0.2195,0.380122304,0.013949601,-0.017995331,0.541849222,99.35353816,80.69397846,69.30413085,-78742.87801,3025.241801,746.3340376
0.21975,0.449150397,0.062699527,0.041973015,0.561753757,99.37390584,80.73761555,69.31462204,-78742.15084,3025.621932,746.4278168
0.22,0.369907011,-0.009067202,0.000691009,0.529185349,99.39427352,80.70344932,69.27048074,-78733.62038,3018.101685,744.5725549
0.22025,0.35065387,0.008701186,-0.009060273,0.496630015,99.4146412,80.68456172,69.24332183,-78757.50746,3042.923365,750.6961197
0.2205,0.388719358,0.013532615,0.023058252,0.523988429,99.43500888,80.67663045,69.27295428,-78749.9772,3036.472868,749.1047675
0.22075,0.373235432,0.001946565,0.008637398,0.520415139,99.45537656,80.66573764,69.27876733,-78723.29826,3010.967491,742.8125328
0.221,0.366654276,-0.026079672,-0.006611336,0.542168043,99.47574424,80.66284932,69.24626983,-78728.79994,3017.377804,744.3939716
0.22125,0.352869047,0.02508744,0.011672325,0.473324361,99.49611192,80.68047645,69.22115128,-78740.61811,3030.116879,747.5367305
0.2215,0.343125934,-0.003705615,-0.018630136,0.501380414,99.5164796,80.6741625,69.20816365,-78738.37247,3028.932736,747.2445998
0.22175,0.397440334,0.026326625,0.003228181,0.541906029,99.53684728,80.6769357,69.21979417,-78739.01861,3030.41899,747.611262
0.222,0.440367049,0.0101204,0.017487379,0.603318877,99.55721495,80.66652641,69.22003563,-78743.06989,3035.740773,748.9241579
0.22225,0.387207736,-0.012686459,0.001619712,0.555696103,99.57758263,80.65982273,69.18793113,-78734.42106,3028.065411,747.0306288
0.2225,0.387334001,0.013784801,-0.013613176,0.54867868,99.59795031,80.69121352,69.15996121,-78725.92399,3020.511752,745.1671238
0.22275,0.427924203,0.045185778,-0.007546532,0.582154756,99.61831799,80.71160449,69.1489737,-78743.96534,3039.333223,749.8104236
0.223,0.438773944,-0.004525307,0.021132765,0.609587333,99.63868567,80.68589168,69.16587601,-78724.2562,3020.822573,745.2438039
0.22325,0.458769599,0.014924812,0.011001674,0.630483704,99.65905335,80.65643116,69.16550576,-78753.93599,3051.030165,752.6960858
0.2235,0.436043733,0.005109959,-0.026714782,0.633136774,99.67942103,80.61342994,69.17030041,-78741.45514,3040.016825,749.9790697
0.22375,0.435696413,-0.011052463,0.038659581,0.599745023,99.69978871,80.58102649,69.20452772,-78739.06009,3038.485643,749.6013235
0.224,0.42251966,-0.027180189,0.019922414,0.605419815,99.72015639,80.56605615,69.21594156,-78710.42321,3011.18194,742.8654378
0.22425,0.44234465,-0.013525339,0.003558974,0.632963025,99.74052407,80.59815164,69.1900599,-78704.03942,3005.850125,741.5500672
0.2245,0.414630134,-0.008403199,-0.010285708,0.599595044,99.76089174,80.64464203,69.12309602,-78705.08074,3008.190123,742.1273499
0.22475,0.422392995,-0.036041833,-0.031817779,0.64535863,99.78125942,80.65947054,69.06938357,-78715.62577,3019.859945,745.0063214
0.225,0.488340751,0.01251678,0.015218494,0.671014471,99.8016271,80.67667581,69.0797618,-78729.94414,3035.140275,748.7760138
0.22525,0.445880495,0.007027781,0.0114716,0.61751319,99.82199478,80.63614823,69.10424496,-78718.25348,3024.751944,746.2131887
0.2255,0.415710556,-0.042519421,-0.018879505,0.631982657,99.84236246,80.57934774,69.10629002,-78712.17854,3019.920794,745.0213331
0.22575,0.428271734,-0.047629274,0.008353668,0.637139735,99.86273014,80.57531425,69.11538021,-78711.16521,3019.74276,744.9774119
0.226,0.474344688,0.048785758,0.060784711,0.593528627,99.88309782,80.62117339,69.11439222,-78716.46338,3026.140296,746.5556985
0.22625,0.417630523,-0.019784354,0.004906744,0.601898947,99.9034655,80.60109715,69.05973503,-78719.90709,3030.772065,747.6983665
0.2265,0.451133032,-0.029115852,-0.023537054,0.675264247,99.92383318,80.59358362,69.04074517,-78728.99262,3041.00081,750.221821
0.22675,0.521370788,0.028925711,0.043201617,0.68655059,99.94420086,80.62836568,69.0719424,-78710.94764,3024.090187,746.0499319
0.227,0.455486549,-0.005753995,-0.00604383,0.652497674,99.96456853,80.6053012,69.04754688,-78710.62506,3024.529028,746.1581948
0.22725,0.446274198,-0.052526979,-0.018349825,0.682529248,99.98493621,80.56672433,69.04281427,-78709.01506,3024.150536,746.0648201
0.2275,0.502841494,0.030860637,0.021551982,0.674160349,100.0053039,80.60108182,69.06221669,-78703.8644,3020.028284,745.0478511
0.22775,0.490868721,0.018152156,-0.012105992,0.69091249,100.0256716,80.5987794,69.03518915,-78705.96968,3023.267653,745.8470108
0.228,0.468793118,0.002035448,-0.019144783,0.675569923,100.0460393,80.56264682,69.01313457,-78719.82921,3038.471132,749.5977437
0.22825,0.466606569,-0.045453198,-0.006313688,0.69813371,100.0664069,80.54018134,69.01917989,-78713.54751,3033.163957,748.2884516
0.2285,0.519718931,-0.004074582,0.03114805,0.717148369,100.0867746,80.57665378,69.03521324,-78686.8006,3007.705594,742.0078156
0.22875,0.506905361,0.019625837,-0.034951218,0.730772566,100.1071423,80.58973553,68.99661658,-78688.93252,3011.012586,742.823658
0.229,0.454165677,0.003126003,-0.02932935,0.662010256,100.12751,80.55521443,68.9688902,-78708.43081,3031.521056,747.8831441
0.22925,0.527395918,0.003991859,-0.020708562,0.758274647,100.1478776,80.54958422,68.99055873,-78700.98903,3025.127784,746.3059094
0.2295,0.525970567,-0.010767944,0.036766712,0.727783061,100.1682453,80.53923472,69.0202428,-78685.62307,3010.864167,742.7870425
0.22975,0.497832448,-0.041028209,0.00249301,0.733229883,100.188613,80.52508585,69.00551236,-78693.163,3019.177815,744.8380385
0.23,0.503861151,0.011963011,-0.005703396,0.708471532,100.2089807,80.54218389,68.98126316,-78693.33463,3020.582417,745.1845571
0.23025,0.52839691,-0.002327003,-0.027725135,0.769145412,100.2293484,80.52373793,68.97150216,-78686.03434,3014.722007,743.7387806
0.2305,0.57673,-0.006831233,0.030150047,0.800413001,100.249716,80.5118991,68.9816895,-78709.71217,3039.453084,749.8399935
0.23075,0.517664384,-0.03026145,0.017594337,0.743359232,100.2700837,80.52650356,68.96512287,-78690.53213,3021.213977,745.3403644
0.231,0.554357555,0.021330837,0.010158936,0.761836222,100.2904514,80.55088115,68.93929451,-78696.16684,3028.116076,747.0431278
0.23125,0.560917702,-0.01179004,-0.009667576,0.808434426,100.3108191,80.52735794,68.92186358,-78703.55644,3036.839752,749.1952786
0.2315,0.532196814,-0.011832705,-0.025155846,0.778965732,100.3311868,80.51921791,68.93136912,-78681.93572,3016.381443,744.1481672
0.23175,0.577510764,0.001550787,0.025971689,0.797823055,100.3515544,80.52179709,68.94159076,-78682.8621,3018.672308,744.7133287
0.232,0.533546307,-0.038263558,-0.019981893,0.796049125,100.3719221,80.5008378,68.90141863,-78685.14808,3022.319056,745.6129899
0.23225,0.548507254,0.048833107,0.012730722,0.733508096,100.3922898,80.52931801,68.89471057,-78698.01939,3036.535697,749.1202676
0.2325,0.570983642,0.008974497,0.010815654,0.793502264,100.4126575,80.5225406,68.90022409,-78686.59385,3026.42584,746.6261429
0.23275,0.556087053,-0.015111085,-0.026336558,0.815849609,100.4330252,80.49928638,68.88482788,-78681.26052,3022.374665,745.6267086
0.233,0.564597166,-0.034161722,-0.008623184,0.829304523,100.4533928,80.5245151,68.86714778,-78660.89187,3003.41091,740.9483072
0.23325,0.608305334,0.063460082,-0.023580239,0.838875285,100.4737605,80.57126878,68.83847482,-78690.20563,3033.757226,748.4348123
0.2335,0.506748109,-0.0072533,-0.015296718,0.73266155,100.4941282,80.54093367,68.81843093,-78661.3026,3006.211191,741.639143
0.23375,0.528653462,-0.022525655,-0.046503057,0.796980775,100.5144959,80.50556333,68.82503749,-78667.17309,3013.502866,743.4380158
0.234,0.616300594,0.05829608,0.060043628,0.787904756,100.5348635,80.51841816,68.86771607,-78700.14464,3047.745519,751.8857561
0.23425,0.582473401,0.005442339,0.015173056,0.809252257,100.5552312,80.50446568,68.85582876,-78661.13984,3010.210503,742.6257822
0.2345,0.578271829,-0.016457774,-0.004577456,0.832801136,100.5755989,80.48203034,68.81374306,-78694.83556,3045.052623,751.2214126
0.23475,0.552517514,-0.04062452,0.020614622,0.799054686,100.5959666,80.49156831,68.81278418,-78672.21071,3023.755796,745.9674369
0.235,0.607835098,0.06603534,0.029405926,0.793390823,100.6163343,80.54218973,68.81042306,-78668.87131,3021.989744,745.5317477
0.23525,0.566906228,0.019565801,-0.019589168,0.803175887,100.6367019,80.51104389,68.77555679,-78679.92076,3034.257657,748.5582698
0.2355,0.580370125,-0.01098264,-0.020742838,0.84328533,100.6570696,80.47937168,68.77525758,-78680.33371,3035.884443,748.9596015
0.23575,0.627032458,0.041382406,0.033803797,0.833644807,100.6774373,80.49164487,68.80661875,-78675.71952,3032.49495,748.1234061
0.236,0.661547389,-0.011979997,0.018140782,0.93194338,100.697805,80.47766531,68.79344482,-78672.9222,3031.201908,747.8044096
0.23625,0.573599952,-0.01739829,-0.018951066,0.836897868,100.7181727,80.47747577,68.74991872,-78657.06617,3016.74419,744.2376577
0.2365,0.589707696,0.027187201,-0.014816472,0.826827119,100.7385403,80.50960334,68.73128759,-78665.77807,3026.621561,746.6744276
0.23675,0.63079406,0.018917931,-0.003772928,0.881806404,100.758908,80.49094357,68.7451286,-78669.24454,3030.90867,747.7320671
0.237,0.602730955,-0.0394313,0.049097338,0.852478659,100.7792757,80.44151661,68.76041509,-78661.2478,3024.4359,746.13522
0.23725,0.640875959,0.017129483,0.004770946,0.890978108,100.7996434,80.46887739,68.74453657,-78664.49511,3028.700165,747.1872239
0.2375,0.622339522,0.013119906,0.002696881,0.869030599,100.8200111,80.48399347,68.72722929,-78651.07598,3016.580916,744.1973777
0.23775,0.63548885,0.008715824,-0.018252221,0.906062409,100.8403787,80.47342724,68.69764125,-78657.69825,3024.76416,746.2162025
0.238,0.601195625,-0.02905638,-0.070698973,0.922168123,100.8607464,80.45384496,68.68664793,-78634.86254,3002.982356,740.842582
0.23825,0.66936449,0.031386224,0.038259996,0.897416514,100.8811141,80.46908026,68.72630398,-78659.09376,3028.015339,747.0182757
0.2385,0.652904377,0.000997521,0.023608875,0.906370041,100.9014818,80.46344366,68.70596646,-78647.57414,3017.700527,744.4735882
0.23875,0.648584412,-0.012216867,-0.039512014,0.95440036,100.9218494,80.44489474,68.66323311,-78673.21207,3044.317208,751.0399841
0.239,0.630344315,0.003257243,-0.025086776,0.907541456,100.9422171,80.45991012,68.68166403,-78635.57593,3008.636603,742.2374974
0.23925,0.64028129,0.043167518,0.058723671,0.833664269,100.9625848,80.46378284,68.70998634,-78635.07481,3009.484983,742.4467947
0.2395,0.609177822,-0.018767058,-0.010826845,0.882487171,100.9829525,80.39608055,68.67774085,-78652.52343,3028.52262,747.1434231
0.23975,0.651908693,-0.001601494,0.017104784,0.911263679,101.0033202,80.40654089,68.68021917,-78657.87653,3035.122207,748.7715564
0.24,0.65237888,-0.005245419,0.049867881,0.893603211,101.0236878,80.45354404,68.67084489,-78631.92549,3010.544749,742.7082416
0.24025,0.629228149,0.026032009,-0.039276737,0.902778821,101.0440555,80.45309548,68.60428467,-78653.64114,3033.527251,748.3780771
0.2405,0.640843156,-0.022514285,-0.085479437,0.985673482,101.0644232,80.45170763,68.57771958,-78635.35866,3016.907264,744.2778883
0.24075,0.707156747,0.072475226,0.041853398,0.919992867,101.0847909,80.49624748,68.61830944,-78641.68976,3024.19794,746.0765148
0.241,0.656182514,-0.003962109,0.008909927,0.924617982,101.1051586,80.46861057,68.59962301,-78627.74327,3011.495689,742.9428406
0.24125,0.63444134,-0.068545646,-0.0280771,0.9668294,101.1255262,80.42450712,68.56394358,-78640.70277,3026.05167,746.5338342
0.2415,0.664384778,0.013540731,-0.007401147,0.935592254,101.1458939,80.46162333,68.57824837,-78626.91142,3013.360117,743.4027991
0.24175,0.715909915,0.059942756,-0.00210379,0.974518532,101.1662616,80.45478038,68.58218624,-78647.05568,3034.634445,748.6512244
0.242,0.637220825,-0.046699602,-0.040978578,0.963189654,101.1866293,80.37902875,68.57495356,-78638.83411,3027.891207,746.9876522
0.24225,0.657963155,0.000348877,0.036879274,0.905282385,101.206997,80.36917846,68.62752058,-78638.07453,3028.18334,747.0597219
0.2425,0.688138367,-0.005251414,0.074278063,0.929483082,101.2273646,80.37026031,68.63221763,-78639.53272,3030.850451,747.7177044
0.24275,0.641339569,-0.024587113,-0.011275554,0.932492382,101.2477323,80.38038809,68.5707468,-78625.32023,3017.911727,744.5256918
0.243,0.622723069,-0.024814584,-0.012390087,0.907098728,101.2681,80.41121989,68.51975664,-78624.55969,3018.403748,744.6470743
0.24325,0.663364257,0.022150016,-0.032805607,0.948065559,101.2884677,80.4567038,68.49172676,-78628.17842,3023.178559,745.825031
0.2435,0.667544814,0.012759016,0.03100772,0.913376662,101.3088353,80.43944237,68.51778294,-78624.92833,3021.114977,745.3159408
0.24375,0.627710651,0.004007436,0.011538186,0.876773015,101.329203,80.38430395,68.52243498,-78635.37364,3032.64387,748.1601448
0.244,0.647038943,-0.026926212,-0.01394938,0.944088445,101.3495707,80.36110293,68.52008437,-78629.01451,3027.57112,746.9086859
0.24425,0.696576367,0.006403024,0.01464896,0.970274306,101.3699384,80.39089052,68.51965948,-78624.40059,3024.285304,746.0980678
0.2445,0.675945412,-0.015284432,-0.007286422,0.971940535,101.3903061,80.41198033,68.48428711,-78613.51281,3014.48522,743.6803647
0.24475,0.663514588,0.012165868,-0.024446245,0.948095834,101.4106737,80.42234962,68.46446087,-78609.4554,3011.767613,743.0099248
0.245,0.704571044,-0.020805039,0.014265381,1.001959233,101.4310414,80.40806944,68.46526617,-78619.41159,3022.920925,745.7614723
0.24525,0.628773023,-0.010251633,0.048538732,0.865147762,101.4514091,80.39997728,68.46503039,-78622.16685,3026.938203,746.7525439
0.2455,0.668187774,0.039029706,-0.013977342,0.929515394,101.4717768,80.40310435,68.4442742,-78620.93812,3027.252872,746.8301735
0.24575,0.641112085,-0.028607572,-0.022147029,0.94259154,101.4921445,80.37217723,68.44277617,-78612.27037,3019.924022,745.0221295
0.246,0.747713035,0.003400734,0.00703974,1.050052843,101.5125121,80.37484383,68.47111937,-78618.61154,3027.47888,746.8859301
0.24625,0.700231703,-0.025296493,0.043769598,0.980868892,101.5328798,80.34025441,68.47265965,-78617.89468,3028.262791,747.0793228
0.2465,0.714952836,-0.027716912,0.001646043,1.030158783,101.5532475,80.32640237,68.4410883,-78633.79796,3045.07197,751.2261856
0.24675,0.722778186,0.038522644,-0.008068379,1.002253995,101.5736152,80.35987697,68.44133962,-78623.52958,3035.952122,748.9762983
0.247,0.705673843,0.025596451,0.030475705,0.95834315,101.5939829,80.35798674,68.43818167,-78611.5264,3025.087245,746.2959084
0.24725,0.627385646,-0.018688646,-0.034226326,0.924869619,101.6143505,80.33899708,68.40348292,-78591.09116,3005.792303,741.5358023
0.2475,0.689045504,0.018395791,0.002236975,0.960071924,101.6347182,80.34467131,68.40979038,-78615.6012,3031.258617,747.8183999
0.24775,0.737448994,-0.001101755,0.036004148,1.019244293,101.6550859,80.32937299,68.41769007,-78607.03328,3023.947232,746.0146645
0.248,0.693778384,-0.030725534,0.013446947,0.99484069,101.6754536,80.31482089,68.39744218,-78621.23348,3038.946143,749.7149299
0.24825,0.696006208,0.027330766,0.012060998,0.956630055,101.6958212,80.35358155,68.37502344,-78612.75486,3031.771275,747.9448739
0.2485,0.708005296,0.038134595,-0.010930794,0.983871571,101.7161889,80.37355504,68.34713884,-78606.74634,3027.002949,746.768517
0.24875,0.736419272,-0.02942053,-0.018383416,1.075341582,101.7365566,80.35379116,68.33547085,-78603.20764,3024.331492,746.1094624
0.249,0.711572622,0.006944066,0.006862325,0.996553065,101.7569243,80.36290177,68.35473436,-78583.84508,3006.48366,741.7063615
0.24925,0.686810429,0.019694484,0.004788172,0.954159442,101.777292,80.3282179,68.35621416,-78587.93848,3011.854375,743.0313291
0.2495,0.679298847,-0.037223066,0.010892224,0.981063783,101.7976596,80.27744441,68.32914701,-78622.90439,3048.036864,751.9576315
0.24975,0.675284442,-0.03131359,0.05719931,0.942944613,101.8180273,80.30863902,68.32452488,-78614.901,3041.23389,750.2793224
0.25,0.679729884,0.034803839,0.03423127,0.912468297,101.838395,80.38939063,68.29782755,-78582.10967,3009.758146,742.5141848
0.25025,0.618278668,-0.054762167,-0.012432563,0.923348482,101.8587627,80.37567313,68.22556491,-78584.36613,3013.094203,743.3371977
0.2505,0.636171359,0.00261041,-0.018399416,0.911210069,101.8791304,80.38289914,68.19649659,-78614.52029,3044.253351,751.0242302
0.25075,0.662135676,-0.004017203,0.004214517,0.936316011,101.899498,80.38350499,68.21832102,-78585.35304,3016.188354,744.1005318
0.251,0.664350267,0.018100503,0.046015626,0.894849564,101.9198657,80.36470269,68.20618086,-78616.22633,3047.852215,751.9120781
0.25125,0.621057576,-0.023891417,-0.03496451,0.920025431,101.9402334,80.37149309,68.142969,-78605.24111,3037.838708,749.4417232
0.2515,0.638758265,0.03795151,0.006291636,0.872917603,101.9606011,80.43748945,68.11674116,-78601.99002,3035.387574,748.837023
0.25175,0.586738395,0.015884296,0.01958758,0.804703774,101.9809688,80.44567765,68.08237467,-78598.38386,3032.209578,748.0530041
0.252,0.549326464,0.028411624,-0.004690824,0.761172253,102.0013364,80.41835256,68.04739477,-78620.22035,3054.616122,753.5807495
0.25225,0.534838328,0.001502512,-0.00177197,0.756576782,102.0217041,80.41369509,68.02172991,-78616.26794,3050.493661,752.563729
0.2525,0.567012253,0.02754182,0.001404145,0.782063973,102.0420718,80.44482063,67.99921204,-78610.84876,3044.812995,751.1622959
0.25275,0.522465326,0.044865022,0.027075384,0.688352901,102.0624395,80.45671378,67.95844867,-78622.66572,3055.959894,753.912261
0.253,0.489372642,-0.032781914,-0.032936745,0.73854756,102.0828072,80.44648593,67.89680919,-78628.74892,3060.533787,755.040651
0.25325,0.504737253,0.014902457,0.047703149,0.670741519,102.1031748,80.50993602,67.87599028,-78624.27305,3054.440976,753.5375406
0.2535,0.476719034,0.013108271,0.048655684,0.632010119,102.1235425,80.56208967,67.79702601,-78632.9962,3061.122914,755.18599
0.25375,0.428068456,-0.003599507,-0.050135392,0.645896075,102.1439102,80.5874439,67.68756825,-78643.91514,3069.88129,757.3467012
0.254,0.424490502,0.009983618,-0.007042571,0.59860391,102.1642779,80.63407373,67.6626255,-78628.44901,3052.234944,752.9933076
0.25425,0.442281728,0.03748236,0.025655321,0.581016325,102.1846455,80.6364394,67.66071035,-78634.24949,3055.411298,753.7769213
0.2545,0.383074738,-0.049260256,-0.04315628,0.607143876,102.2050132,80.57497949,67.63053034,-78622.33432,3040.971485,750.2145864
0.25475,0.441421727,0.006415632,0.036618951,0.594985572,102.2253809,80.57406924,67.63372302,-78667.79995,3083.376654,760.6760383
0.255,0.427141756,-0.014301202,0.038038573,0.590772903,102.2457486,80.59984488,67.6246501,-78632.43324,3045.144395,751.2440529
0.25525,0.370056909,-0.050059313,-0.01370233,0.57016719,102.2661163,80.58952117,67.56982641,-78636.13475,3046.006672,751.4567785
0.2555,0.361398247,-0.016581596,0.008348243,0.517817114,102.2864839,80.62620002,67.51103426,-78654.58617,3061.454002,755.26767
0.25575,0.307646215,-0.014991592,0.02512493,0.430723538,102.3068516,80.67846058,67.4569061,-78639.87507,3043.931847,750.9449146
0.256,0.279245697,-0.013439555,0.025879141,0.389108248,102.3272193,80.72022974,67.37592541,-78660.50922,3061.420308,755.2593578
0.25625,0.245662555,-0.010913997,0.039655786,0.332907823,102.347587,80.77030104,67.28141529,-78687.29544,3085.209137,761.1281158
0.2565,0.201423623,0.006089527,-0.018690484,0.295329778,102.3679547,80.81010097,67.20818876,-78672.3283,3067.148893,756.6726125
0.25675,0.18888326,0.018342246,0.02887218,0.234091142,102.3883223,80.824632,67.16992811,-78687.18493,3078.80102,759.5472188
0.257,0.09587479,-0.07706014,-0.008075767,0.213239424,102.40869,80.81946633,67.11404576,-78666.80647,3054.685826,753.5979456
0.25725,0.09329591,0.012347536,0.032100376,0.103381368,102.4290577,80.87244379,67.06072593,-78699.11448,3082.930795,760.5660438
0.2575,0.029604541,-0.02022309,0.021158837,0.065319113,102.4494254,80.90637333,66.96522582,-78707.25072,3086.898669,761.5449273
0.25775,-0.019269975,-0.01933661,-0.033710673,0.020375277,102.4697931,80.97141981,66.85719547,-78710.6228,3085.932995,761.3066932
0.258,-0.035346422,0.039924311,0.044806074,0.110063334,102.4901607,81.05839014,66.80636586,-78706.80799,3077.677627,759.2700754
0.25825,-0.132333346,-0.009262432,-0.023484539,0.164914465,102.5105284,81.0687903,66.71915407,-78706.74674,3073.081241,758.1361365
0.2585,-0.133824253,-0.01607815,-0.02384918,0.161304216,102.5308961,81.07994101,66.65435062,-78737.7731,3099.573114,764.6717417
0.25875,-0.170078177,0.002254092,0.004416815,0.245258213,102.5512638,81.11449793,66.63517449,-78709.15047,3066.369868,756.4804253
0.259,-0.165110107,-0.009156932,0.038532964,0.260895036,102.5716314,81.11600712,66.59406648,-78747.14348,3099.339472,764.6141016
0.25925,-0.236656058,-0.068035847,-0.002519453,0.295880252,102.5919991,81.12049603,66.52648309,-78733.68268,3081.473582,760.206546
0.2595,-0.19477218,0.022969273,0.019540097,0.305536989,102.6123668,81.18103887,66.47523428,-78761.20491,3103.722234,765.6953392
0.25975,-0.223363057,0.007553579,-0.040261872,0.298554608,102.6327345,81.22080681,66.41836281,-78740.29199,3078.014442,759.3531684
0.26,-0.256554212,0.006843716,0.028978648,0.389098236,102.6531022,81.23809094,66.37851146,-78759.18688,3092.05176,762.8162065
0.26025,-0.261427062,-0.022493167,-0.044427099,0.323511187,102.6734698,81.23644562,66.33075374,-78761.21401,3089.053741,762.0765884
0.2605,-0.241159399,0.017575282,0.038455726,0.381528828,102.6938375,81.26140748,66.33035325,-78767.85169,3090.722151,762.4881891
0.26075,-0.262916663,-0.029303495,0.01737667,0.367856634,102.7142052,81.2383643,66.30160865,-78775.48819,3093.497363,763.1728403
0.261,-0.268571065,-0.042972612,-0.008691837,0.345842517,102.7345729,81.21505622,66.28894509,-78779.62708,3092.589687,762.9489145
0.26125,-0.257495259,0.015028835,0.035149238,0.400393573,102.7549406,81.24644229,66.27592126,-78787.18328,3095.164512,763.5841295
0.2615,-0.283373257,-0.003301302,0.000239785,0.398609078,102.7753082,81.26851058,66.22771068,-78777.68705,3081.094389,760.1129982
0.26175,-0.305791936,0.01506848,-0.005047491,0.440230939,102.7956759,81.29497273,66.17324832,-78794.19332,3092.622205,762.9569366
0.262,-0.323772805,0.056622298,-0.006708829,0.499240253,102.8160436,81.30192218,66.13332944,-78805.23435,3099.111288,764.5578083
0.26225,-0.34340521,-0.040678335,-0.023856115,0.440497641,102.8364113,81.26953871,66.13053454,-78793.76466,3082.905969,760.5599192
0.2625,-0.289372429,0.013921385,0.062108339,0.466741739,102.856779,81.29126279,66.15039369,-78787.66653,3072.232266,757.9266923
0.26275,-0.332286379,0.002477757,-0.011577996,0.463808644,102.8771466,81.29497017,66.09135445,-78798.37885,3078.02402,759.3555312
0.263,-0.361159802,-0.027153496,-0.025915976,0.473233734,102.8975143,81.30037084,66.03381663,-78815.86395,3090.861302,762.522518
0.26325,-0.380735263,0.039049,0.01625047,0.578218187,102.917882,81.3533485,66.00351916,-78816.11741,3086.450904,761.4344626
0.2635,-0.398809927,0.011282643,-0.004182896,0.569337855,102.9382497,81.36546852,65.95239946,-78826.2759,3091.88496,762.7750567
0.26375,-0.442717838,-0.021378186,-0.013325489,0.601639209,102.9586173,81.36454201,65.90960581,-78825.35012,3086.482012,761.4421372
0.264,-0.399016132,-0.008117454,0.002151065,0.560216333,102.978985,81.38713652,65.88121533,-78841.24899,3097.661917,764.2002452
0.26425,-0.440303288,0.02524415,0.030744246,0.662306913,102.9993527,81.40409293,65.86368083,-78837.69072,3089.528959,762.193826
0.2645,-0.485087829,-0.029261144,-0.004880523,0.662549197,103.0197204,81.38803128,65.81344408,-78832.98132,3080.128636,759.8747448
0.26475,-0.538653236,-0.000919373,0.008146024,0.766961093,103.0400881,81.40474703,65.77771728,-78841.79642,3084.08126,760.8498661
0.265,-0.436993095,0.025229508,0.013961464,0.645861221,103.0604557,81.44278781,65.75492831,-78857.36042,3094.842433,763.504672
0.26525,-0.500793302,0.038421197,-0.017287602,0.726383857,103.0808234,81.44652494,65.73191312,-78844.69631,3077.718674,759.2802018
0.2655,-0.537888536,-0.050674996,0.036515637,0.758234393,103.1011911,81.41919953,65.70146956,-78851.70277,3080.342047,759.9273936
0.26575,-0.529581366,-0.022103642,0.006383815,0.738650019,103.1215588,81.44430212,65.65082323,-78869.53896,3093.302349,763.1247296
0.266,-0.500122758,0.035770451,-0.029482343,0.716199594,103.1419265,81.49650934,65.63204085,-78857.53153,3077.012675,759.1060301
0.26625,-0.50495305,0.042142365,0.028427291,0.764196366,103.1622941,81.4891875,65.64113802,-78859.6976,3074.735695,758.5442939
0.2665,-0.534326961,-0.011816968,-0.037421003,0.721517699,103.1826618,81.42070559,65.62292839,-78863.56258,3074.60841,758.5128925
0.26675,-0.547056279,-0.042008969,0.013565271,0.756609412,103.2030295,81.38377395,65.62165794,-78882.69511,3089.075354,762.0819205
0.267,-0.478302388,0.0056676,0.053117179,0.720336844,103.2233972,81.42651447,65.62287375,-78881.94611,3084.103895,760.8554501
0.26725,-0.494265088,-0.021474206,-0.036961224,0.657949762,103.2437649,81.45126647,65.565537,-78868.34363,3066.174008,756.4321064
0.2675,-0.521991891,0.006302694,-0.025143304,0.725908079,103.2641325,81.48177024,65.52911726,-78868.13372,3061.985281,755.3987379
0.26775,-0.482545841,0.019045161,-0.004603199,0.69324018,103.2845002,81.49284018,65.51602079,-78875.41327,3065.168316,756.1839998
0.268,-0.500753316,-0.005694085,-0.025643042,0.686448378,103.3048679,81.47030417,65.50547251,-78883.02906,3068.585823,757.0271066
0.26825,-0.48844402,0.019265116,0.009636433,0.711298401,103.3252356,81.461219,65.51909163,-78885.40468,3067.414904,756.7382381
0.2685,-0.440087499,0.033265353,0.00261182,0.64883376,103.3456032,81.43717218,65.52841241,-78902.25916,3080.508318,759.9684131
0.26875,-0.461080376,0.008262404,0.069965453,0.711406764,103.3659709,81.41994686,65.51548035,-78917.89662,3092.627336,762.9582026
0.269,-0.49788866,-0.02476622,-0.015525105,0.675725418,103.3863386,81.44004419,65.45568265,-78901.60975,3072.674137,758.0357029
0.26925,-0.482747604,0.030349727,0.032992093,0.727504837,103.4067063,81.50180238,65.42869682,-78890.72354,3058.672801,754.5815414
0.2695,-0.52740283,0.032914345,-0.015077364,0.760746951,103.427074,81.5036987,65.3759921,-78892.44038,3056.930366,754.1516788
0.26975,-0.529895501,-0.011569054,-0.023071203,0.725027912,103.4474416,81.46001434,65.3646255,-78902.68653,3063.588066,755.7941486
0.27,-0.501459291,0.005927171,0.009949322,0.720413748,103.4678093,81.45810284,65.39667449,-78895.12804,3052.767813,753.1247675
0.27025,-0.519779741,0.005287512,0.029575951,0.7603139,103.488177,81.4468413,65.39198464,-78898.75618,3052.958331,753.1717686
0.2705,-0.536424191,-0.046825937,-0.067093458,0.678519389,103.5085447,81.43409575,65.34546391,-78887.54748,3038.376106,749.5743006
0.27075,-0.470656411,0.018788886,0.001684107,0.680407846,103.5289124,81.46770839,65.35086201,-78906.92751,3054.20926,753.4803758
0.271,-0.458744637,0.049903588,-0.032670728,0.668640793,103.54928,81.46869095,65.32754548,-78915.46676,3059.293711,754.7347214
0.27125,-0.49130128,-0.040559531,-0.041136706,0.637037362,103.5696477,81.43071312,65.31307727,-78911.50428,3052.148337,752.9719413
0.2715,-0.486021554,-0.012123301,0.02140809,0.695117797,103.5900154,81.44582005,65.32310671,-78899.02602,3036.919208,749.2148806
0.27175,-0.472238652,0.001965012,-0.040860442,0.642487584,103.6103831,81.46631545,65.29067444,-78897.44872,3032.046409,748.01275
0.272,-0.461649838,0.01976947,0.02586894,0.685183416,103.6307508,81.45532131,65.28047881,-78932.94256,3064.691857,756.0664562
0.27225,-0.521538889,-0.023927245,-0.005291798,0.717269605,103.6511184,81.41911421,65.26977362,-78914.74069,3044.02388,750.9676193
0.2725,-0.474502055,-0.008053982,-0.021289379,0.650500354,103.6714861,81.41824778,65.26864298,-78923.83245,3050.219525,752.496099
0.27275,-0.444068527,0.011964265,0.008266844,0.64232925,103.6918538,81.43653019,65.27393029,-78918.43766,3042.103557,750.4938713
0.273,-0.441420794,0.036955784,-0.009925006,0.645933878,103.7122215,81.42004313,65.2663671,-78926.94302,3047.998572,751.9481849
0.27325,-0.462519217,-0.022942241,-0.027202543,0.618665235,103.7325891,81.36868692,65.26238991,-78906.32175,3025.746889,746.4586439
0.2735,-0.429296783,-0.046335033,-0.032568308,0.551582005,103.7529568,81.35184069,65.25145908,-78935.01376,3051.499297,752.8118216
0.27375,-0.388156217,-0.001353338,0.030089251,0.570556198,103.7733245,81.39080255,65.26172564,-78914.66957,3028.77917,747.2067146
0.274,-0.413823742,-0.028517981,-0.022571702,0.549157579,103.7936922,81.373892,65.2237942,-78927.07809,3038.705045,749.6554507
0.27425,-0.421579247,-0.021763852,-0.046762636,0.548602571,103.8140599,81.37851142,65.19463065,-78932.37368,3041.712366,750.3973635
0.2745,-0.408907859,0.021682391,-0.001262527,0.593387858,103.8344275,81.40282522,65.20187043,-78928.32549,3035.414569,748.8436828
0.27475,-0.368813831,-0.029363451,0.020907216,0.519265053,103.8547952,81.38649906,65.19090678,-78935.16678,3040.111203,750.002353
0.275,-0.409039674,-0.031364059,-0.008484453,0.551005291,103.8751629,81.38467812,65.17036165,-78919.201,3022.202389,745.5842078
0.27525,-0.344397886,0.016451605,0.010444925,0.506124349,103.8955306,81.42607752,65.15773496,-78941.38502,3042.276304,750.5364883
0.2755,-0.374506227,0.054605833,0.010047122,0.57793072,103.9158983,81.42918571,65.1483474,-78929.60665,3029.391518,747.3577823
0.27575,-0.370040018,-0.046336656,-0.021247949,0.476517803,103.9362659,81.34143534,65.14035149,-78958.73436,3056.397041,754.0201063
0.276,-0.419907709,0.002806568,0.006219217,0.600235923,103.9566336,81.33507839,65.1560305,-78938.63374,3034.764189,748.6832325
0.27625,-0.359229295,-0.024402258,0.056539115,0.539929645,103.9770013,81.36833612,65.15267614,-78935.00771,3029.844071,747.4694282
0.2765,-0.362200453,0.026478359,0.012682614,0.540184094,103.997369,81.4006907,65.09086254,-78953.11598,3046.185476,751.50089
0.27675,-0.386243374,-0.00438459,-0.053110722,0.509085191,104.0177367,81.41204965,65.02790191,-78950.88566,3042.572724,750.6096157
0.277,-0.375971532,0.014271465,-0.044383417,0.515442208,104.0381043,81.40821014,65.04145997,-78942.75472,3033.075873,748.266721
0.27725,-0.34512953,-0.026700872,0.024275607,0.49036269,104.058472,81.36760617,65.10355783,-78925.18193,3014.192715,743.6082031
0.2775,-0.311740864,0.010524847,0.043528108,0.480791479,104.0788397,81.32356881,65.13207169,-78941.43818,3029.186088,747.3071023
0.27775,-0.402060053,-0.070671143,-0.01260125,0.514654138,104.0992074,81.28824421,65.10209825,-78919.64858,3006.378612,741.680446
0.278,-0.355372351,-0.002619759,0.000601628,0.501160894,104.1195751,81.32523778,65.05723974,-78960.5596,3045.818602,751.4103814
0.27825,-0.307911843,0.04101423,0.070671254,0.515707383,104.1399427,81.39045537,65.02491585,-78962.04001,3046.543536,751.5892241
0.2785,-0.370898076,-0.000235777,-0.057544066,0.488738699,104.1603104,81.38141669,64.95515011,-78961.45262,3044.756231,751.148292
0.27875,-0.379757973,-0.000407422,-0.02868465,0.517647486,104.1806781,81.36499633,64.96008083,-78951.82027,3034.115643,748.5232347
0.279,-0.298545815,0.050955528,0.046271007,0.490990606,104.2010458,81.37529912,65.00105506,-78960.96298,3041.771324,750.4119087
0.27925,-0.328268663,-0.022280175,-0.001646667,0.448036411,104.2214134,81.32741745,64.99792354,-78952.18526,3031.700021,747.9272952
0.2795,-0.349159985,-0.018996212,0.003100429,0.483305058,104.2417811,81.30225661,64.99051736,-78953.6895,3032.115025,748.0296778
0.27975,-0.304572673,-0.004635096,-0.00406851,0.424576993,104.2621488,81.31594588,64.97944133,-78969.78071,3046.770728,751.6452731
0.28,-0.279552281,0.015562879,0.040783374,0.436284269,104.2825165,81.34148087,64.96794924,-78954.2961,3030.367528,747.5985662
0.28025,-0.311293446,-0.000973094,-0.043347104,0.412176565,104.3028842,81.34780008,64.92605773,-78954.40377,3029.383578,747.3558236
0.2805,-0.287039782,0.022596577,0.006833344,0.427182125,104.3232518,81.3489419,64.92664429,-78964.83926,3038.866367,749.6952492
0.28075,-0.306528499,0.015433451,-0.000683668,0.444365075,104.3436195,81.31725068,64.9327255,-78962.28505,3035.349787,748.8277009
0.281,-0.305210723,-0.040904597,0.021327502,0.424685501,104.3639872,81.27791587,64.94586262,-78952.67751,3025.101724,746.2994804
0.28125,-0.285999416,-0.045288458,0.001590668,0.377951683,104.3843549,81.29606966,64.92992386,-78946.47026,3018.105835,744.5735786
0.2815,-0.301142535,0.017541343,-0.024049932,0.424346037,104.4047226,81.34159717,64.89988463,-78937.50823,3008.584015,742.224524
0.28175,-0.318003498,0.004888278,0.016413093,0.46500148,104.4250902,81.33800471,64.87518845,-78951.24899,3021.679905,745.4553098
0.282,-0.267087685,-0.008208001,-0.048571089,0.341170592,104.4454579,81.32381648,64.83698831,-78974.24226,3043.941814,750.9473735
0.28225,-0.288514105,0.049875607,0.017807657,0.457568544,104.4658256,81.32883907,64.86935054,-78955.45952,3025.002168,746.2749195
0.2825,-0.276858782,0.013442356,0.010702412,0.408624152,104.4861933,81.2855466,64.89118431,-78958.77732,3027.701711,746.940903
0.28275,-0.295215118,-0.052015256,0.031526933,0.415795428,104.506561,81.24414528,64.88684254,-78961.03093,3029.67664,747.4281225
0.283,-0.267365156,-0.009339578,0.020268458,0.387539586,104.5269286,81.28003657,64.8619298,-78970.13021,3038.08259,749.5018895
0.28325,-0.29820707,0.007824161,-0.01843632,0.415471299,104.5472963,81.3279478,64.82292279,-78940.2886,3008.307061,742.1561988
0.2835,-0.241660222,-0.016452158,-0.004182304,0.327513332,104.567664,81.33391042,64.78788197,-78964.338,3032.075651,748.019964
0.28375,-0.283185094,0.044057626,-0.033973399,0.418668255,104.5880317,81.34484138,64.76547028,-78969.34611,3036.713779,749.1642007
0.284,-0.295080699,0.014820924,-0.024309046,0.413385363,104.6083993,81.31215479,64.779901,-78958.16542,3025.550831,746.410276
0.28425,-0.223737644,0.00573059,0.045208358,0.35573321,104.628767,81.25407172,64.83088726,-78973.86121,3041.140163,750.2561998
0.2845,-0.244584367,-0.035856793,0.026278449,0.347555253,104.6491347,81.19317577,64.84433985,-78964.72628,3031.841296,747.962148
0.28475,-0.272912515,-0.029682368,0.020209745,0.384149432,104.6695024,81.19122659,64.82906923,-78972.20411,3038.710754,749.6568591
0.285,-0.201063484,0.010981174,0.044917995,0.326529528,104.6898701,81.25080097,64.80272043,-78968.92661,3035.371247,748.8329949
0.28525,-0.231711868,0.03405996,0.006143994,0.357756029,104.7102377,81.28676802,64.75125386,-78973.18337,3039.520147,749.8565381
0.2855,-0.265731539,-0.034817238,-0.013255301,0.342827336,104.7306054,81.27839295,64.71863845,-78961.79584,3028.303668,747.0894073
0.28575,-0.200604235,0.055212328,0.015281472,0.337110109,104.7509731,81.30488238,64.72112947,-78976.70473,3043.194581,750.7630292
0.286,-0.235476369,0.042014193,-0.010930939,0.360866803,104.7713408,81.28346194,64.71963173,-78958.78323,3025.251,746.3363072
0.28625,-0.259105372,-0.006274512,-0.00074427,0.361530755,104.7917085,81.21689642,64.73186264,-78981.93483,3048.024024,751.954464
0.2865,-0.211283581,0.007305477,0.021683375,0.319783525,104.8120761,81.20255931,64.75147127,-78975.87677,3041.921535,750.4489659
0.28675,-0.217989539,-0.017501994,0.054195716,0.345572902,104.8324438,81.21749536,64.74204883,-78960.81507,3026.767885,746.7105261
0.287,-0.245364589,0.022576791,-0.038924826,0.343791226,104.8528115,81.25554257,64.67375243,-78961.9477,3027.494717,746.8898371
0.28725,-0.210239413,0.007146467,-0.058466788,0.273123873,104.8731792,81.27031507,64.64769167,-78969.72409,3034.840375,748.7020278
0.2875,-0.190321502,0.046384808,0.031416161,0.324686817,104.8935469,81.26858857,64.67317164,-78968.90439,3033.854028,748.4586937
0.28775,-0.224057654,0.005573621,-0.004883644,0.317611592,104.9139145,81.20322767,64.6689466,-78979.62462,3044.1709,751.0038894
0.288,-0.233110278,-0.043753891,-0.03255334,0.276051406,104.9342822,81.16596141,64.6736124,-78960.44845,3024.815181,746.2287896
0.28825,-0.178937679,-0.009230391,0.029147455,0.271243149,104.9546499,81.20039172,64.69300249,-78959.63787,3023.519474,745.9091357
0.2885,-0.196929981,0.009886758,0.019022601,0.299152377,104.9750176,81.22117902,64.66365958,-78963.99021,3027.586758,746.912544
0.28875,-0.168788602,-0.01896846,-0.006002709,0.221615506,104.9953852,81.2480359,64.60030785,-78968.99942,3032.240533,748.0606409
0.289,-0.236097991,-0.02660629,-0.012697459,0.306574666,105.0157529,81.28861545,64.5509442,-78959.92932,3023.014844,745.7846422
0.28925,-0.16922084,0.044760597,-0.007589904,0.273227359,105.0361206,81.33011911,64.52967058,-78972.61653,3035.354855,748.8289511
0.2895,-0.18272832,0.028958427,-0.003688828,0.279163503,105.0564883,81.30748025,64.53142722,-78966.67213,3029.460046,747.3746884
0.28975,-0.181908482,-0.046732127,-0.009333484,0.222381284,105.076856,81.25871538,64.54059132,-78955.12216,3018.090059,744.5696867
0.29,-0.184245648,0.030129544,0.019850444,0.296171568,105.0972236,81.24448666,64.55587666,-78972.08052,3034.958079,748.7310656
0.29025,-0.162616833,-0.013743038,0.015254439,0.233757245,105.1175913,81.2109418,64.55114597,-78989.81364,3052.474748,753.0524678
0.2905,-0.1708558,0.007782748,-0.018601866,0.236197246,105.137959,81.24352161,64.53597498,-78954.11283,3016.652765,744.2151029
0.29075,-0.152039055,0.016432838,0.006671296,0.231661481,105.1583267,81.27263702,64.52695918,-78956.14461,3018.816695,744.7489494
0.291,-0.184782515,0.021684581,0.042947935,0.308126516,105.1786944,81.24513246,64.5028608,-78980.50215,3043.14518,750.7508421
0.29125,-0.209488867,-0.011119554,-0.005785081,0.284383673,105.199062,81.21036293,64.48037788,-78983.4725,3046.355893,751.5429322
0.2915,-0.150297878,0.044395843,0.017840193,0.258614112,105.2194297,81.23048861,64.5046219,-78974.4208,3037.084278,749.2556036
0.29175,-0.157705862,-0.022007511,0.001555253,0.210554861,105.2397974,81.23267427,64.50824175,-78933.03636,2996.043191,739.1306742
0.292,-0.188934551,0.014265271,0.003508405,0.280071722,105.2601651,81.20812226,64.48388806,-78966.24919,3029.098416,747.2854735
0.29225,-0.190015051,-0.041314606,-0.007203634,0.238107948,105.2805328,81.17665665,64.44856168,-78978.48936,3041.348399,750.307572
0.2925,-0.219451202,-0.0308095,0.015590738,0.304931775,105.3009004,81.21866127,64.43623314,-78955.35704,3018.072695,744.565403
0.29275,-0.197547095,0.026066138,0.039174273,0.325901377,105.3212681,81.30372679,64.40595288,-78953.33821,3015.689147,743.9773763
0.293,-0.224774347,0.023384029,-0.006767497,0.33169064,105.3416358,81.32117776,64.33159845,-78966.61195,3028.895676,747.2354569
0.29325,-0.24774654,-0.051120177,-0.068054601,0.266904279,105.3620035,81.27959436,64.27779484,-78983.59512,3045.553225,751.3449122
0.2935,-0.221234873,0.009065703,-0.001496191,0.318488613,105.3823711,81.3005719,64.314427,-78964.13509,3025.975669,746.5150845
0.29375,-0.236704444,0.016438347,0.070937312,0.402112995,105.4027388,81.29427239,64.34467555,-78954.25305,3015.844689,744.0157487
0.294,-0.302366268,-0.022132519,0.03152087,0.439192738,105.4231065,81.26754725,64.28672592,-78980.27713,3041.088875,750.2435468
0.29425,-0.270894728,-0.061180797,0.013786355,0.361446158,105.4434742,81.2875673,64.22912676,-78982.8817,3043.366078,750.8053379
0.2945,-0.279194191,0.011517247,0.038847329,0.431752802,105.4638419,81.34793924,64.21307087,-78972.62154,3032.548698,748.1366658
0.29475,-0.316372897,-0.027528821,0.006098396,0.434222782,105.4842095,81.36478276,64.16861001,-78978.93851,3037.809936,749.4346252
0.295,-0.322047482,0.001892735,0.009435181,0.463546015,105.5045772,81.3935261,64.12789465,-78984.12982,3042.143888,750.5038209
0.29525,-0.332704215,0.018862891,-0.008370239,0.479096651,105.5249449,81.40033457,64.09948679,-78983.75582,3040.99391,750.2201187
0.2955,-0.363746548,-0.023522526,-0.024860308,0.480206266,105.5453126,81.37382556,64.07865492,-78987.98325,3043.699911,750.8876955
0.29575,-0.352819779,-0.006582294,-0.020906009,0.479846138,105.5656803,81.37275676,64.08149026,-78983.87779,3038.627571,749.6363377
0.296,-0.314574887,0.015904365,0.047770064,0.491452766,105.5860479,81.3737759,64.09314011,-78987.96674,3041.580695,750.3648799
0.29625,-0.381340707,-0.031544968,0.000389599,0.51874358,105.6064156,81.34534492,64.06554704,-78985.78114,3037.892725,749.4550494
0.2965,-0.405813799,0.026535248,0.028127864,0.612563141,105.6267833,81.34838523,64.04853385,-78983.53774,3034.324264,748.574702
0.29675,-0.398799075,-0.036342628,0.030236186,0.565578173,105.647151,81.36730527,64.01644164,-78989.70881,3038.856103,749.6927169
0.297,-0.421344989,-0.009314778,0.034114136,0.615709331,105.6675187,81.42455976,63.95249932,-78983.5227,3030.880338,747.7250777
0.29725,-0.501367526,0.022587236,-0.015239419,0.715737371,105.6878863,81.47045875,63.85907009,-79004.46235,3050.018255,752.4464453
0.2975,-0.467790635,-0.005584571,-0.037963096,0.632008329,105.708254,81.4925209,63.83875883,-78991.37141,3035.377857,748.8346256
0.29775,-0.460711091,0.062890396,0.014550471,0.70877981,105.7286217,81.48808476,63.87620908,-78975.84557,3018.601233,744.6957943
0.298,-0.506682942,-0.066296305,-0.004502756,0.670778481,105.7489894,81.42918564,63.85367072,-78988.43542,3029.033642,747.2694935
0.29825,-0.439602239,-0.004558121,-0.034145257,0.595427701,105.7693571,81.46363124,63.81880846,-79003.84561,3042.673401,750.634453
0.2985,-0.435347561,-0.003494696,0.013474377,0.623077827,105.7897247,81.49553301,63.80640878,-78985.91117,3023.002925,745.7817017
0.29875,-0.475246974,-0.004514454,0.009185133,0.67561176,105.8100924,81.48337311,63.78146075,-79003.35624,3038.556949,749.6189149
0.299,-0.479602329,-0.024456226,-0.006148179,0.657002277,105.8304601,81.48230882,63.75220625,-79000.39194,3033.885805,748.4665332
0.29925,-0.490289266,-0.000604786,-0.009269675,0.686473464,105.8508278,81.50911415,63.7165056,-79007.81555,3039.227463,749.7843323
0.2995,-0.510626033,0.01313878,-0.004880469,0.728308209,105.8711954,81.51841811,63.70398904,-79009.78335,3039.637824,749.8855693
0.29975,-0.471268493,-0.021712232,0.013652438,0.662193175,105.8915631,81.50025105,63.7118449,-79014.04812,3041.86759,750.4356577
0.3,-0.4763854,-0.020299964,0.018426048,0.674056376,105.9119308,81.51252368,63.69460655,-79003.84488,3029.687912,747.4309034
0.30025,-0.499205401,-0.006290404,0.026356525,0.721281051,105.9322985,81.54235168,63.64259187,-79006.09649,3030.478135,747.6258532
0.3005,-0.550190982,-0.027544698,-0.033374427,0.7350459,105.9526662,81.55058264,63.57899924,-79007.53149,3030.171057,747.5500964
0.30075,-0.529843027,0.027694377,0.014814715,0.77952928,105.9730338,81.58386179,63.55911317,-79028.33951,3049.327336,752.2759939
0.301,-0.527569014,-0.00829966,0.005555466,0.744348264,105.9934015,81.5793575,63.56712338,-79004.75898,3024.053263,746.0408225
0.30125,-0.51510809,-0.017365426,0.003891449,0.719416524,106.0137692,81.55761689,63.56226026,-79008.31511,3026.198755,746.5701203
0.3015,-0.530655249,-0.005380096,-0.043627355,0.717337443,106.0341369,81.55833158,63.53656651,-79009.45516,3025.508389,746.3998056
0.30175,-0.502518369,-0.009206367,0.021972161,0.720707394,106.0545046,81.55454341,63.53757722,-79027.4358,3041.977336,750.4627323
0.302,-0.507514061,-0.014801308,-0.027431595,0.688044007,106.0748722,81.55534239,63.52236375,-79016.75913,3029.396028,747.3588949
0.30225,-0.525777791,0.06446959,0.034934344,0.814654773,106.0952399,81.5630302,63.51501402,-79033.4426,3044.535655,751.0938753
0.3025,-0.566135257,-0.029068517,-0.044583373,0.748797545,106.1156076,81.50665874,63.48143084,-79033.35559,3042.969937,750.7076092
0.30275,-0.496352453,-0.027600752,-0.01649824,0.670903487,106.1359753,81.5087422,63.49383457,-79033.94149,3042.034217,750.4767648
0.303,-0.45038426,0.063871663,0.052709663,0.719504858,106.156343,81.5509134,63.51876681,-79038.71146,3044.910667,751.1863917
0.30325,-0.516083571,0.006496865,-0.001503941,0.733448377,106.1767106,81.51671666,63.49091663,-79017.57319,3022.651363,745.6949707
0.3035,-0.519464356,-0.025572607,-0.008076664,0.711162808,106.1970783,81.48312261,63.46137514,-79048.21129,3051.639895,752.8465076
0.30375,-0.510399338,-0.002749457,-0.024538439,0.703024874,106.217446,81.51758389,63.46106776,-79018.73862,3020.884484,745.2590775
0.304,-0.472207205,0.056146821,0.044067978,0.73881252,106.2378137,81.53646764,63.45746199,-79043.58929,3044.095788,750.9853592
0.30425,-0.553320056,-0.061938796,-0.012641508,0.732269799,106.2581813,81.47708517,63.41199838,-79043.432,3042.903684,750.6912644
0.3045,-0.527552068,0.019175512,0.005324846,0.763584109,106.278549,81.53226114,63.3901259,-79050.89925,3048.702903,752.1219449
0.30475,-0.488637295,0.058622295,0.020161279,0.74823011,106.2989167,81.59512038,63.37464928,-79020.7523,3017.67757,744.4679247
0.305,-0.533827322,-0.013298054,0.01128144,0.754120968,106.3192844,81.55384757,63.33140778,-79037.12799,3032.87859,748.2180509
0.30525,-0.530228113,-0.085480952,-0.069718314,0.640404383,106.3396521,81.52243249,63.31503711,-79034.56153,3029.08145,747.2812878
0.3055,-0.43665411,0.029830205,0.020413,0.653151317,106.3600197,81.55773471,63.37098493,-79029.33157,3022.71299,745.7101741
0.30575,-0.444932723,0.03867754,-0.021253693,0.645735672,106.3803874,81.51485222,63.37783436,-79026.30648,3018.509577,744.6731827
0.306,-0.510191746,-0.057714948,-0.018445065,0.669396873,106.4007551,81.43442224,63.36192233,-79044.06388,3035.144741,748.7771155
0.30625,-0.514380245,-0.057203727,0.000977289,0.691367331,106.4211228,81.45141492,63.35233227,-79036.26927,3026.342954,746.6056946
0.3065,-0.463262693,0.039208095,-0.041883872,0.660766912,106.4414905,81.52787345,63.32835541,-79017.62335,3006.888117,741.8061421
0.30675,-0.417194018,0.019735226,0.00213882,0.60585215,106.4618581,81.54347456,63.30184665,-79038.96004,3027.238124,746.8265351
0.307,-0.446106038,0.012477654,-0.042633659,0.613291302,106.4822258,81.50044575,63.28873025,-79050.41218,3037.736435,749.4164923
0.30725,-0.428098915,-0.014735247,0.010870767,0.603506066,106.5025935,81.45194682,63.32982772,-79045.23226,3031.769217,747.944366
0.3075,-0.384883796,0.001833747,0.065220825,0.596793556,106.5229612,81.45275755,63.34980147,-79050.51277,3036.589373,749.1335094
0.30775,-0.420674761,0.013737192,-0.024640095,0.589092537,106.5433289,81.4695454,63.31646551,-79021.62077,3007.35033,741.9201709
0.308,-0.409047051,0.000990614,-0.018209717,0.566792167,106.5636965,81.45828102,63.29345293,-79044.11274,3029.253317,747.3236877
0.30825,-0.473529677,0.008441512,-0.033069835,0.654235654,106.5840642,81.44254644,63.26555341,-79053.50551,3038.133225,749.5143814
0.3085,-0.438256595,-0.035260697,-0.029665862,0.573919318,106.6044319,81.45483213,63.26366799,-79026.31525,3010.716517,742.7506171
0.30875,-0.374868196,0.055986744,0.043840655,0.600916475,106.6247996,81.49625294,63.28348199,-79039.34031,3023.382018,745.8752249
0.309,-0.423504505,-0.036950202,-0.017281889,0.561095256,106.6451672,81.44992944,63.24317817,-79040.04325,3023.604245,745.9300488
0.30925,-0.420883275,-0.013236103,-0.047170919,0.554065622,106.6655349,81.46076612,63.209283,-79049.76382,3033.125648,748.2790007
0.3095,-0.381965481,0.03644341,0.039848611,0.594142006,106.6859026,81.51249019,63.19763212,-79055.20381,3038.065429,749.4976558
0.30975,-0.448943818,-0.005604907,-0.034983055,0.607269281,106.7062703,81.4962464,63.14942605,-79051.53877,3034.029018,748.501864
0.31,-0.454589082,-0.002985982,-0.035154811,0.617175259,106.726638,81.49779909,63.15170349,-79035.37885,3017.439904,744.4092919
0.31025,-0.400153028,0.01718489,0.038107945,0.605542231,106.7470056,81.51848829,63.1733772,-79038.26183,3019.8249,744.9976759
0.3105,-0.433134085,-0.006718026,0.010284026,0.615418025,106.7673733,81.50614253,63.14224206,-79037.19298,3018.475366,744.6647427
0.31075,-0.446188156,-0.039798789,0.002817653,0.607103529,106.787741,81.50683639,63.09891521,-79042.61467,3023.715182,745.9574173
0.311,-0.387384896,0.015787474,-0.042896171,0.533539325,106.8081087,81.54554922,63.07296434,-79046.95768,3027.590928,746.9135725
0.31125,-0.36746633,0.03156327,0.010643789,0.550117722,106.8284764,81.53591466,63.08565373,-79056.34396,3036.202182,749.0379886
0.3115,-0.373216194,0.005042843,0.006136197,0.535713852,106.848844,81.47382145,63.10818199,-79056.28705,3035.928639,748.9705049
0.31175,-0.37760762,-0.030496959,-0.009382944,0.506479048,106.8692117,81.41073322,63.14659349,-79049.94028,3029.051987,747.2740191
0.312,-0.332463715,0.003779528,0.083208721,0.540510952,106.8895794,81.41033044,63.18813879,-79053.34011,3032.097016,748.0252348
0.31225,-0.41472948,-0.027402821,0.014190519,0.579417218,106.9099471,81.40824785,63.12857861,-79050.67934,3028.788023,747.2088987
0.3125,-0.401050437,-0.003982963,0.006297736,0.568947103,106.9303148,81.4382954,63.0673014,-79069.58216,3047.622229,751.8553402
0.31275,-0.384403085,0.003507794,-0.008694263,0.540167437,106.9506824,81.50143155,63.03340092,-79054.0611,3031.51049,747.8805375
0.313,-0.385884847,0.056965783,0.033941223,0.610655991,106.9710501,81.54366401,63.01148916,-79060.38718,3037.677506,749.4019544
0.31325,-0.441376911,-0.015461419,-0.039070542,0.586354681,106.9914178,81.51590462,62.97927197,-79038.4254,3015.358709,743.8958564
0.3135,-0.434614398,0.023450608,-0.009182998,0.626003497,107.0117855,81.49690538,62.98389911,-79061.6419,3038.289717,749.5529882
0.31375,-0.432493277,-0.023681172,-0.002125018,0.59397714,107.0321531,81.45435289,63.01642562,-79039.64245,3016.161935,744.0940141
0.314,-0.354608008,-0.017315518,0.050689795,0.531655204,107.0525208,81.41774398,63.04183175,-79066.45593,3042.496594,750.5908345
0.31425,-0.395937399,-0.011235628,-0.001972083,0.550717656,107.0728885,81.41370072,63.01875612,-79058.51427,3033.776461,748.4395576
0.3145,-0.366185614,0.012896765,0.039450555,0.555832038,107.0932562,81.45511966,62.99432234,-79059.23578,3034.410015,748.5958569
0.31475,-0.395048735,-0.010239356,-0.034519091,0.52787251,107.1136239,81.46187515,62.95148324,-79050.71087,3025.280686,746.3436306
0.315,-0.428149702,-0.01508149,-0.013876724,0.585020427,107.1339915,81.46434849,62.92327977,-79063.05529,3036.986259,749.2314221
0.31525,-0.406514365,-0.002329931,-0.002350989,0.571588219,107.1543592,81.49151665,62.90086937,-79056.56612,3029.992902,747.5061452
0.3155,-0.409086328,0.007292541,-0.005099053,0.580284959,107.1747269,81.52224782,62.87033054,-79044.68114,3017.691049,744.47125
0.31575,-0.41269192,0.034820109,-0.040336279,0.586995931,107.1950946,81.53636877,62.83850459,-79062.83888,3035.037326,748.750616
0.316,-0.436813692,-0.007311175,-0.012936882,0.603469643,107.2154623,81.49419889,62.85936436,-79047.42483,3019.011344,744.7969696
0.31625,-0.393907245,-0.017474974,-0.012666585,0.535788034,107.2358299,81.44540451,62.89050875,-79052.31515,3023.14018,745.815563
0.3165,-0.381727219,-0.018811191,0.009002219,0.533995433,107.2561976,81.42242732,62.91646442,-79053.1254,3023.187136,745.8271471
0.31675,-0.333762803,-0.024082755,0.019202391,0.471550384,107.2765653,81.4232642,62.89238155,-79060.35298,3029.713168,747.437134
0.317,-0.431855597,-0.051909414,-0.023465962,0.558525046,107.296933,81.44309302,62.82313543,-79052.06269,3020.995187,745.2863883
0.31725,-0.405362394,0.027202306,-0.043093503,0.568588137,107.3173007,81.50786036,62.78690431,-79065.68517,3033.780103,748.4404562
0.3175,-0.35181962,0.044991826,0.014785503,0.541083231,107.3376683,81.53875227,62.78623597,-79058.18763,3025.900961,746.4966539
0.31775,-0.378317137,-0.029986917,0.007475817,0.521127242,107.358036,81.48954607,62.77569999,-79061.59622,3028.690005,747.1847175
0.318,-0.383627243,-0.052027073,-0.013565861,0.498380743,107.3784037,81.4692744,62.77712114,-79054.60284,3021.180381,745.3320762
0.31825,-0.353518608,0.01138428,0.051808278,0.546880336,107.3987714,81.50199263,62.78002906,-79071.29732,3037.10802,749.2614608
0.3185,-0.347355809,0.01722063,0.013118709,0.512713062,107.419139,81.51726557,62.7393451,-79076.17044,3041.469049,750.3373366
0.31875,-0.417809557,0.05569699,-0.034291997,0.615948201,107.4395067,81.52489612,62.70895069,-79055.85824,3020.970889,745.2803939
0.319,-0.38601666,-0.0042102,-0.02820863,0.523811687,107.4598744,81.49220597,62.72295607,-79065.33303,3029.876311,747.4773819
0.31925,-0.324055774,0.032296742,0.04649609,0.514293127,107.4802421,81.45992969,62.77061206,-79069.22685,3033.407821,748.3486134
0.3195,-0.369222806,-0.037216737,0.016903353,0.51210392,107.5006098,81.39072391,62.77480053,-79068.49069,3032.409097,748.102226
0.31975,-0.328859223,-0.048556975,-0.033525391,0.407452293,107.5209774,81.38904777,62.7729897,-79048.26118,3012.229074,743.1237684
0.32,-0.298827367,0.042651964,0.02966138,0.47400606,107.5413451,81.42602871,62.78101729,-79054.47673,3018.306249,744.6230212
0.32025,-0.34178728,-0.009665465,0.021076736,0.492869431,107.5617128,81.38658501,62.75733502,-79064.26091,3027.842292,746.9755847
0.3205,-0.344704316,-0.064110464,-0.052897526,0.404981286,107.5820805,81.36062475,62.72160713,-79063.28136,3026.764742,746.7097507
0.32075,-0.282441497,0.025331013,0.014992458,0.428132878,107.6024482,81.42166518,62.72687708,-79071.98363,3034.938517,748.7262396
0.321,-0.335892405,0.027630133,-0.021116499,0.483330882,107.6228158,81.43948182,62.70658605,-79047.10208,3009.702703,742.5005068
0.32125,-0.337246164,0.009922067,0.001731951,0.485282414,107.6431835,81.41803928,62.68310951,-79068.65152,3031.308593,747.830729
0.3215,-0.272422292,0.016289148,-0.022532489,0.383805066,107.6635512,81.39511265,62.67838441,-79081.22117,3043.559012,750.8529352
0.32175,-0.280574961,0.022655937,-0.01594971,0.40430916,107.6839189,81.37626725,62.70370051,-79081.26052,3042.924975,750.696517
0.322,-0.265546859,0.001661152,0.020718899,0.392060458,107.7042866,81.36056857,62.73062515,-79071.05518,3032.587052,748.1461279
0.32225,-0.282242446,0.011353801,0.018168433,0.420109381,107.7246542,81.35045827,62.72456258,-79052.56584,3014.246947,743.6215821
0.3225,-0.26767133,0.003666113,0.023598468,0.398571702,107.7450219,81.34660563,62.69371373,-79072.32263,3033.692237,748.4187793
0.32275,-0.277316537,0.012901869,-0.036130996,0.380527805,107.7653896,81.37526781,62.64587387,-79068.93258,3030.41358,747.6099274
0.323,-0.252382474,0.044826242,0.010464914,0.398249257,107.7857573,81.4013259,62.62877144,-79097.00905,3058.048462,754.4275155
0.32325,-0.281545528,-0.011557916,-0.000295457,0.390027892,107.806125,81.39500234,62.63540214,-79053.22738,3014.454476,743.67278
0.3235,-0.207080253,0.031247713,0.04030308,0.343628771,107.8264926,81.38366345,62.6491224,-79085.61167,3046.443098,751.564446
0.32375,-0.244271224,-0.023572044,-0.00560411,0.325565609,107.8468603,81.34882304,62.64113272,-79069.62152,3030.775386,747.6991856
0.324,-0.254930655,-0.024653714,0.021520395,0.362746056,107.867228,81.35955024,62.63281879,-79055.19992,3016.563527,744.1930876
0.32425,-0.240586518,0.017562642,-0.03027076,0.336395217,107.8875957,81.39779574,62.59465268,-79053.18993,3014.563345,743.6996382
0.3245,-0.234798572,0.036159945,0.005708262,0.363578547,107.9079633,81.40128355,62.56383167,-79079.55177,3041.33795,750.3049943
0.32475,-0.219669363,-0.017191743,-0.040924545,0.271127539,107.928331,81.37924435,62.55308536,-79082.97867,3044.53017,751.0925223
0.325,-0.197309418,0.028378829,0.031297199,0.321254863,107.9486987,81.38252865,62.59527967,-79066.70312,3028.313544,747.0918437
0.32525,-0.206022863,0.013177828,0.001487305,0.302069662,107.9690664,81.34581712,62.58906538,-79071.02286,3032.728598,748.1810476
0.3255,-0.228144181,-0.065797908,-0.010348208,0.277247304,107.9894341,81.29948317,62.57685261,-79068.1068,3029.923632,747.4890561
0.32575,-0.237592265,0.012249695,0.025642194,0.363170407,108.0098017,81.3343724,62.57912669,-79063.9807,3025.725316,746.4533219
0.326,-0.235903616,0.025251154,0.011772595,0.360176333,108.0301694,81.36551533,62.55582524,-79052.28167,3014.050305,743.5730702
0.32625,-0.216335535,0.00506826,0.001222663,0.310428733,108.0505371,81.36675037,62.5155529,-79076.90116,3038.481327,749.6002589
0.3265,-0.267761775,-0.032341539,-0.009070259,0.350550339,108.0709048,81.38521815,62.49238273,-79058.50665,3020.296488,745.1140177
0.32675,-0.160913944,0.072637031,0.035580742,0.307456319,108.0912725,81.41935029,62.4865809,-79077.77325,3039.614582,749.8798355
0.327,-0.288661592,-0.065185468,-0.028576266,0.344856765,108.1116401,81.34860089,62.44911329,-79075.65258,3037.231033,749.2918085
0.32725,-0.228239515,0.024368393,0.008729678,0.346712739,108.1320078,81.37683538,62.45147059,-79100.86086,3062.236065,755.4606069
0.3275,-0.20123507,0.048998693,0.016104147,0.333069546,108.1523755,81.39801137,62.47121681,-79062.37965,3023.869542,745.9954981
0.32775,-0.202417535,0.020445768,0.015476641,0.311722017,108.1727432,81.35952583,62.45870542,-79079.35688,3040.699561,750.1475021
0.328,-0.248770674,-0.044069455,-0.035583305,0.295674581,108.1931109,81.32630378,62.42639594,-79082.43857,3043.244399,750.7753196
0.32825,-0.229789763,0.01972578,0.010406677,0.346466711,108.2134785,81.3769543,62.43461325,-79057.35331,3018.443934,744.6569884
0.3285,-0.18895057,0.050152126,0.04407714,0.333929511,108.2338462,81.37499322,62.43672258,-79077.15561,3037.816133,749.4361539
0.32875,-0.261816852,-0.079451502,-0.023663841,0.305100379,108.2542139,81.31354433,62.40621634,-79061.16817,3021.788686,745.4821464
0.329,-0.203075376,-0.000308471,0.017385359,0.300050704,108.2745816,81.34936014,62.39926484,-79085.1934,3045.691949,751.3791356
0.32925,-0.258589847,0.027734546,-0.009628099,0.381260511,108.2949492,81.3874854,62.38351969,-79050.22101,3010.63696,742.7309901
0.3295,-0.195779946,0.038653609,-0.010825425,0.302680427,108.3153169,81.38646169,62.36271647,-79067.28485,3027.528815,746.8982491
0.32975,-0.200500281,-0.04568847,0.00968191,0.266850387,108.3356846,81.35620555,62.35492781,-79072.59857,3032.636489,748.158324
0.33,-0.188213773,-0.007134378,-0.025583258,0.244087674,108.3560523,81.37698318,62.34508131,-79061.12351,3021.070206,745.3048956
0.33025,-0.198284781,0.047676423,0.069060731,0.363906341,108.37642,81.39869407,62.32522688,-79088.21934,3048.083536,751.9691458
0.3305,-0.21932828,0.000765178,-0.036742771,0.28841887,108.3967876,81.391278,62.27112237,-79085.91699,3045.569522,751.3489326
0.33075,-0.211884887,-0.008113304,-0.039139284,0.26893589,108.4171553,81.40587977,62.27124703,-79061.27712,3020.741326,745.2237603
0.331,-0.200423594,0.044513024,0.039669713,0.343019243,108.437523,81.41473212,62.29014412,-79079.51884,3038.805558,749.6802474
0.33125,-0.245400923,0.018107723,-0.005086914,0.357387214,108.4578907,81.36295557,62.27274699,-79079.13235,3038.200398,749.5309531
0.3315,-0.304578354,-0.068923178,-0.026409475,0.367040463,108.4782584,81.30678867,62.26899571,-79063.11078,3022.108957,745.561158
0.33175,-0.231451239,0.000693384,0.065122643,0.382097269,108.498626,81.33347629,62.28777898,-79079.29771,3037.731377,749.4152445
0.332,-0.289935254,-0.013383507,0.008960046,0.407821656,108.5189937,81.33710963,62.25604284,-79067.16877,3025.398754,746.3727584
0.33225,-0.285472301,0.013783033,-0.012508231,0.405899457,108.5393614,81.34392887,62.22070533,-79086.09769,3043.982545,750.9574218
0.3325,-0.255365654,-0.006280385,-0.005827689,0.352580306,108.5597291,81.36151767,62.19569658,-79082.52585,3040.026059,749.9813478
0.33275,-0.279833751,-0.000386404,0.057764917,0.442091909,108.5800968,81.38574476,62.17883447,-79090.99912,3047.655743,751.8636082
0.333,-0.274394195,0.016455356,0.034658071,0.424780064,108.6004644,81.42275048,62.14179034,-79092.49149,3048.638373,752.1060253
0.33325,-0.270500338,0.031090469,0.043874004,0.435834441,108.6208321,81.45629346,62.09417673,-79088.63597,3044.273989,751.0293218
0.3335,-0.298147696,-0.010746188,-0.013337755,0.404627045,108.6411998,81.46580058,62.04318669,-79092.12193,3046.887066,751.6739738
0.33375,-0.282659829,0.006636819,-0.019057722,0.392222936,108.6615675,81.48339746,62.04225599,-79081.06707,3035.199273,748.7905686
0.334,-0.28341186,0.063806247,0.049258507,0.481083802,108.6819351,81.47864218,62.05779541,-79090.08298,3043.240891,750.774454
0.33425,-0.302677809,0.001952921,-0.012096105,0.421230321,108.7023028,81.42781407,62.03486454,-79086.33746,3038.666229,749.6458746
0.3345,-0.333790211,-0.03160723,-0.009360656,0.443918911,108.7226705,81.39594227,62.02475626,-79098.16372,3049.489012,752.3158799
0.33475,-0.326765765,0.036185625,0.012776529,0.497564736,108.7430382,81.44721094,62.02437614,-79072.26388,3022.487504,745.6545462
0.335,-0.367470758,-0.003168943,0.006767566,0.52236852,108.7634059,81.45426309,61.97546542,-79084.05244,3032.781335,748.1940578
0.33525,-0.393978175,-0.032477169,-0.027670338,0.514672239,108.7837735,81.45269097,61.9264586,-79093.93731,3041.661545,750.3848259
0.3355,-0.354767139,0.01768195,0.046117925,0.547937736,108.8041412,81.49956357,61.9292095,-79093.70824,3040.077975,749.9941555
0.33575,-0.36052367,0.021967591,0.023106702,0.541731599,108.8245089,81.51493103,61.90736756,-79080.13475,3025.246142,746.3351087
0.336,-0.372163021,-0.02074002,-0.046328194,0.479917925,108.8448766,81.49290837,61.84523468,-79109.02417,3052.637709,753.0926706
0.33625,-0.422369309,-0.03274215,-0.040225333,0.545801557,108.8652443,81.52611506,61.82846254,-79077.20501,3019.812737,744.9946753
0.3365,-0.343686351,0.075242645,0.055774675,0.579180125,108.8856119,81.56823703,61.84881379,-79101.1053,3041.999032,750.4680846
0.33675,-0.39857036,-0.003134558,-0.007152784,0.556411123,108.9059796,81.49517392,61.8305522,-79091.32691,3030.907268,747.7317212
0.337,-0.390271199,-0.025440041,-0.024102663,0.516897436,108.9263473,81.45835655,61.82299423,-79120.3257,3058.362334,754.5049484
0.33725,-0.35161906,0.041446165,0.01364645,0.53730065,108.946715,81.48843821,61.84995718,-79090.2807,3027.016026,746.771743
0.3375,-0.360649738,-0.022289363,0.017061641,0.508627694,108.9670827,81.45945085,61.83774114,-79092.96991,3028.441832,747.1234925
0.33775,-0.406159112,-0.047784843,0.017135438,0.558412961,108.9874503,81.4552491,61.78818584,-79116.81044,3050.812514,752.6423908
0.338,-0.402904215,0.031826376,-0.009325867,0.587867426,109.007818,81.52706845,61.75083464,-79107.22139,3039.761239,749.916016
0.33825,-0.428655239,0.030372573,0.000918979,0.629371159,109.0281857,81.55360621,61.72590511,-79093.07178,3024.342887,746.1122736
0.3385,-0.435788911,-0.03354594,-0.030249788,0.571202463,109.0485534,81.52223188,61.70594004,-79102.70378,3032.635254,748.1580194
0.33875,-0.369897978,0.050538917,0.002706333,0.563816558,109.068921,81.52327606,61.72225009,-79113.94243,3042.866414,750.6820697
0.339,-0.404024497,-0.012408713,-0.003871939,0.559962381,109.0892887,81.47043121,61.74641385,-79094.94135,3022.715797,745.7108668
0.33925,-0.399986838,-0.019045786,0.026119678,0.573343498,109.1096564,81.42860879,61.76748851,-79098.62202,3025.217925,746.3281474
0.3395,-0.363531922,-0.011997491,0.019862056,0.52113571,109.1300241,81.42984532,61.74074643,-79123.11011,3048.426743,752.0538155
0.33975,-0.411152048,-0.0035115,-0.015157303,0.568434938,109.1503918,81.48048035,61.6842728,-79110.89981,3035.10152,748.7664528
0.34,-0.384837435,-0.003627597,0.032179068,0.566132336,109.1707594,81.54989662,61.63556673,-79121.53965,3044.596893,751.108983
0.34025,-0.389475286,0.018617316,-0.002968861,0.562488002,109.1911271,81.57908153,61.6024596,-79120.01741,3041.997883,750.4678013
0.3405,-0.39283844,0.038692397,0.024009793,0.600164054,109.2114948,81.55673579,61.60634255,-79114.87435,3036.17634,749.0316133
0.34075,-0.475801953,-0.020467838,-0.038028743,0.63188838,109.2318625,81.49486836,61.61040657,-79104.85178,3025.284596,746.3445953
0.341,-0.433760166,-0.010971098,0.06523416,0.658447549,109.2522302,81.46407872,61.64484978,-79117.26322,3036.783232,749.181335
0.34125,-0.463812836,-0.037862446,-0.017084814,0.617601304,109.2725978,81.44700487,61.60936311,-79107.30668,3026.025649,746.5274147
0.3415,-0.423065871,-0.018342285,0.009379125,0.592940412,109.2929655,81.47838854,61.57601029,-79127.10512,3044.691817,751.1324009
0.34175,-0.369289238,0.038476305,0.031568543,0.571845623,109.3133332,81.56423862,61.55384857,-79115.57201,3032.179641,748.0456187
0.342,-0.412131926,0.050746917,-0.032004448,0.604649907,109.3337009,81.59109488,61.50261569,-79112.37603,3028.006533,747.0161034
0.34225,-0.472310457,-0.001568469,-0.030631183,0.646160384,109.3540686,81.53705666,61.48249014,-79128.26166,3042.891237,750.6881938
0.3425,-0.447811868,-0.0034188,0.004218989,0.633936455,109.3744362,81.523946,61.49488926,-79118.08935,3031.748207,747.9391828
0.34275,-0.464151563,-0.01253057,0.001709129,0.648991891,109.3948039,81.53204125,61.49049287,-79105.56858,3018.1888,744.5940462
0.343,-0.485494358,-0.016307093,0.020841812,0.691298089,109.4151716,81.53440999,61.46306601,-79117.40011,3028.549038,747.1499406
0.34325,-0.503034659,-0.046455436,-0.03275743,0.655601171,109.4355393,81.5640602,61.40204743,-79107.00293,3016.902887,744.2768087
0.3435,-0.488094098,0.023451972,0.020172427,0.721127588,109.4559069,81.61804585,61.3624014,-79134.40003,3042.913644,750.6937216
0.34375,-0.536781384,0.005417634,-0.010318853,0.755903571,109.4762746,81.6292404,61.33021749,-79129.72854,3036.958521,749.2245791
0.344,-0.526194174,0.016614695,0.015307413,0.766724948,109.4966423,81.63147881,61.32450447,-79128.28164,3033.795315,748.4442091
0.34425,-0.515675773,-0.022129958,0.002342726,0.715911691,109.51701,81.59554033,61.32359339,-79134.39985,3038.241947,749.5412032
0.3445,-0.551038351,-0.028029284,-0.009022119,0.753446316,109.5373777,81.58341721,61.31572093,-79128.70474,3030.974151,747.7482214
0.34475,-0.532381109,-0.022940722,0.025704849,0.757202638,109.5577453,81.6217441,61.28845266,-79132.8855,3033.477768,748.3658693
0.345,-0.54933483,0.015570067,-0.017978324,0.776262052,109.578113,81.66726744,61.2195217,-79143.87203,3042.829848,750.6730488
0.34525,-0.6048514,0.029342441,-0.029091991,0.858554197,109.5984807,81.67344497,61.18026859,-79155.45323,3052.694607,753.1067074
0.3455,-0.609063961,-0.023463844,0.035785665,0.873080204,109.6188484,81.66599058,61.19409987,-79130.75077,3026.486589,746.6411297
0.34575,-0.617376069,0.01552968,0.031454419,0.906534216,109.6392161,81.6762575,61.17095276,-79148.02677,3041.847436,750.4306856
0.346,-0.652712674,-0.025512111,0.007453488,0.911200658,109.6595837,81.68155988,61.13336856,-79134.28344,3026.495382,746.643299
0.34625,-0.620997564,-0.025441109,-0.035727131,0.83506573,109.6799514,81.70736003,61.10760018,-79135.82161,3026.04574,746.5323713
0.3465,-0.593365443,-0.006296694,0.020113966,0.849531767,109.7003191,81.71792031,61.10918241,-79132.90997,3021.735768,745.4690914
0.34675,-0.661577697,-0.012360049,-0.000588479,0.926568331,109.7206868,81.69423318,61.07042201,-79161.84764,3048.409564,752.0495776
0.347,-0.654951774,-0.058925342,-0.004251296,0.884108518,109.7410545,81.71806393,61.03294229,-79157.03703,3042.048416,750.4802678
0.34725,-0.64524219,0.027733473,0.080654601,0.991273443,109.7614221,81.79217453,61.01077203,-79158.31116,3041.029396,750.2288733
0.3475,-0.694704783,-0.001225086,0.008176857,0.987443713,109.7817898,81.80517022,60.93999577,-79171.30726,3052.116276,752.9640317
0.34775,-0.693924352,-0.010926298,-0.036218932,0.948526478,109.8021575,81.81518011,60.89931449,-79168.0423,3047.20329,751.751987
0.348,-0.675962143,0.018524812,0.004408431,0.972324802,109.8225252,81.82457566,60.91036798,-79167.62259,3044.642623,751.1202645
0.34825,-0.688997708,0.032601895,-0.002692338,0.99647716,109.8428929,81.79499667,60.92016275,-79163.50741,3038.413409,749.5835034
0.3485,-0.723476478,-0.048848693,-0.021308069,0.974126075,109.8632605,81.74296462,60.91067897,-79160.66057,3033.543445,748.3820722
0.34875,-0.67282496,0.028318415,0.020051936,0.985773179,109.8836282,81.74526784,60.92029815,-79179.44046,3050.048592,752.4539294
0.349,-0.663384058,0.042353725,0.000832371,0.970037786,109.9039959,81.73910879,60.92122378,-79181.64159,3050.075619,752.460597
0.34925,-0.672704596,-0.01402738,0.015027044,0.952719604,109.9243636,81.71192524,60.92242061,-79169.39424,3036.163386,749.0284176
0.3495,-0.684697575,0.001498624,0.007699722,0.974842393,109.9447312,81.70105082,60.90982232,-79169.56654,3034.567732,748.6347662
0.34975,-0.681895185,-0.024926327,-0.008116392,0.941205884,109.9650989,81.71779692,60.88773748,-79174.50313,3037.348565,749.3208039
0.35,-0.598203987,0.046023959,0.014379249,0.889544409,109.9854666,81.77603545,60.86457971,-79183.43416,3044.653627,751.1229792
0.35025,-0.640028356,-0.031619888,-0.033940996,0.858782941,110.0058343,81.78431363,60.82587531,-79156.58788,3016.45651,744.1666864
0.3505,-0.600420533,0.015309946,0.039805641,0.888602057,110.026202,81.78850794,60.81633993,-79196.0801,3054.00059,753.4288964
0.35075,-0.632853947,0.036874381,0.003631832,0.924529744,110.0465696,81.78948225,60.79431851,-79189.88929,3046.571436,751.5961073
0.351,-0.679431457,-0.045516816,-0.022346444,0.913315582,110.0669373,81.75501088,60.77261236,-79187.52737,3042.742797,750.6515732
0.35125,-0.676006697,-0.024281657,-0.026455226,0.920145296,110.087305,81.77117729,60.78420705,-79160.36977,3014.173873,743.6035546
0.3515,-0.584395,0.061252137,0.023798268,0.887784922,110.1076727,81.79265146,60.79866872,-79178.08262,3030.281141,747.5772544
0.35175,-0.665013017,-0.006392666,-0.013821805,0.926221331,110.1280404,81.70767128,60.7806235,-79192.58432,3043.402041,750.8142101
0.352,-0.691578176,-0.0630633,-0.032460034,0.911265183,110.148408,81.65462805,60.79155053,-79190.09182,3039.287949,749.7992545
0.35225,-0.623594605,0.058037857,0.038165955,0.950234048,110.1687757,81.71061837,60.81689187,-79174.69704,3022.80213,745.7321654
0.3525,-0.62422322,-0.007479644,0.029185535,0.899255234,110.1891434,81.72518752,60.77758375,-79178.35469,3025.291408,746.3462759
0.35275,-0.678840886,-0.020360971,-0.013329489,0.936242842,110.2095111,81.72776133,60.71240171,-79198.46274,3043.828384,750.9193901
0.353,-0.661578415,-0.025035734,-0.054225306,0.880293369,110.2298788,81.76635379,60.68655816,-79172.68536,3017.157408,744.3395996
0.35325,-0.607708641,0.056883461,0.025693579,0.918615177,110.2502464,81.78728825,60.70874858,-79188.07871,3031.175784,747.7979647
0.3535,-0.59805846,-0.011762495,0.02496283,0.856298567,110.2706141,81.72143583,60.71894519,-79194.79146,3036.589129,749.1334492
0.35375,-0.623455394,-0.009091269,-0.003174161,0.873056183,110.2909818,81.68135134,60.71621508,-79202.95696,3043.951267,750.9497056
0.354,-0.616753581,-0.03552294,0.000830971,0.848858848,110.3113495,81.6981094,60.72228584,-79168.67436,3009.020883,742.3323004
0.35425,-0.591758929,0.013035374,-0.010161324,0.839386688,110.3317171,81.71806934,60.71093344,-79163.29665,3003.136036,740.880495
0.3545,-0.611897548,0.00366891,-0.042084189,0.840061114,110.3520848,81.68636694,60.68152642,-79196.20282,3034.926055,748.7231652
0.35475,-0.545669001,-0.030163029,0.045146545,0.787706131,110.3724525,81.68738921,60.70679285,-79183.25494,3021.485614,745.4073778
0.355,-0.534097185,0.011943427,0.008332591,0.769677498,110.3928202,81.69993029,60.6893215,-79204.22756,3041.164543,750.2622144
0.35525,-0.538661837,0.018016478,0.002614877,0.776600564,110.4131879,81.71020865,60.65093015,-79207.26045,3043.705218,750.8890047
0.3555,-0.583511011,-0.01340101,-0.002435145,0.814122119,110.4335555,81.71763423,60.61540602,-79192.15119,3028.113671,747.0425345
0.35575,-0.615707708,0.000446468,-0.059534495,0.832209306,110.4539232,81.70853414,60.60035983,-79189.98714,3024.934991,746.2583469
0.356,-0.577147271,0.018833227,0.035218533,0.854665496,110.4742909,81.68862047,60.63586079,-79194.43717,3028.790553,747.2095229
0.35625,-0.614340743,-0.011699362,-0.02679018,0.841795718,110.4946586,81.67371216,60.61179962,-79200.40919,3033.60649,748.3976255
0.3565,-0.609417349,0.003295145,0.018050048,0.877125784,110.5150263,81.70537772,60.58800725,-79195.65473,3028.279146,747.0833576
0.35675,-0.596329624,-0.032441989,-0.020830531,0.805793581,110.5353939,81.74269083,60.56148013,-79181.67072,3013.451318,743.4252987
0.357,-0.584449478,0.042619176,0.017097463,0.869324553,110.5557616,81.76851834,60.54144692,-79201.25123,3032.070572,748.0187109
0.35725,-0.61165282,-0.034411895,-0.091645406,0.779031751,110.5761293,81.7211267,60.50816972,-79186.49026,3016.934988,744.284728
0.3575,-0.566401103,-0.017666187,-0.023531514,0.771914374,110.596497,81.69270219,60.54384654,-79201.77068,3031.320871,747.833758
0.35775,-0.53562163,0.076200506,0.040767278,0.841312078,110.6168647,81.7028503,60.58424674,-79206.24142,3034.823547,748.6978762
0.358,-0.638796247,-0.01630132,-0.020095644,0.877670078,110.6372323,81.64090527,60.55900342,-79191.88788,3019.883782,745.0122022
0.35825,-0.562013175,-0.04522769,0.001000555,0.765629641,110.6576,81.62278929,60.5524444,-79211.409,3038.681924,749.6497465
0.3585,-0.558410643,0.013104838,0.017477207,0.811354348,110.6779677,81.66882104,60.55470238,-79190.71993,3017.689031,744.4707522
0.35875,-0.516926329,0.043734558,0.014870033,0.773292417,110.6983354,81.67072842,60.52333049,-79223.22575,3049.491943,752.3166028
0.359,-0.574642652,-0.034806633,-0.029130922,0.767488233,110.718703,81.64447902,60.49580064,-79207.63785,3033.700158,748.4207335
0.35925,-0.537169446,0.046095352,0.031360623,0.814641869,110.7390707,81.68809223,60.49709515,-79216.44606,3041.471452,750.3379296
0.3595,-0.539371998,0.003831169,-0.002709768,0.763622167,110.7594384,81.6787144,60.47604355,-79209.46602,3034.042454,748.5051787
0.35975,-0.549723587,-0.022105518,-0.027549491,0.742345102,110.7798061,81.67719526,60.45405941,-79194.00546,3018.246423,744.608262
0.36,-0.51366994,0.024661254,0.034202606,0.768150921,110.8001738,81.69105737,60.47009228,-79201.64897,3025.18153,746.3191686
0.36025,-0.496530229,-0.027318602,-0.001063327,0.682888235,110.8205414,81.6575535,60.46965193,-79200.76204,3023.62279,745.934624
0.3605,-0.521998657,0.030885757,-0.004343666,0.758214335,110.8409091,81.65404571,60.46743798,-79189.27196,3011.899428,743.0424438
0.36075,-0.500508256,-0.007957175,0.014168053,0.712732626,110.8612768,81.62117197,60.44993904,-79229.63418,3051.418836,752.7919718
0.361,-0.520214197,-0.021769571,-0.036617965,0.694645835,110.8816445,81.62031908,60.44426066,-79210.38387,3031.612634,747.9057367
0.36125,-0.47041097,0.028049046,0.007478187,0.690842669,110.9020122,81.64347954,60.4750312,-79188.38818,3009.312297,742.4041927
0.3615,-0.523902357,-0.01068708,0.026292603,0.753307315,110.9223798,81.60224572,60.46569459,-79198.23444,3018.817897,744.749246
0.36175,-0.548403942,-0.073560462,-0.040531087,0.696061856,110.9427475,81.58064015,60.40509454,-79201.32972,3021.547785,745.4227154
0.362,-0.535890527,-0.009394191,-0.005188697,0.747569737,110.9631152,81.66672408,60.37404032,-79204.19714,3023.813118,745.9815783
0.36225,-0.497515023,0.067206401,0.0482434,0.785571217,110.9834829,81.75437184,60.34535755,-79203.49677,3022.71108,745.7097031
0.3625,-0.593696933,-0.033207159,-0.058156387,0.775612614,111.0038506,81.70875202,60.27981701,-79209.56398,3028.280101,747.0835932
0.36275,-0.565342173,0.016986018,0.012753077,0.820559662,111.0242182,81.69002442,60.29405702,-79235.11607,3053.145305,753.2178956
0.363,-0.577915124,-0.025396924,0.010801095,0.808191466,111.0445859,81.66890202,60.32027235,-79212.51463,3030.010583,747.5105072
0.36325,-0.538828124,0.007477747,0.01986078,0.781496472,111.0649536,81.66596876,60.32907354,-79205.09295,3022.091238,745.5567867
0.3635,-0.532404574,0.005364393,0.019542421,0.770741178,111.0853213,81.65583939,60.30842964,-79217.91758,3034.218863,748.5486992
0.36375,-0.520542242,-0.023021629,-0.005971805,0.715961027,111.1056889,81.6632593,60.28652782,-79215.53223,3031.122885,747.7849145
0.364,-0.505968592,0.075844874,0.01053497,0.780735692,111.1260566,81.69085847,60.28522201,-79212.70195,3027.882328,746.9854617
0.36425,-0.512445793,-0.046243861,0.016069211,0.707499308,111.1464243,81.63963473,60.27483791,-79217.85827,3032.35303,748.0883941
0.3645,-0.53005789,-0.024249414,-0.005382792,0.729028204,111.166792,81.64169867,60.26613359,-79213.01989,3027.035797,746.7766207
0.36475,-0.490281531,0.018107663,0.016071642,0.717535543,111.1871597,81.67285383,60.26821266,-79215.26495,3028.363654,747.1042059
0.365,-0.500068874,-0.013198726,-0.01943303,0.684172655,111.2075273,81.66545089,60.24323075,-79214.67265,3027.331636,746.8496048
0.36525,-0.50933331,-0.034613512,-0.023340525,0.679466668,111.227895,81.65734176,60.21443951,-79217.81942,3030.073282,747.525975
0.3655,-0.464369564,0.029488713,0.011409412,0.685994528,111.2482627,81.69134492,60.22302148,-79218.18183,3029.957706,747.4974622
0.36575,-0.4962011,-0.00563976,0.000375607,0.698050886,111.2686304,81.68704636,60.20017962,-79207.1611,3018.246342,744.6082421
0.366,-0.522452797,-0.02565285,-0.042962826,0.690666675,111.2889981,81.7065424,60.15220234,-79214.47469,3025.1208,746.3041865
0.36625,-0.509920832,0.052432148,-0.006167833,0.757259478,111.3093657,81.72982828,60.15868685,-79207.85903,3018.372164,744.6392827
0.3665,-0.455716697,-0.012812644,-0.014874544,0.624908038,111.3297334,81.67839478,60.16816886,-79216.85839,3027.263266,746.8327377
0.36675,-0.477578632,0.000473853,-0.035663443,0.652019261,111.3501011,81.63694567,60.18099493,-79215.15182,3025.118398,746.3035938
0.367,-0.480705055,0.008697819,0.008638885,0.692078514,111.3704688,81.59195212,60.21727934,-79217.31316,3027.019307,746.7725525
0.36725,-0.456688238,-0.027079849,0.016907411,0.64092986,111.3908365,81.55115024,60.23634253,-79222.48651,3031.911046,747.9793556
0.3675,-0.416717292,-0.022550703,0.058107158,0.62235942,111.4112041,81.57851437,60.23190868,-79222.59561,3031.807112,747.9537148
0.36775,-0.412592573,0.032614656,0.009487218,0.613918322,111.4315718,81.61067316,60.18941416,-79224.32144,3033.336636,748.331052
0.368,-0.452327406,0.006945525,-0.038249576,0.620027961,111.4519395,81.62019279,60.14416812,-79220.30912,3029.307536,747.3370637
0.36825,-0.429809805,0.017087147,0.009926119,0.627005462,111.4723072,81.63655729,60.13317255,-79228.92073,3037.697628,749.4069185
0.3685,-0.449905313,0.001363845,-0.027311584,0.61891162,111.4926748,81.63452353,60.13359308,-79201.80586,3010.759308,742.7611737
0.36875,-0.398244316,0.010234716,0.01858485,0.583670625,111.5130425,81.60535405,60.1501896,-79230.07533,3038.564814,749.6208554
0.369,-0.440771936,-0.031216991,0.012410766,0.61238321,111.5334102,81.56206861,60.14447902,-79216.75344,3025.395971,746.3720718
0.36925,-0.435310714,-0.044885497,-0.037129708,0.557709706,111.5537779,81.58947793,60.11340123,-79212.22178,3020.558606,745.1786829
0.3695,-0.405416581,0.053084762,0.042978576,0.641392106,111.5741456,81.6596838,60.09608642,-79213.16287,3021.6818,745.4557773
0.36975,-0.419434912,0.002690437,-0.012896546,0.586264622,111.5945132,81.63852451,60.04841352,-79233.87807,3041.852745,750.4319953
0.37,-0.458526493,0.000407535,-0.04562019,0.619056225,111.6148809,81.63036703,60.02923086,-79228.05617,3035.807767,748.9406854
0.37025,-0.39257039,0.036335045,0.005304391,0.585855882,111.6352486,81.63260475,60.0699459,-79225.95358,3033.071211,748.2655709
0.3705,-0.367216651,0.018713951,0.052326612,0.571041846,111.6556163,81.60144188,60.102446,-79217.6876,3024.68699,746.1971646
0.37075,-0.417820656,-0.037192273,-0.012864503,0.556290655,111.675984,81.56110608,60.07174036,-79222.48537,3029.183099,747.3063648
0.371,-0.396508887,-0.019222213,-0.019399921,0.533438318,111.6963516,81.59542004,60.05121179,-79217.52744,3023.932844,746.011115
0.37125,-0.332125215,0.042876408,0.001855124,0.503837106,111.7167193,81.65328649,60.03822981,-79214.40555,3020.578428,745.183573
0.3715,-0.397131144,-0.062066915,-0.084658198,0.458713141,111.737087,81.62255412,59.9998382,-79204.33798,3010.282758,742.6436076
0.37175,-0.350240768,0.00731019,-0.004609999,0.497438847,111.7574547,81.61165023,60.02457722,-79220.3834,3026.347074,746.6067111
0.372,-0.332659434,0.00860326,-0.003736964,0.47413342,111.7778224,81.57070039,60.05095612,-79211.6767,3017.52613,744.430564
0.37225,-0.355899894,-0.02370031,0.015574196,0.499892039,111.79819,81.51008313,60.05144866,-79237.34367,3043.074851,750.7334917
0.3725,-0.376189534,-0.053478719,0.003239452,0.501323824,111.8185577,81.5104975,60.04340763,-79230.71367,3036.558056,749.1257835
0.37275,-0.287279723,0.071949062,0.05927226,0.499303814,111.8389254,81.58534303,60.04498981,-79236.2485,3042.118331,750.4975161
0.373,-0.310927967,-0.005959512,0.008142785,0.441600247,111.8592931,81.56507727,60.00691261,-79236.323,3042.213805,750.5210697
0.37325,-0.35278897,-0.013064847,-0.045466487,0.459248794,111.8796608,81.54063416,59.97671387,-79239.91364,3045.728905,751.3882529
0.3735,-0.285486157,0.074652904,0.053190811,0.494836188,111.9000284,81.56851131,60.01022978,-79238.02362,3044.034248,750.9701772
0.37375,-0.282705952,0.008810981,0.021878013,0.421810694,111.9203961,81.53203558,60.022836,-79223.28721,3029.285454,747.3316161
0.374,-0.325923501,-0.037369178,0.003426607,0.439771972,111.9407638,81.48128907,60.01216318,-79221.53921,3027.722667,746.946073
0.37425,-0.350373394,-0.056096751,-0.029597723,0.436116925,111.9611315,81.48460669,59.99647576,-79194.48682,3001.276808,740.4218192
0.3745,-0.310395837,0.006466154,0.032225813,0.467391353,111.9814991,81.53075863,59.9951299,-79207.37158,3013.749374,743.4988297
0.37475,-0.321591492,-0.004636109,-0.003213116,0.44925219,112.0018668,81.53173796,59.96082691,-79215.02688,3021.370302,745.37893
0.375,-0.347236843,-0.037439703,-0.071718127,0.416004616,112.0222345,81.52909729,59.93130178,-79202.56615,3008.787502,742.2747245
0.37525,-0.28906721,0.020406236,0.035287715,0.448554779,112.0426022,81.55584702,59.94938266,-79208.59176,3015.10422,743.8330733
0.3755,-0.305456202,-0.016952166,-0.000547856,0.420086634,112.0629699,81.54130275,59.91690379,-79215.63983,3021.848072,745.4967969
0.37575,-0.349577162,-0.010980062,-0.042715035,0.458060552,112.0833375,81.54160207,59.87339132,-79225.76989,3032.26054,748.0655765
0.376,-0.321162001,-0.006023286,0.012448199,0.45929225,112.1037052,81.56110374,59.86780832,-79232.70567,3038.777997,749.6734479
0.37625,-0.371596629,-0.018691483,-0.002319784,0.511053288,112.1240729,81.5586262,59.86605464,-79208.64557,3014.740011,743.7432221
0.3765,-0.349340238,-0.020678912,-0.011893567,0.471132365,112.1444406,81.53873983,59.85929432,-79225.652,3031.211978,747.806894
0.37675,-0.359032645,-0.000665283,0.0255622,0.526334724,112.1648083,81.54409382,59.84756896,-79229.39093,3034.398706,748.5930671
0.377,-0.40074974,-0.005242394,-0.023018621,0.547195444,112.1851759,81.58214771,59.8037237,-79212.18623,3016.679491,744.2216964
0.37725,-0.378818856,0.011607129,0.005806396,0.548090031,112.2055436,81.59098838,59.78948329,-79211.79363,3015.916744,744.0335248
0.3775,-0.374226246,-0.033946572,-0.017786732,0.493052252,112.2259113,81.55365226,59.78023787,-79237.01835,3040.462492,750.0890168
0.37775,-0.372155337,-0.019431012,0.020432869,0.529272216,112.246279,81.57937856,59.78970073,-79213.21003,3016.08975,744.0762058
0.378,-0.366385516,0.048452461,0.049357265,0.587310332,112.2666467,81.60901573,59.7569545,-79240.38007,3042.513022,750.5948871
0.37825,-0.430198609,-0.021327473,-0.066549663,0.549054833,112.2870143,81.58793465,59.6887598,-79245.01516,3046.483949,751.574524
0.3785,-0.41924643,0.021826116,-9.94E-05,0.608859558,112.307382,81.60722257,59.71192242,-79218.48049,3019.469955,744.9101101
0.37875,-0.375278788,0.017427639,0.093584993,0.616320959,112.3277497,81.58221111,59.73143743,-79243.82271,3043.4773,750.8327769
0.379,-0.485445886,-0.053849546,-0.05328176,0.610771278,112.3481174,81.54856843,59.65677508,-79245.83596,3044.341791,751.0460488
0.37925,-0.477499268,0.022903931,0.018707945,0.704728718,112.368485,81.63623492,59.6248551,-79244.05696,3041.211347,750.2737611
0.3795,-0.474618754,0.059504237,0.057783614,0.754150259,112.3888527,81.70397653,59.57530683,-79249.32704,3045.113864,751.2365209
0.37975,-0.540030096,-0.02827341,-0.035937495,0.718375246,112.4092204,81.68738995,59.49143909,-79258.46294,3052.496869,753.057925
0.38,-0.547579465,-0.008134486,-0.002011029,0.767256998,112.4295881,81.72402498,59.47168025,-79255.66873,3047.630764,751.8574457
0.38025,-0.505424711,0.053948238,0.065786648,0.799575301,112.4499558,81.77835281,59.45474094,-79274.95929,3064.486556,756.015808
0.3805,-0.573377734,-0.030888948,-0.031646967,0.76665956,112.4703234,81.76264256,59.40033449,-79263.56162,3050.651219,752.6025989
0.38075,-0.588668358,-0.005948252,0.02444762,0.846402879,112.4906911,81.77651664,59.38954486,-79272.53482,3056.975975,754.1629306
0.381,-0.545902599,0.066826709,0.030534272,0.842041455,112.5110588,81.81832288,59.38060031,-79268.31768,3050.308623,752.5180796
0.38125,-0.635747487,-0.009948101,-0.006349558,0.887569476,112.5314265,81.77097745,59.34907361,-79255.51909,3034.950182,748.7291174
0.3815,-0.63034849,-0.061061046,-0.02590825,0.831066735,112.5517942,81.72855141,59.32796935,-79292.96148,3069.572243,757.2704586
0.38175,-0.616453798,0.000167358,0.042112224,0.903155704,112.5721618,81.7978532,59.3287952,-79262.17218,3036.224238,749.0434298
0.382,-0.62182828,-0.006435407,-0.008036653,0.869166907,112.5925295,81.83723862,59.27583895,-79263.3613,3034.822173,748.6975372
0.38225,-0.609722476,-0.005248442,-0.044353066,0.828589524,112.6128972,81.84948577,59.2226038,-79282.3434,3051.219122,752.742702
0.3825,-0.628043572,0.011275808,0.074191967,0.951747059,112.6332649,81.86396682,59.22406935,-79297.28929,3063.210077,755.7008977
0.38275,-0.629984218,0.004959611,0.016950626,0.906544065,112.6536326,81.85791769,59.20234784,-79292.45526,3055.577422,753.8179045
0.383,-0.614636498,0.006336067,-0.004141005,0.870873953,112.6740002,81.86127686,59.17069882,-79309.0808,3069.608826,757.2794838
0.38325,-0.640248604,-0.009423991,-0.02694514,0.87999308,112.6943679,81.87509599,59.15826288,-79277.79213,3035.950978,748.976016
0.3835,-0.63366714,0.007618584,0.007675397,0.906955144,112.7147356,81.88786276,59.1596225,-79274.09931,3029.594724,747.4079137
0.38375,-0.654981872,0.02114852,-0.01237135,0.9333939,112.7351033,81.85022845,59.14228579,-79306.29365,3059.058521,754.6766995
0.384,-0.644199057,-0.009230181,0.026663997,0.924408515,112.7554709,81.80791682,59.16453313,-79311.0491,3061.627546,755.3104837
0.38425,-0.59532282,0.031558911,0.060778275,0.907911408,112.7758386,81.78725362,59.19380384,-79316.18762,3064.221534,755.9504265
0.3845,-0.617796267,-0.023156263,0.008305098,0.86405409,112.7962063,81.76306168,59.16905274,-79313.76365,3059.802388,754.860213
0.38475,-0.64940234,-0.02980267,0.016274685,0.910578264,112.816574,81.8013236,59.12178532,-79309.67478,3053.230491,753.2389113
0.385,-0.6817222,0.033541685,0.006243613,0.992796338,112.8369417,81.88956645,59.06647219,-79296.99291,3038.452251,749.5930857
0.38525,-0.66184101,0.04690937,0.010655279,0.977697663,112.8573093,81.93195707,59.00700888,-79322.62159,3061.653096,755.3167871
0.3855,-0.70231018,0.012397024,-0.042543549,0.974226288,112.877677,81.92351759,58.9705162,-79302.36209,3039.78666,749.9222875
0.38575,-0.693808816,0.000110029,-0.007248477,0.976187794,112.8980447,81.91102243,58.99807998,-79296.4043,3031.163078,747.7948302
0.386,-0.697349623,0.008585272,0.014350312,1.002444067,112.9184124,81.87704057,59.01354259,-79296.888,3029.334836,747.3437986
0.38625,-0.737783302,-0.030300842,0.004651301,1.026139476,112.9387801,81.82320226,58.99016422,-79330.05837,3060.059199,754.9235691
0.3865,-0.747451086,-0.033689561,0.040972698,1.066134153,112.9591477,81.85591605,58.96088876,-79327.11339,3054.624135,753.5827264
0.38675,-0.779501197,0.012697343,0.035883419,1.137087592,112.9795154,81.92734384,58.88807716,-79339.28825,3063.708131,755.8237688
0.387,-0.861720671,0.007889797,0.00450973,1.22743183,112.9998831,81.98865677,58.78922461,-79351.84194,3073.229384,758.1726836
0.38725,-0.868591495,0.001933246,-0.017211188,1.217796478,113.0202508,82.05168864,58.72295777,-79343.99678,3062.23607,755.460608
0.3875,-0.895823689,-0.002695695,0.005441949,1.268867048,113.0406185,82.08572635,58.6873034,-79344.28757,3059.076357,754.6810996
0.38775,-0.875151342,-0.002876025,-0.006529713,1.231008169,113.0609861,82.10451275,58.66056524,-79349.29744,3060.150608,754.9461199
0.388,-0.846837075,0.02581073,-0.007286041,1.211385788,113.0813538,82.12599083,58.64089049,-79349.55009,3056.613643,754.0735425
0.38825,-0.879320415,-0.015589672,-0.025377736,1.214637683,113.1017215,82.09914683,58.63064059,-79357.74434,3060.832142,755.1142557
0.3885,-0.840607501,0.031829941,0.012720264,1.220524699,113.1220892,82.08739796,58.64045397,-79375.13491,3074.198486,758.4117633
0.38875,-0.829556909,0.014069422,-0.021041841,1.169031566,113.1424568,82.05893931,58.64561482,-79363.53917,3059.180258,754.7067322
0.389,-0.820808012,0.008665448,-0.001834243,1.165699146,113.1628245,82.02099082,58.66303431,-79364.99179,3057.004656,754.1700064
0.38925,-0.855796498,-0.03269115,-0.006166645,1.183248431,113.1831922,81.99673438,58.65369485,-79352.65624,3041.414315,750.3238336
0.3895,-0.839500081,-0.004575431,0.006947414,1.188993402,113.2035599,82.00796775,58.64043391,-79360.81134,3046.088712,751.4770181
0.38975,-0.792332953,-0.027620092,-0.016747515,1.089236773,113.2239276,82.04404147,58.6099105,-79356.69054,3038.638548,749.6390457
0.39,-0.812204291,0.004897228,-0.023629357,1.135922129,113.2442952,82.0884427,58.57110933,-79361.6964,3040.242514,750.0347478
0.39025,-0.8066498,0.030296287,-0.038012775,1.138397013,113.2646629,82.10405821,58.55252538,-79364.11106,3039.692686,749.8991039
0.3905,-0.786599257,0.012170026,0.047536252,1.155450209,113.2850306,82.07246455,58.57502787,-79382.81607,3055.435543,753.7829025
0.39075,-0.797655757,-0.027835523,-0.015284627,1.097672676,113.3053983,82.02562064,58.57378938,-79370.66727,3040.615916,750.1268669
0.391,-0.779653222,0.011048731,-0.001478418,1.109469483,113.325766,81.99889028,58.57791173,-79387.98884,3055.514819,753.80246
0.39125,-0.765715777,-0.008353665,0.002156333,1.078580273,113.3461336,81.98531549,58.59890194,-79372.35987,3037.244823,749.2952104
0.3915,-0.706519229,0.007849716,0.026472761,1.023692857,113.3665013,81.97778921,58.60640449,-79388.39662,3050.640483,752.5999503
0.39175,-0.766905608,-0.031898024,-0.007975058,1.056780033,113.386869,81.96423302,58.56979576,-79378.82651,3038.85598,749.6926867
0.392,-0.748212502,-0.006021092,-0.035589159,1.029346583,113.4072367,81.98709701,58.53590298,-79386.90852,3044.688219,751.1315132
0.39225,-0.711105828,0.035638237,-0.043666127,1.004684844,113.4276044,82.00574875,58.52619826,-79402.56946,3057.670123,754.3341785
0.3925,-0.686615658,-0.004590469,-0.002574941,0.96595762,113.447972,81.98147902,58.56014577,-79372.50731,3025.654215,746.4357811
0.39275,-0.706160366,0.016191601,0.007817545,1.015690379,113.4683397,81.93894024,58.57537439,-79382.82358,3033.492546,748.3695153
0.393,-0.707046217,-0.055534145,0.005021685,0.96704482,113.4887074,81.89984387,58.55449364,-79402.24942,3050.805057,752.640551
0.39325,-0.704345581,-0.011746678,0.019580516,1.002369008,113.5090751,81.93796195,58.53262905,-79402.7336,3049.189129,752.241898
0.3935,-0.66018448,0.072220284,0.015708063,0.998218964,113.5294427,81.99461498,58.52173903,-79393.22087,3037.61262,749.3859468
0.39375,-0.667799195,0.018951518,0.031888709,0.980488182,113.5498104,81.95282675,58.50793724,-79408.60647,3050.889464,752.6613746
0.394,-0.734471831,-0.085893023,-0.06298771,0.933846907,113.5701781,81.91866094,58.48679883,-79379.06879,3019.74515,744.9780012
0.39425,-0.610931634,0.042076579,0.072720533,0.945906478,113.5905458,81.97925018,58.52202783,-79390.54726,3029.493685,747.3829871
0.3945,-0.620532021,0.007231246,0.036654744,0.909311226,113.6109135,81.95204468,58.4998665,-79403.20656,3040.421918,750.079007
0.39475,-0.669654921,-0.051453532,-0.052890435,0.873254518,113.6312811,81.91968085,58.46701241,-79396.30267,3032.218558,748.0552195
0.395,-0.610941258,0.006442892,0.028249407,0.888933866,113.6516488,81.95608812,58.49130035,-79393.66061,3027.791901,746.9631531
0.39525,-0.578357787,0.044587862,0.037880697,0.876274008,113.6720165,81.97306459,58.48017743,-79405.45178,3038.410782,749.5828554
0.3955,-0.624948165,0.009774136,-0.044824133,0.861624781,113.6923842,81.92986579,58.44493356,-79412.21303,3044.153042,750.9994839
0.39575,-0.648260615,-0.014403004,-0.009516614,0.89988513,113.7127519,81.89266375,58.46711098,-79394.84432,3026.057655,746.5353107
0.396,-0.553466984,0.019366714,0.039688193,0.824854213,113.7331195,81.87660201,58.50317778,-79402.46989,3032.594974,748.1480822
0.39625,-0.571738401,-0.007733668,0.031868199,0.827049318,113.7534872,81.85912662,58.49646411,-79402.05807,3031.168524,747.7961737
0.3965,-0.576684884,-0.011633801,0.004352403,0.810643334,113.7738549,81.86544855,58.4641245,-79418.37448,3046.120531,751.4848679
0.39675,-0.542116203,0.085239281,-0.038564685,0.813920424,113.7942226,81.8972834,58.45841651,-79406.0762,3033.313523,748.3253498
0.397,-0.591853897,-0.033478039,-0.009790047,0.806934349,113.8145903,81.84867875,58.47455739,-79380.61562,3006.921007,741.8142561
0.39725,-0.549417551,-0.024932443,0.015866041,0.772201195,113.8349579,81.81736135,58.47980483,-79409.32657,3034.550622,748.630545
0.3975,-0.540881926,0.000342443,-0.005199959,0.761518027,113.8553256,81.82305731,58.46795916,-79407.17678,3031.630168,747.9100624
0.39775,-0.521434444,0.026835171,0.013689418,0.76624404,113.8756933,81.85057177,58.45116237,-79412.02038,3035.691836,748.9120851
0.398,-0.48522699,0.031547596,0.01216079,0.717514058,113.896061,81.84118706,58.44780637,-79419.67401,3043.013136,750.7182666
0.39825,-0.535206358,0.014824886,-0.001198426,0.766782621,113.9164287,81.80904617,58.45851582,-79399.21677,3022.115576,745.5627909
0.3985,-0.496085321,-0.04797754,0.010084488,0.678512828,113.9367963,81.7785203,58.45674722,-79399.91053,3022.585747,745.6787832
0.39875,-0.510156915,-0.027378132,-0.014163926,0.692285356,113.957164,81.8044954,58.43485707,-79393.43502,3015.484647,743.9269255
0.399,-0.480341335,0.035791576,0.010185691,0.712506566,113.9775317,81.86127131,58.41075291,-79402.92765,3024.331194,746.1093888
0.39925,-0.47791067,0.011894888,-0.002243152,0.682912115,113.9978994,81.84689243,58.37529857,-79428.94291,3049.961275,752.4323882
0.3995,-0.49651581,-0.05393349,-0.053074245,0.626514381,114.018267,81.82924173,58.36674167,-79398.13457,3018.844656,744.7558474
0.39975,-0.442629018,0.037733322,0.029527944,0.673607825,114.0386347,81.8562068,58.40345688,-79394.88971,3015.293529,743.8797764
0.4,-0.467608415,0.030200633,-0.039016542,0.660526956,114.0590024,81.79565264,58.39761299,-79404.1886,3024.132167,746.0602883
0.40025,-0.464166363,-0.040988943,0.000439574,0.629804833,114.0793701,81.69313372,58.4262203,-79429.511,3048.803705,752.146813
0.4005,-0.466565586,-0.017343805,0.036662959,0.676724396,114.0997378,81.66997308,58.47754731,-79409.2997,3028.18408,747.0599045
0.40075,-0.420899232,-0.043555918,0.072577296,0.631976252,114.1201054,81.68004165,58.46997703,-79412.47549,3030.906902,747.731631
0.401,-0.454066421,-0.019092281,-0.052360488,0.593023551,114.1404731,81.7466525,58.38254445,-79400.16351,3018.34745,744.6331855
0.40125,-0.426579372,0.0146534,-0.022893915,0.599214576,114.1608408,81.8367477,58.33259778,-79392.08712,3010.101308,742.5988437
0.4015,-0.396019853,0.050736013,-0.044913538,0.576207675,114.1812085,81.84436316,58.3178943,-79409.6498,3027.306583,746.8434242
0.40175,-0.404808477,0.035127006,0.000493386,0.599176366,114.2015762,81.77699034,58.35535856,-79421.4092,3038.541026,749.6149867
0.402,-0.416016795,-0.066656952,-0.03846051,0.515166077,114.2219438,81.68022405,58.38791124,-79396.94026,3014.250973,743.6225754
0.40225,-0.371355707,-0.051044516,0.012247752,0.503742776,114.2423115,81.66879092,58.42049531,-79396.02515,3013.251851,743.3760897
0.4025,-0.332180559,0.032642497,0.031583576,0.515190576,114.2626792,81.71142931,58.40243465,-79414.29512,3031.224727,747.8100391
0.40275,-0.388227551,-0.033120058,-0.02908683,0.505073912,114.2830469,81.7316611,58.33886344,-79408.40334,3025.321378,746.3536694
0.403,-0.334591375,0.004405167,-0.02676094,0.458965749,114.3034146,81.77515049,58.32222337,-79393.98736,3011.301991,742.8950547
0.40325,-0.325677984,0.050774928,0.013500394,0.508082825,114.3237822,81.7642291,58.33378682,-79411.67871,3028.811166,747.2146082
0.4035,-0.38569723,-0.053291558,-0.054583524,0.469181721,114.3441499,81.67712646,58.33996527,-79396.69598,3014.224801,743.6161187
0.40375,-0.351968227,-0.046841817,0.027185116,0.492279768,114.3645176,81.64282123,58.38402322,-79396.76106,3014.428019,743.6662529
0.404,-0.338864525,0.018792378,0.049603909,0.52893812,114.3848853,81.66503143,58.38742751,-79391.24183,3009.45809,742.4401603
0.40425,-0.320678283,0.016126519,-0.007690982,0.460397436,114.4052529,81.67640486,58.33980435,-79412.89952,3031.219154,747.8086642
0.4045,-0.313461076,-0.018560069,-0.02291849,0.414005549,114.4256206,81.69926511,58.30964878,-79399.83893,3018.650498,744.7079483
0.40475,-0.317438275,0.011217918,-0.018572005,0.445222843,114.4459883,81.70853337,58.30031472,-79409.24304,3028.269599,747.0810024
0.405,-0.259360965,0.052138554,0.033469298,0.427936975,114.466356,81.69819731,58.32440989,-79420.56772,3039.881995,749.9458069
0.40525,-0.29352212,-0.033362845,-0.016685452,0.380262441,114.4867237,81.64565985,58.32907022,-79400.95673,3020.679546,745.2085189
0.4055,-0.280365002,-0.016623303,0.046928698,0.425111406,114.5070913,81.62078079,58.34329064,-79412.9486,3032.963952,748.23911
0.40575,-0.295125089,-0.047761569,-0.001869686,0.38638518,114.527459,81.63350971,58.32746474,-79385.42841,3006.024378,741.5930556
0.406,-0.251576047,-0.042042822,-0.025976052,0.30831424,114.5478267,81.68343184,58.29920623,-79384.20004,3005.176374,741.3838512
0.40625,-0.234912601,0.032967959,0.01807517,0.368760901,114.5681944,81.72084796,58.2792999,-79392.72488,3014.291155,743.6324884
0.4065,-0.250028556,0.003934281,-0.047775473,0.328751169,114.5885621,81.69049583,58.24785858,-79405.24138,3027.224908,746.8232748
0.40675,-0.266104081,0.012430446,-0.031802035,0.366654393,114.6089297,81.64921747,58.27583747,-79400.51198,3022.999695,745.7809051
0.407,-0.204070129,-0.001524048,0.005451303,0.291500945,114.6292974,81.58944516,58.32754644,-79403.60887,3026.621709,746.6744641
0.40725,-0.200872647,-0.009466335,0.035939055,0.307860047,114.6496651,81.56010272,58.34366648,-79417.21207,3040.331282,750.056647
0.4075,-0.192566168,-0.022910455,0.033247656,0.287973397,114.6700328,81.59149739,58.32053385,-79390.21191,3014.211963,743.6129516
0.40775,-0.216493529,-0.023877133,-0.023974491,0.272331904,114.6904005,81.62859659,58.26124345,-79395.98891,3020.491007,745.162006
0.408,-0.235113082,0.023959948,-0.025513872,0.33689512,114.7107681,81.6609926,58.24282473,-79381.08865,3006.496097,741.7094298
0.40825,-0.182870096,0.016595265,-0.037852744,0.2525491,114.7311358,81.63626132,58.26741617,-79386.63965,3012.352263,743.1541593
0.4085,-0.172121134,-0.010180227,0.000446346,0.236890938,114.7515035,81.55281075,58.31089076,-79394.93953,3021.41348,745.3895821
0.40875,-0.1521683,-0.030037597,0.06857003,0.270859342,114.7718712,81.50238817,58.33466074,-79413.21666,3040.381767,750.0691018
0.409,-0.187245013,-0.026792783,-0.008746385,0.240691401,114.7922388,81.52973455,58.30066653,-79383.37834,3011.412908,742.9224184
0.40925,-0.149308545,0.00324042,-0.016663519,0.203130639,114.8126065,81.57986453,58.26170743,-79394.09843,3022.917907,745.7607277
0.4095,-0.134972318,0.052833205,-0.016005613,0.232728972,114.8329742,81.60353067,58.24689745,-79409.56899,3038.828414,749.685886
0.40975,-0.106568859,0.029434216,-0.013063368,0.170429334,114.8533419,81.57754768,58.26565053,-79401.19488,3031.241863,747.8142666
0.41,-0.113787494,-0.007250091,0.051422685,0.205151447,114.8737096,81.51559645,58.29454034,-79404.83352,3035.646793,748.9009729
0.41025,-0.142198256,-0.030453555,0.008680449,0.191788248,114.8940772,81.48045797,58.28778694,-79392.98209,3024.826256,746.2315218
0.4105,-0.115685177,0.001602045,-0.004391634,0.161797618,114.9144449,81.5095954,58.26664005,-79393.95929,3026.679553,746.6887344
0.41075,-0.080727085,0.038199468,-0.011605462,0.146293728,114.9348126,81.539554,58.26307035,-79389.88816,3023.082718,745.801387
0.411,-0.084814365,0.045674332,0.037946005,0.179324108,114.9551803,81.5293739,58.25967307,-79404.50022,3038.196165,749.5299087
0.41125,-0.113519133,-0.013618662,-0.040723781,0.126546256,114.975548,81.49391554,58.24133738,-79388.01889,3022.869124,745.7486928
0.4115,-0.051065104,0.008951855,0.058286363,0.134140495,114.9959156,81.50882985,58.26695516,-79403.96255,3039.125745,749.7592382
0.41175,-0.058867898,-0.007926958,0.0163627,0.094045786,115.0162833,81.49876655,58.2536208,-79391.0179,3027.035623,746.7765777
0.412,-0.109960873,-0.014652403,-0.039438428,0.121125829,115.036651,81.50118328,58.21588579,-79391.83037,3028.337399,747.0977287
0.41225,-0.057832723,0.030062549,-0.03253377,0.110832824,115.0570187,81.53707876,58.2241807,-79372.50586,3010.074638,742.5922641
0.4125,-0.055150378,-0.012585237,0.036740437,0.112644286,115.0773864,81.50950698,58.24228143,-79362.01678,3000.263941,740.1719427
0.41275,-0.069013386,-0.021080214,-0.055785179,0.060638346,115.097754,81.47028825,58.21532524,-79382.09367,3021.122926,745.3179018
0.413,-0.037060801,-0.000330093,-0.010786924,0.046355225,115.1181217,81.49287301,58.21720765,-79379.87349,3019.620031,744.9471342
0.41325,-0.042830098,0.01101839,-0.032823707,0.070156376,115.1384894,81.51101974,58.20915604,-79357.88521,2998.778235,739.8054158
0.4135,-0.048690425,-0.041168812,0.02264146,0.096002933,115.1588571,81.47122456,58.20584812,-79383.15532,3024.442043,746.1367356
0.41375,-0.012204444,0.006997876,-0.004366714,0.023649799,115.1792247,81.46091397,58.20602326,-79394.09589,3036.248205,749.0493426
0.414,-0.012428422,0.006509791,0.078383441,0.117351062,115.1995924,81.48030591,58.21706118,-79381.64452,3024.623505,746.1815027
0.41425,0.0087713,0.010992768,-0.035931552,0.064847295,115.2199601,81.50182316,58.17648679,-79374.05925,3017.740622,744.4834796
0.4145,0.00767631,-0.012812885,-0.02095901,0.036140669,115.2403278,81.51786844,58.14597849,-79374.99812,3019.642346,744.9526394
0.41475,0.027412672,0.00899114,-0.022536938,0.061873549,115.2606955,81.53434579,58.14215894,-79365.92356,3011.385891,742.9157532
0.415,0.064556018,-0.003741648,0.001055444,0.093380438,115.2810631,81.49054639,58.16659251,-79375.76388,3021.86335,745.500566
0.41525,0.048812514,0.002187508,-0.023064299,0.08931865,115.3014308,81.43196024,58.18594104,-79381.43461,3028.318801,747.0931405
0.4155,0.022288893,-0.039812675,-0.027674489,0.080624312,115.3217985,81.41497593,58.18984606,-79360.20695,3008.006274,742.081994
0.41575,0.035857396,0.011142369,0.039235301,0.037569345,115.3421662,81.46058036,58.18501932,-79357.17763,3005.4688,741.4559932
0.416,0.042654458,-0.025409385,-0.047164149,0.114775166,115.3625339,81.45743466,58.14260834,-79350.61926,2999.77962,740.0524596
0.41625,0.02605259,0.023102633,-0.028536397,0.075201391,115.3829015,81.46310585,58.12942789,-79369.89975,3019.631971,744.9500798
0.4165,0.084138326,0.053716775,0.020848268,0.077533483,115.4032692,81.46377576,58.14668417,-79389.27518,3039.404947,749.828118
0.41675,0.070451414,-0.043255627,0.010762321,0.13931984,115.4236369,81.41369012,58.15927949,-79366.69588,3017.849467,744.5103321
0.417,0.07183397,-0.046115165,0.001767058,0.14530684,115.4440046,81.38298071,58.16171407,-79378.31477,3030.115722,747.5364449
0.41725,0.125140065,0.056999677,0.011592197,0.139993107,115.4643723,81.40237003,58.16606304,-79383.70407,3036.491755,749.1094269
0.4175,0.108301853,-0.015573074,-0.004181627,0.167711943,115.4847399,81.39947762,58.14527774,-79375.81316,3029.094281,747.2844531
0.41775,0.101085108,-0.002573215,-0.004144207,0.147718396,115.5051076,81.4098234,58.12305889,-79378.47393,3032.708494,748.1760879
0.418,0.10874938,0.016079061,-0.027683237,0.170636413,115.5254753,81.42611168,58.12359128,-79361.40381,3016.434776,744.1613245
0.41825,0.161441971,0.016026356,0.036290762,0.19292271,115.545843,81.43009344,58.14123535,-79357.7313,3013.619605,743.4668155
0.4185,0.102009984,-0.014615556,-0.020375297,0.169153328,115.5662106,81.3857368,58.11080439,-79371.91736,3028.547095,747.1494612
0.41875,0.137508037,-0.050442233,-0.027784578,0.251317174,115.5865783,81.36441363,58.10667326,-79370.39123,3027.929267,746.9970415
0.419,0.162276255,0.021095395,0.013255963,0.205427698,115.606946,81.39778778,58.13553453,-79354.4346,3012.403099,743.1667006
0.41925,0.137150269,0.040749869,0.020419828,0.152749284,115.6273137,81.3971834,58.12083484,-79360.68053,3019.548271,744.9294307
0.4195,0.103134961,-0.024375682,-0.069701389,0.219512613,115.6476814,81.36189791,58.08752039,-79363.56067,3023.362715,745.8704628
0.41975,0.14515538,-0.016816982,-0.016544823,0.228871309,115.668049,81.37948517,58.1056495,-79346.83129,3007.871689,742.0487914
0.42,0.224083833,0.02548525,0.073225371,0.253926745,115.6884167,81.40006052,58.1185313,-79366.70756,3028.493645,747.1362749
0.42025,0.163012967,0.011928264,-0.019727763,0.239213013,115.7087844,81.36569563,58.08701373,-79364.05555,3026.621205,746.6743399
0.4205,0.190373267,0.012021748,-0.06163101,0.317395887,115.7291521,81.32479632,58.08963948,-79367.6908,3031.444822,747.8643371
0.42075,0.213296819,-0.016810769,0.038678592,0.294142987,115.7495198,81.2978856,58.1440121,-79353.39153,3018.052419,744.5604008
0.421,0.241203156,0.005801723,0.036924357,0.313228799,115.7698874,81.30443455,58.14128905,-79357.29679,3022.649607,745.6945375
0.42125,0.183972094,-0.037410561,-0.034955603,0.311360953,115.7902551,81.30610932,58.08031736,-79353.94255,3020.281438,745.1103049
0.4215,0.222119966,0.000754743,-0.035628909,0.341702817,115.8106228,81.35389008,58.06870101,-79348.77126,3016.097167,744.0780355
0.42175,0.254744788,0.058891843,0.02652634,0.302472415,115.8309905,81.36929522,58.09085123,-79350.57322,3018.626713,744.7020803
0.422,0.211731738,-0.048398287,-0.010509616,0.344230156,115.8513582,81.2860935,58.08026394,-79348.59689,3017.71739,744.4777484
0.42225,0.215997853,-0.065723856,-0.022864767,0.371832455,115.8717258,81.26436049,58.07580703,-79351.36262,3021.671243,745.453173
0.4225,0.295162322,0.055975237,-0.014992911,0.398049254,115.8920935,81.32974304,58.08598883,-79343.17079,3014.253909,743.6232997
0.42275,0.27831366,0.018126311,0.038719571,0.354297709,115.9124612,81.32337643,58.08213089,-79344.6667,3016.52189,744.1828157
0.423,0.192113023,-0.036856178,-0.062082025,0.343042797,115.9328289,81.28768806,58.03674494,-79342.25182,3015.244508,743.8676827
0.42325,0.262917928,0.013945794,-0.018926378,0.377496908,115.9531966,81.31590666,58.04259154,-79348.16051,3021.875057,745.5034542
0.4235,0.284838891,0.035168491,0.005557347,0.375779602,115.9735642,81.32363562,58.06169933,-79331.29046,3006.135616,741.6204984
0.42375,0.266966447,-0.005354948,-0.03480355,0.407542996,115.9939319,81.25552398,58.05585974,-79344.91753,3020.632916,745.1970152
0.424,0.276454636,-0.030113561,-0.031450342,0.434501233,116.0142996,81.22062616,58.07323346,-79338.54111,3015.51004,743.93319
0.42425,0.317048958,0.005324125,0.05841501,0.408512585,116.0346673,81.24651461,58.0987405,-79330.20163,3007.879128,742.0506268
0.4245,0.275942346,-0.019603792,-0.035298456,0.429493515,116.0550349,81.23736375,58.06173587,-79331.00518,3009.655341,742.4888225
0.42475,0.306513269,0.024804872,-0.030617363,0.442818595,116.0754026,81.24044565,58.03633364,-79364.58597,3044.071134,750.979277
0.425,0.309338267,-0.074871193,-0.010812079,0.504199091,116.0957703,81.25134144,58.03897743,-79318.56732,2999.346733,739.9456653
0.42525,0.353828961,0.057845464,-0.005695396,0.470001527,116.116138,81.2758004,58.04288154,-79346.63991,3028.055077,747.0280792
0.4255,0.314323044,-0.000565651,0.019327072,0.431941239,116.1365057,81.24009052,58.04503137,-79337.92627,3020.541963,745.1745769
0.42575,0.333261586,-0.055056019,-0.010452639,0.520499273,116.1568733,81.23596391,58.02117331,-79330.4134,3014.26147,743.6251649
0.426,0.376192148,0.045891561,0.031115265,0.47790676,116.177241,81.27102972,58.01692247,-79346.09516,3031.119902,747.7841787
0.42625,0.380083447,-0.000411175,0.002229671,0.53624305,116.1976087,81.2256365,58.01980748,-79357.19831,3043.11775,750.7440749
0.4265,0.3578991,-0.025255533,0.009265804,0.519176628,116.2179764,81.19106007,58.04804246,-79333.37601,3020.420991,745.1447328
0.42675,0.377378799,-0.017685091,0.047632265,0.518724022,116.2383441,81.19774603,58.05351931,-79319.23966,3007.807678,742.0329997
0.427,0.361630438,0.023793621,-0.02695551,0.517405285,116.2587117,81.23079296,57.99608727,-79337.33822,3026.800599,746.7185968
0.42725,0.37959536,0.027786514,-0.029143681,0.542289697,116.2790794,81.25553085,57.9715689,-79344.6356,3035.354855,748.8289512
0.4275,0.430257777,0.026817415,0.015950618,0.578387962,116.2994471,81.24486485,57.99583728,-79342.24686,3034.141646,748.5296496
0.42775,0.420203562,0.015134936,0.013226235,0.574207959,116.3198148,81.19670129,58.02749798,-79334.06796,3027.014783,746.7714363
0.428,0.428784791,-0.048762008,0.028309885,0.627989786,116.3401825,81.12842039,58.05204117,-79323.18443,3017.771407,744.4910745
0.42825,0.395502511,-0.039345577,0.011524863,0.582339674,116.3605501,81.1183759,58.03246637,-79327.06137,3022.850979,745.7442164
0.4285,0.456391016,-0.02267988,0.036632087,0.639706487,116.3809178,81.19463273,57.99985842,-79326.02762,3022.873871,745.7498639
0.42875,0.465186404,0.079529695,-0.01717031,0.625099982,116.4012855,81.26017644,57.95165403,-79339.31297,3037.312198,749.3118321
0.429,0.426101352,0.005719851,0.007049849,0.593571006,116.4216532,81.21468307,57.94629297,-79341.32738,3040.5532,750.1113947
0.42925,0.412450951,-0.035713165,-0.02260065,0.62473427,116.4420208,81.17566934,57.96642564,-79316.75637,3017.578957,744.4435966
0.4295,0.470681681,0.002144077,0.057165325,0.627336115,116.4623885,81.17835029,57.9970994,-79316.69588,3018.805694,744.7462355
0.42975,0.464783501,-0.024659398,0.014993071,0.665911481,116.4827562,81.18223245,57.97045889,-79320.51322,3023.70501,745.9549077
0.43,0.501668008,0.017929576,-0.020751725,0.71303681,116.5031239,81.21923213,57.9344482,-79321.79808,3026.562041,746.6597439
0.43025,0.478906745,-0.00993156,-0.023601484,0.70118776,116.5234916,81.21835554,57.92900064,-79297.36436,3003.433938,740.9539882
0.4305,0.459329841,-0.026078112,-0.020053826,0.682250594,116.5438592,81.18511569,57.92713362,-79320.218,3027.281402,746.8372119
0.43075,0.505361397,0.009122787,-0.02070533,0.723801545,116.5642269,81.18664591,57.94010559,-79310.13535,3018.703404,744.7210001
0.431,0.558961591,0.045725299,0.037387257,0.731792867,116.5845946,81.17992315,57.96206532,-79325.94696,3035.73409,748.9225091
0.43125,0.485392359,-0.014203618,0.011668232,0.688970275,116.6049623,81.13423398,57.95557782,-79313.87222,3025.156152,746.3129079
0.4315,0.48835645,-0.076355837,-0.028927862,0.76728902,116.62533,81.12068389,57.94277869,-79293.95043,3006.502095,741.7109096
0.43175,0.536299794,0.052702485,0.000881442,0.723342649,116.6456976,81.14632516,57.94517132,-79324.49414,3038.284219,749.5516319
0.432,0.532611212,-0.020013981,0.001005717,0.767098973,116.6660653,81.12449817,57.94250897,-79310.89762,3026.011806,746.5239996
0.43225,0.540651261,0.026932236,0.019327653,0.731944924,116.686433,81.13442049,57.93558974,-79324.07076,3040.187088,750.0210739
0.4325,0.484563269,-0.002318524,-0.054547299,0.728300713,116.7068007,81.12270585,57.92270663,-79294.6471,3012.373396,743.159373
0.43275,0.538159846,0.018005994,0.014316829,0.738231092,116.7271684,81.09738856,57.94679007,-79308.64045,3027.612673,746.9189371
0.433,0.541149564,-0.031096085,0.028812887,0.770417444,116.747536,81.05051892,57.96942308,-79306.44568,3026.564188,746.6602736
0.43325,0.593233801,0.019743085,0.029484307,0.804238761,116.7679037,81.05299954,57.95868549,-79320.4181,3041.757649,750.408535
0.4335,0.56975462,-0.036730207,-0.029980604,0.852966436,116.7882714,81.07269398,57.92846987,-79294.65536,3017.092992,744.323708
0.43375,0.584973917,-0.000253456,0.015556615,0.81668666,116.8086391,81.10722714,57.9205091,-79304.22046,3027.803366,746.9659815
0.434,0.593750786,0.030506583,-0.004929723,0.822750336,116.8290067,81.12040996,57.91512143,-79292.40509,3017.406686,744.401097
0.43425,0.577425662,-0.012292063,0.01698863,0.814072491,116.8493744,81.10760346,57.89822411,-79292.593,3018.757213,744.7342751
0.4345,0.556963395,-0.023258515,-0.029630278,0.825100116,116.8697421,81.09210844,57.89342446,-79280.69776,3008.275492,742.1484105
0.43475,0.588072756,0.005588457,0.013789219,0.818020043,116.8901098,81.09284721,57.91796031,-79275.97437,3004.832918,741.2991198
0.435,0.600137014,0.006208876,-0.023932242,0.862044986,116.9104775,81.06525895,57.9086881,-79288.33875,3018.585057,744.6918037
0.43525,0.590829423,-0.029990321,-0.020649352,0.871441736,116.9308451,81.03547192,57.90564543,-79292.03669,3023.688511,745.9508374
0.4355,0.649549722,0.021157242,-0.018024996,0.917642828,116.9512128,81.06092362,57.92142376,-79267.59572,3001.063396,740.3691701
0.43575,0.651823989,0.029551009,0.034962359,0.876225551,116.9715805,81.04545581,57.91306403,-79304.3064,3038.733374,749.6624395
0.436,0.613260321,-0.022936679,-0.020401066,0.897930846,116.9919482,81.03373794,57.8909269,-79296.31999,3032.24597,748.0619822
0.43625,0.658798828,0.02274944,0.053867949,0.878332826,117.0123159,81.06097894,57.90485667,-79294.74046,3032.170253,748.0433024
0.4365,0.657242697,0.035525061,-0.008342725,0.911844918,117.0326835,81.04143954,57.88702099,-79292.46576,3031.423821,747.859156
0.43675,0.648307183,-0.014644891,-0.040214436,0.95614919,117.0530512,81.0125121,57.87967778,-79283.61425,3024.473925,746.144601
0.437,0.677026541,-0.004027848,0.045311947,0.930232672,117.0734189,81.01909642,57.90988475,-79280.09334,3022.180824,745.5788877
0.43725,0.683065872,0.008949782,0.015366899,0.948839081,117.0937866,81.0199026,57.9021845,-79279.68704,3023.456346,745.8935619
0.4375,0.667964631,-0.014291425,-0.026147733,0.973347765,117.1141543,81.01260917,57.87810319,-79270.03057,3015.616505,743.9594553
0.43775,0.662690822,0.02638052,-0.026042819,0.939144843,117.1345219,81.02040239,57.86643634,-79270.25489,3017.386425,744.3960984
0.438,0.693417196,0.018643172,0.016857841,0.955539498,117.1548896,81.02586827,57.85880123,-79286.86242,3035.374463,748.8337885
0.43825,0.690076804,-0.014789496,-0.003485756,0.988935438,117.1752573,81.01732327,57.85236088,-79271.47605,3021.639243,745.4452784
0.4385,0.688879584,-0.021842288,-0.010586875,0.997249012,117.195625,81.01074565,57.86044223,-79260.10089,3011.626504,742.9751128
0.43875,0.727607828,0.06200381,0.025923892,0.967827884,117.2159926,81.01210008,57.87467923,-79278.8644,3031.792838,747.9501933
0.439,0.678496755,0.002194321,-0.018629188,0.971495332,117.2363603,80.95732988,57.86421243,-79278.39365,3032.684143,748.1700803
0.43925,0.705119713,-0.061425562,-0.012285397,1.051035921,117.256728,80.94264193,57.87134552,-79265.89887,3021.793876,745.4834268
0.4395,0.789811137,0.047860264,0.068712975,1.034847086,117.2770957,81.00498781,57.87245073,-79282.69644,3039.651978,749.8890611
0.43975,0.710942575,-0.006888757,-0.01200409,1.018803155,117.2974634,81.01425511,57.81680672,-79269.21093,3027.936896,746.9989236
0.44,0.707246662,0.036600384,-0.05097573,1.01603996,117.317831,81.02711802,57.80352465,-79262.43649,3022.518778,745.6622616
0.44025,0.728218523,-0.016258671,0.008475786,1.035802923,117.3381987,81.01532741,57.83073074,-79233.95175,2995.810498,739.0732683
0.4405,0.724217446,-0.009763655,-0.035364271,1.056573723,117.3585664,80.9745868,57.82640553,-79254.09661,3017.345996,744.3861245
0.44075,0.761722925,0.017241624,0.032066828,1.042530678,117.3789341,80.94953393,57.84968694,-79265.10937,3029.900915,747.4834518
0.441,0.770801744,-0.027515778,-0.000532925,1.11040358,117.3993018,80.92542169,57.85895801,-79253.55578,3020.052985,745.0539448
0.44125,0.793666744,-0.016634405,0.048674736,1.102663288,117.4196694,80.94592068,57.84509941,-79252.91425,3020.9648,745.2788919
0.4415,0.767855018,-0.010973299,-0.038601036,1.121475905,117.4400371,80.97219505,57.79718215,-79247.79622,3017.325824,744.3811481
0.44175,0.807378781,0.041999093,-0.003173498,1.115724709,117.4604048,80.9837631,57.79412611,-79267.02084,3037.957094,749.4709294
0.442,0.785646797,-0.006353152,0.051563196,1.081432825,117.4807725,80.93807519,57.82639762,-79263.37176,3035.715,748.9177998
0.44225,0.791987665,-0.067132838,0.003689431,1.168125823,117.5011402,80.88952289,57.84267265,-79238.07324,3012.001217,743.0675555
0.4425,0.799535334,-0.001004221,-0.018908612,1.145004208,117.5215078,80.91169697,57.83213901,-79234.02009,3009.646865,742.4867316
0.44275,0.829766063,-0.004981446,0.009222319,1.170596936,117.5418755,80.93673419,57.79752115,-79260.62047,3037.691687,749.4054529
0.443,0.82147946,0.018626313,-0.027671505,1.169518716,117.5622432,80.96986243,57.76281789,-79259.01499,3037.547726,749.3699373
0.44325,0.817861569,0.021702828,-0.005217649,1.145448755,117.5826109,80.97044407,57.78394314,-79233.14893,3013.223568,743.3691121
0.4435,0.842535524,-0.004974881,0.039780348,1.168200663,117.6029785,80.92767834,57.79494718,-79252.28748,3033.647568,748.4077596
0.44375,0.825088097,-0.025724306,-0.056930626,1.225892576,117.6233462,80.91050928,57.76767721,-79244.82219,3027.957121,747.0039133
0.444,0.869996549,0.047555146,-0.004591219,1.201679187,117.6437139,80.95037789,57.77320284,-79246.34491,3030.682274,747.6762148
0.44425,0.874649332,0.031342254,-0.014183304,1.226076204,117.6640816,80.94054984,57.78307458,-79222.68432,3008.775844,742.2718485
0.4445,0.820291335,-0.033611039,0.001005428,1.183882157,117.6844493,80.87103341,57.79049014,-79231.77308,3019.462056,744.9081615
0.44475,0.853204222,-0.025160814,-0.004348591,1.227743911,117.7048169,80.86784591,57.80247004,-79224.80702,3013.889351,743.5333624
0.445,0.8824797,-0.005812271,0.060908829,1.21181394,117.7251846,80.906352,57.7976815,-79219.53672,3010.145178,742.6096664
0.44525,0.886923394,-0.000875102,-0.012022486,1.263492828,117.7455523,80.91468397,57.73378559,-79256.87995,3048.755638,752.1349548
0.4455,0.889274089,0.055251332,-0.047329595,1.258309687,117.76592,80.93309631,57.73283072,-79244.54556,3038.205452,749.5321998
0.44575,0.92279541,0.060921237,0.023671593,1.246049062,117.7862877,80.90706119,57.7866052,-79226.69121,3022.117151,745.5631794
0.446,0.867667751,-0.028767421,0.027106603,1.230146726,117.8066553,80.8206972,57.79704825,-79232.95843,3030.061411,747.5230463
0.44625,0.845330291,-0.068671477,-0.019106321,1.259010164,117.827023,80.80850081,57.78904977,-79211.98239,3010.82114,742.7764278
0.4465,0.944308013,0.05641947,0.056286475,1.255758071,117.8473907,80.8943801,57.77909585,-79236.91322,3037.119377,749.2642626
0.44675,0.905969046,-0.004451453,-0.018632581,1.297672824,117.8677584,80.90605759,57.72922087,-79206.116,3008.64823,742.240366
0.447,0.9398498,-0.004204738,-0.026003846,1.350772904,117.8881261,80.89672053,57.70965516,-79238.71896,3042.838022,750.6750653
0.44725,0.925826834,0.042642831,0.003175706,1.27783283,117.9084937,80.89729343,57.72710586,-79217.20078,3023.289855,745.8524882
0.4475,0.928404801,0.001776161,0.027700097,1.292509825,117.9288614,80.84837588,57.75036084,-79224.89647,3032.542261,748.1350777
0.44775,0.927913998,-0.029145407,-0.003043041,1.335411938,117.9492291,80.81231126,57.76229234,-79206.64624,3016.264896,744.1194147
0.448,0.929634086,-0.001928769,0.005570242,1.312158365,117.9695968,80.82573107,57.75725494,-79203.22186,3014.571063,743.7015422
0.44825,0.954084663,-0.000635992,-0.014223107,1.359888258,117.9899645,80.84356165,57.73485239,-79211.61174,3024.720783,746.2055014
0.4485,0.942382379,-0.010623811,0.009854478,1.333509823,118.0103321,80.85334743,57.73059738,-79195.47091,3010.481451,742.6926256
0.44875,0.979644254,0.033869966,-0.016970468,1.374887143,118.0306998,80.85087038,57.72085431,-79214.35065,3031.165426,747.7954094
0.449,0.932856518,-0.006848067,-0.031993813,1.347075787,118.0510675,80.79421326,57.74595676,-79197.8494,3016.384534,744.1489297
0.44925,0.959019264,-0.004692893,0.043018061,1.330441904,118.0714352,80.74502847,57.80030813,-79194.66536,3015.155183,743.8456459
0.4495,0.965102232,-0.045054008,0.03295525,1.376734931,118.0918028,80.71876096,57.80059342,-79200.36399,3022.702127,745.7074942
0.44975,0.965716294,-0.02908216,0.033450093,1.364791015,118.1121705,80.76361936,57.75758536,-79192.96209,3017.321136,744.3799917
0.45,0.972645095,0.030667765,-0.055179622,1.396823078,118.1325382,80.83364939,57.6917297,-79199.31801,3025.527984,746.4046396
0.45025,1.011084022,0.042184107,0.013471071,1.390979182,118.1529059,80.87166927,57.68389696,-79202.25783,3030.432271,747.6145384
0.4505,0.985914592,0.064738348,-0.004033728,1.353991488,118.1732736,80.85367737,57.68229576,-79206.71452,3036.709879,749.1632385
0.45075,0.995808349,-0.039417991,-0.044095856,1.467350065,118.1936412,80.78950019,57.69930921,-79190.74982,3022.440435,745.6429342
0.451,1.039048999,0.001262525,0.055599645,1.430778082,118.2140089,80.7738799,57.74791552,-79181.10497,3015.217286,743.8609671
0.45125,1.024773064,-0.016142328,-0.009123263,1.467138622,118.2343766,80.7265702,57.73587589,-79197.72666,3033.550241,748.3837488
0.4515,1.041017076,-0.015763641,0.015878763,1.472649072,118.2547443,80.72809105,57.72892011,-79195.07409,3032.884593,748.2195319
0.45175,1.037116392,-0.020451665,0.025040273,1.464519642,118.275112,80.76703289,57.71465884,-79182.46925,3021.956494,745.523545
0.452,1.025598762,-0.01743505,-0.014653627,1.473109739,118.2954796,80.81159517,57.66929134,-79173.0554,3014.315552,743.6385071
0.45225,1.022766972,-0.007629789,-0.035160853,1.477053393,118.3158473,80.83928823,57.63937378,-79162.03661,3005.325275,741.4205855
0.4525,1.045388551,-0.000433361,-0.007858243,1.484293572,118.336215,80.83999564,57.6381166,-79166.21364,3011.366047,742.9108577
0.45275,1.053499558,0.009707173,-0.026154618,1.502145716,118.3565827,80.8092891,57.65815194,-79162.75559,3009.450723,742.4383428
0.453,1.09627107,-0.002971604,0.019729681,1.538762869,118.3769504,80.75029081,57.69362801,-79191.09697,3039.610964,749.8789429
0.45325,1.052568116,0.015152668,0.020885677,1.463089996,118.397318,80.72249305,57.70899728,-79173.44084,3024.227538,746.0838166
0.4535,1.033835848,-0.028685554,0.015186446,1.472590603,118.4176857,80.71301662,57.69626288,-79166.08212,3018.564362,744.6866983
0.45375,1.047270572,-8.01E-05,0.008570318,1.475098838,118.4380534,80.73567859,57.68074001,-79166.55342,3021.078378,745.3069118
0.454,1.065199706,-0.028802592,-0.006099311,1.531351707,118.4584211,80.76965222,57.67068076,-79134.7437,2991.186569,737.9325344
0.45425,1.09732347,0.043182134,0.022197966,1.505838351,118.4787887,80.78872743,57.65741953,-79170.40635,3028.546525,747.1493206
0.4545,1.117760719,-0.004576131,0.007458987,1.578782691,118.4991564,80.75546773,57.64687817,-79177.57072,3037.806136,749.4336876
0.45475,1.101451794,0.004715156,-0.026574858,1.57361191,118.5195241,80.73708409,57.64999946,-79167.38785,3029.76606,747.4501827
0.455,1.076293661,-0.018413573,0.026217855,1.517575399,118.5398918,80.72009526,57.67262647,-79146.73063,3011.102524,742.8458459
0.45525,1.1418921,0.003259509,-0.015684555,1.623830893,118.5602595,80.7249091,57.66479527,-79148.32613,3014.683086,743.7291787
0.4555,1.10400757,-0.048897395,-0.016329431,1.607919627,118.5806271,80.71975228,57.6443375,-79154.37973,3022.260635,745.5985773
0.45575,1.126758758,0.01989021,-0.01715755,1.592191898,118.6009948,80.74644606,57.64936044,-79144.65526,3014.707604,743.7352274
0.456,1.192817324,0.029109164,0.017092265,1.654294563,118.6213625,80.70292716,57.66983037,-79162.12004,3034.275547,748.5626833
0.45625,1.099115639,-0.064970624,0.023148728,1.587629252,118.6417302,80.64516789,57.67093179,-79153.30156,3027.566813,746.9076233
0.4565,1.150870552,0.025091934,0.038044474,1.583012048,118.6620979,80.71336718,57.64950929,-79157.83485,3033.776333,748.4395261
0.45675,1.119677229,0.04349891,-0.029824342,1.576353367,118.6824655,80.76836429,57.59473499,-79146.78063,3024.582687,746.1714328
0.457,1.156882874,-0.00965651,-0.020318376,1.657326339,118.7028332,80.75635647,57.58604132,-79135.06541,3015.408507,743.9081416
0.45725,1.146775273,-0.030175194,-0.005822406,1.647509294,118.7232009,80.7153271,57.61803954,-79120.17385,3002.578231,740.7428834
0.4575,1.162365379,-0.010156758,0.010052482,1.644092937,118.7435686,80.67269787,57.63591318,-79138.61097,3022.814785,745.7352873
0.45775,1.168891815,-0.030087692,-0.014145525,1.684453431,118.7639363,80.63048996,57.64940709,-79145.08604,3031.047096,747.7662171
0.458,1.23522149,0.003552977,0.054089702,1.707229798,118.7843039,80.63660434,57.67755869,-79147.87817,3035.365284,748.8315241
0.45825,1.169080686,-0.00372241,0.038363509,1.629650165,118.8046716,80.6502957,57.64499289,-79134.56267,3024.272697,746.0949576
0.4585,1.142077598,-0.041654096,-0.079806507,1.701668914,118.8250393,80.6647103,57.58895157,-79123.42931,3015.068983,743.8243803
0.45875,1.232589336,0.036286311,-0.009854664,1.725380251,118.845407,80.69638366,57.61220323,-79139.09374,3032.185428,748.0470462
0.459,1.230757722,0.028509462,0.029828777,1.699303667,118.8657746,80.66396999,57.64454474,-79116.5912,3011.924483,743.048625
0.45925,1.197366008,-0.027948243,-0.014269654,1.723265243,118.8861423,80.59546637,57.63721708,-79124.28396,3021.305974,745.3630602
0.4595,1.173553601,-0.039897681,-0.033561013,1.711616154,118.90651,80.6063658,57.6220421,-79113.86484,3012.702937,743.2406713
0.45975,1.216338776,0.050593932,-0.014979271,1.696880968,118.9268777,80.67050207,57.61796273,-79111.00151,3011.842004,743.0282772
0.46,1.226970882,-0.006249746,-0.002374684,1.741303722,118.9472454,80.660484,57.5954946,-79112.21574,3015.037608,743.8166401
0.46025,1.199176036,-0.021008924,-0.035200877,1.735724377,118.967613,80.633037,57.57446075,-79129.67963,3034.284555,748.5649056
0.4605,1.242624383,0.028076469,0.003395401,1.735345574,118.9879807,80.64184507,57.6015733,-79114.75645,3021.554654,745.42441
0.46075,1.224228107,-0.007446016,0.012258248,1.728085745,119.0083484,80.62550295,57.60597944,-79108.38888,3016.7578,744.2410153
0.461,1.250493656,-0.030032641,0.030118643,1.769938119,119.0287161,80.63305013,57.58741446,-79120.12086,3030.39146,747.6044701
0.46125,1.259916523,0.01046791,0.000859792,1.773820173,119.0490838,80.68758409,57.5499712,-79106.29754,3018.455932,744.6599484
0.4615,1.267266723,0.03193444,-0.043797111,1.802961313,119.0694514,80.70487336,57.52243809,-79107.19046,3021.277174,745.3559552
0.46175,1.275748081,0.038620889,-0.040205525,1.807880302,119.0898191,80.63994365,57.55743116,-79115.75546,3031.651046,747.9152129
0.462,1.301750276,-0.04071623,0.048751465,1.838539314,119.1101868,80.56590099,57.61884597,-79120.68364,3038.180494,749.5260427
0.46225,1.312686776,0.023722542,0.043702477,1.808908274,119.1305545,80.56460607,57.63646407,-79105.23737,3025.21859,746.3283115
0.4625,1.30006353,-0.013906335,-0.010913487,1.85612136,119.1509222,80.56155963,57.5963666,-79107.60886,3029.606327,747.4107763
0.46275,1.223285848,-0.020074834,-0.030315286,1.765663176,119.1712898,80.59673274,57.55912069,-79087.6806,3012.019788,743.0721369
0.463,1.308676756,0.023950543,0.014463259,1.823622775,119.1916575,80.64826998,57.56729766,-79078.83468,3005.128934,741.3721475
0.46325,1.2903533,-0.000837228,0.000427866,1.825125258,119.2120252,80.61263409,57.56301712,-79084.64674,3013.305136,743.3892353
0.4635,1.280540643,-0.019114657,-0.016137461,1.835888578,119.2323929,80.58008089,57.55405487,-79099.89403,3030.59169,747.6538674
0.46375,1.309307555,-0.004618287,0.014374831,1.844888239,119.2527605,80.60955757,57.56578502,-79073.72095,3006.880094,741.8041627
0.464,1.345870239,0.013812725,0.056518468,1.854354063,119.2731282,80.60369751,57.56016505,-79099.59817,3034.874724,748.7105016
0.46425,1.295607263,-0.013982917,-0.070849804,1.893532465,119.2934959,80.57092398,57.53162724,-79085.21065,3022.840422,745.741612
0.4645,1.325419543,0.022733991,-0.015982022,1.870253121,119.3138636,80.5792969,57.56261803,-79082.45834,3022.084116,745.5550295
0.46475,1.332728831,0.03161031,0.02325727,1.845994298,119.3342313,80.54825906,57.59359889,-79077.57238,3019.547627,744.9292719
0.465,1.324009677,-0.065625077,-0.022365496,1.935376513,119.3545989,80.49934821,57.59008849,-79063.30714,3007.817922,742.035527
0.46525,1.370915505,0.022394666,0.032663475,1.899876942,119.3749666,80.53296951,57.57844494,-79084.39128,3031.086634,747.7759712
0.4655,1.325286268,-0.000991359,-0.017169326,1.887183376,119.3953343,80.55397657,57.53883983,-79070.77935,3019.866743,745.0079986
0.46575,1.366646373,0.038911171,-0.000782036,1.90638841,119.415702,80.57306252,57.52262867,-79094.2482,3045.576432,751.3506373
0.466,1.349963807,0.004325893,-0.031162528,1.928603322,119.4360697,80.55761177,57.52348885,-79073.891,3027.039054,746.7774241
0.46625,1.3523457,0.017403769,0.04213918,1.870647729,119.4564373,80.53973277,57.55282574,-79077.34773,3032.941364,748.2335373
0.4665,1.333895893,-0.02695118,-0.006699838,1.910369542,119.476805,80.50386571,57.55559181,-79054.27114,3012.022742,743.0728657
0.46675,1.352137565,-0.026869249,0.05363674,1.895849519,119.4971727,80.50644196,57.54476232,-79072.40773,3032.113727,748.0293575
0.467,1.361007672,0.019020388,-0.008237232,1.917421303,119.5175404,80.55138644,57.50249732,-79069.93479,3031.611035,747.9053423
0.46725,1.34224549,0.011957641,-0.027602633,1.909899122,119.5379081,80.56870769,57.48845232,-79064.08375,3027.754677,746.9539698
0.4675,1.394592921,0.042414072,0.001619098,1.941758981,119.5582757,80.56530408,57.50684765,-79058.14882,3024.0097,746.0300756
0.46775,1.352441273,-0.030970597,-0.0200057,1.948732748,119.5786434,80.51827414,57.51018234,-79054.4415,3021.997565,745.5336772
0.468,1.384352982,-0.025521247,-7.80E-05,1.976117904,119.5990111,80.51374632,57.52848006,-79030.7522,3000.894787,740.327574
0.46825,1.37481476,-0.000471238,-0.031015691,1.966902082,119.6193788,80.50711853,57.52621472,-79029.82689,3001.928053,740.582483
0.4685,1.38798746,-0.034734552,0.013198357,1.979009996,119.6397464,80.49446916,57.51871378,-79047.09696,3021.411997,745.3892163
0.46875,1.429403432,-0.001565386,0.019739456,2.008800184,119.6601141,80.52212205,57.4935011,-79058.35135,3035.170001,748.7833472
0.469,1.369746688,-0.005860376,-0.017881698,1.953957994,119.6804818,80.53888115,57.46797278,-79035.16835,3014.168811,743.6023057
0.46925,1.42660975,0.039094832,-0.030551968,2.013297941,119.7008495,80.54533346,57.46902426,-79039.54173,3020.725544,745.2198668
0.4695,1.388819311,-0.002387584,-0.009037704,1.972182822,119.7212172,80.50966545,57.48194317,-79029.61109,3012.921465,743.2945828
0.46975,1.401202229,-0.019175965,0.001134467,1.994511586,119.7415848,80.46501896,57.51241283,-79028.20326,3013.639052,743.471613
0.47,1.48033733,-0.008273481,0.046305109,2.067701473,119.7619525,80.42726642,57.54738629,-79045.72239,3033.021456,748.2532964
0.47025,1.410976085,-0.059811669,0.045350369,2.009778413,119.7823202,80.42800352,57.53286223,-79024.84936,3014.277769,743.629186
0.4705,1.455530226,0.036671852,-0.023127056,2.050161543,119.8026879,80.51452059,57.47542144,-79021.18356,3013.019425,743.3187497
0.47075,1.431885687,0.009030781,0.009923607,2.01158968,119.8230556,80.53399839,57.44306458,-79034.78762,3028.907109,747.2382775
0.471,1.429883883,-0.001524139,-0.035934059,2.049081552,119.8434232,80.51528146,57.4397471,-79023.58558,3020.003008,745.0416156
0.47125,1.457074154,0.062122032,0.017754982,2.004868957,119.8637909,80.49407697,57.47719636,-79032.80299,3031.269092,747.8209841
0.4715,1.480293415,-0.03359007,-0.008460998,2.123408669,119.8841586,80.44558028,57.49113038,-79018.61801,3019.461777,744.9080926
0.47175,1.45424044,0.010393271,-0.025782782,2.067963271,119.9045263,80.43310927,57.5032956,-79009.03309,3012.28981,743.1387519
0.472,1.445596116,-0.024563994,0.014993472,2.051721099,119.924894,80.42187078,57.50174424,-79007.80384,3013.570397,743.4546758
0.47225,1.409311863,-0.036534201,0.021405547,2.005021645,119.9452616,80.43710963,57.46899416,-79013.95551,3021.931765,745.5174443
0.4725,1.486715567,0.050001019,-0.021769944,2.084425172,119.9656293,80.4842891,57.4380088,-79020.10752,3030.433932,747.6149483
0.47275,1.488655372,0.023944903,-0.039634387,2.117802793,119.985997,80.45537528,57.43135666,-79031.2978,3043.80107,750.9126517
0.473,1.503102939,0.01663855,0.036616322,2.088195033,120.0063647,80.40777503,57.49457942,-79014.09454,3028.669487,747.1796556
0.47325,1.487344006,-0.009022096,0.023722436,2.093411526,120.0267324,80.36775483,57.52991738,-78983.72148,3000.593043,740.2531329
0.4735,1.490586014,-0.027132909,0.022298451,2.112293198,120.0471,80.35997428,57.49484684,-79017.9994,3037.101446,749.2598392
0.47375,1.487962561,0.011985279,0.017190574,2.083676143,120.0674677,80.43142379,57.44993158,-79005.58267,3027.097846,746.7919282
0.474,1.550788815,0.030017989,-0.00706018,2.177386549,120.0878354,80.48443193,57.41246015,-79011.14555,3034.885895,748.7132576
0.47425,1.475316647,-0.000964296,-0.022982887,2.103518893,120.1082031,80.47210397,57.40669682,-78983.45083,3009.417196,742.4300716
0.4745,1.496056991,-0.019509317,-0.031491484,2.15185714,120.1285707,80.42205968,57.43551628,-78978.99801,3007.058593,741.8481989
0.47475,1.502225104,-0.026615396,0.038121704,2.117815604,120.1489384,80.3808049,57.4606136,-78995.84932,3026.049575,746.5333174
0.475,1.4975216,-0.051432272,-0.027144919,2.173581369,120.1693061,80.37478047,57.45061289,-78978.17382,3010.591329,742.7197328
0.47525,1.506844816,0.021187394,0.008910508,2.109771525,120.1896738,80.41936801,57.44851393,-78973.68719,3008.428874,742.1862503
0.4755,1.512308211,0.015580134,0.018869855,2.1143708,120.2100415,80.42031939,57.42780881,-78983.14971,3020.000471,745.0409896
0.47575,1.537063103,-0.009939993,-0.00837495,2.186686948,120.2304091,80.40550728,57.40934589,-78994.67286,3034.065354,748.5108283
0.476,1.540980612,0.026429301,0.004695271,2.157431502,120.2507768,80.40280964,57.43199573,-78984.05381,3025.925624,746.5027384
0.47625,1.573462448,0.023502962,0.061772275,2.165420543,120.2711445,80.37242339,57.45680044,-78986.46978,3030.685469,747.6770029
0.4765,1.541122078,-0.024254124,-0.005655561,2.200742972,120.2915122,80.34130298,57.43953348,-78978.67327,3025.472776,746.3910198
0.47675,1.502803172,-0.036408345,-0.029337489,2.171791219,120.3118799,80.34829617,57.43263165,-78954.65031,3003.826502,741.0508347
0.477,1.568616545,0.023780686,0.01379403,2.191823582,120.3322475,80.40276673,57.42272953,-78968.7594,3019.999279,745.0406955
0.47725,1.59706239,0.036511601,-0.015670787,2.244760581,120.3526152,80.42258249,57.40088902,-78964.0648,3017.86388,744.5138878
0.4775,1.552589852,-0.031684012,-0.011455331,2.226335602,120.3729829,80.37820053,57.39311322,-78976.85093,3032.875699,748.2173377
0.47775,1.57249884,-0.013324665,0.015386271,2.22266958,120.3933506,80.36658904,57.41707215,-78965.77513,3023.953466,746.0162025
0.478,1.60433236,0.034686914,0.031880191,2.22180119,120.4137183,80.37722283,57.42586211,-78974.16356,3034.742212,748.6778108
0.47825,1.598656887,-0.021444219,0.022833789,2.260510246,120.4340859,80.38057823,57.39721192,-78967.16921,3030.400889,747.6067964
0.4785,1.596292425,0.026496457,-0.024135488,2.256681103,120.4544536,80.41154166,57.37065603,-78947.99368,3014.096217,743.5843968
0.47875,1.604188607,-0.007988448,-0.01580552,2.285510213,120.4748213,80.39428467,57.37906525,-78941.48001,3010.251897,742.6359941
0.479,1.57497824,-0.040129771,-0.016277964,2.267430066,120.495189,80.34186241,57.40526094,-78928.04996,2999.335297,739.9428442
0.47925,1.605228156,-0.002045441,0.073637786,2.221446697,120.5155566,80.30797734,57.43364629,-78959.08543,3032.899648,748.223246
0.4795,1.594636481,-0.04268187,0.011706189,2.278033747,120.5359243,80.31208604,57.40758422,-78946.20186,3022.394302,745.6315532
0.47975,1.616336107,0.037013622,0.015132063,2.249131545,120.556292,80.36974074,57.3815023,-78950.7556,3029.370512,747.3526001
0.48,1.624070284,0.031351554,0.004828745,2.271431173,120.5766597,80.3987089,57.35234194,-78950.84634,3032.042399,748.0117606
0.48025,1.581232481,0.01957903,-0.033146345,2.246722159,120.5970274,80.38752754,57.33879894,-78942.83098,3026.589352,746.6664816
0.4805,1.630695579,0.050589378,-0.019155352,2.285521391,120.617395,80.36981742,57.36747618,-78935.63933,3022.007713,745.5361809
0.48075,1.586800974,-0.036755671,0.002328042,2.268924456,120.6377627,80.29885204,57.40428212,-78923.86416,3012.540796,743.2006708
0.481,1.650844551,-0.00414533,0.025296658,2.319970752,120.6581304,80.27505928,57.42629697,-78939.95508,3031.136102,747.7881751
0.48125,1.633099734,-0.033996183,0.055911765,2.29669635,120.6784981,80.29935156,57.40909724,-78922.9549,3016.961558,744.2912828
0.4815,1.603049585,0.001137691,-0.019962114,2.280511762,120.6988658,80.3595996,57.34744688,-78912.24245,3009.007457,742.3289881
0.48175,1.605848382,0.041223777,-0.035315715,2.268772365,120.7192334,80.38038382,57.32688281,-78912.80514,3012.627101,743.2219625
0.482,1.654193866,0.001227538,-0.009526645,2.34528874,120.7396011,80.33606816,57.34915138,-78919.56476,3022.164801,745.5749347
0.48225,1.659030364,-0.014583632,0.049746486,2.322696014,120.7599688,80.30451979,57.36920365,-78923.89832,3029.095212,747.2846829
0.4825,1.663895454,-0.014248054,0.010150845,2.356190181,120.7803365,80.31005963,57.35544599,-78916.42097,3024.311264,746.1044721
0.48275,1.631875387,-0.009239411,-0.036739019,2.340574298,120.8007042,80.33219577,57.34337392,-78893.69753,3004.02419,741.0996047
0.483,1.68509993,0.035062131,0.024946219,2.340691654,120.8210718,80.3359647,57.36038466,-78910.93715,3023.700504,745.9537961
0.48325,1.661030353,-0.00714136,-0.016580222,2.365853587,120.8414395,80.29407334,57.35482233,-78897.87682,3013.550453,743.4497554
0.4835,1.674099536,-0.023624573,-0.00577642,2.388423943,120.8618072,80.26926511,57.34998358,-78912.75162,3030.942128,747.7403214
0.48375,1.688844136,-0.018278874,0.054530539,2.36443463,120.8821749,80.28711857,57.36439616,-78902.85888,3023.584059,745.925069
0.484,1.687459267,0.016245102,0.00127272,2.374111629,120.9025425,80.33298089,57.33256177,-78892.10715,3015.380918,743.9013355
0.48425,1.686044739,-0.002104865,-0.011172375,2.393841524,120.9229102,80.34626165,57.29751534,-78892.42174,3018.409423,744.6484744
0.4845,1.694283821,0.003186173,-0.042423252,2.424467557,120.9432779,80.31989102,57.30075476,-78903.32821,3031.638875,747.9122103
0.48475,1.672508215,0.014710826,0.011444353,2.346792707,120.9636456,80.27449049,57.35254226,-78875.10203,3006.308916,741.6632519
0.485,1.686005127,-0.02001902,0.020574973,2.384496563,120.9840133,80.22764077,57.36309032,-78892.04349,3025.590989,746.4201831
0.48525,1.66660609,-0.03768141,-0.042389089,2.413562215,121.0043809,80.23571795,57.33999108,-78885.26011,3020.96643,745.279294
0.4855,1.751941426,0.064325202,0.028258139,2.412557445,121.0247486,80.30689937,57.3403444,-78880.8723,3019.422902,744.898502
0.48575,1.688444094,0.005349526,-0.003404606,2.386469355,121.0451163,80.27583261,57.31393946,-78883.92246,3024.966731,746.2661773
0.486,1.694269618,-0.021506821,-0.059938757,2.454101226,121.065484,80.2458306,57.30001419,-78880.9339,3024.718722,746.2049928
0.48625,1.767329322,0.023061561,0.054764758,2.444657952,121.0858517,80.26531148,57.33666506,-78879.63716,3025.842479,746.4822263
0.4865,1.720422022,0.031747935,-0.037923949,2.438904447,121.1062193,80.2486677,57.32642743,-78868.29372,3016.954567,744.2895582
0.48675,1.770377394,-0.016822465,-0.014843982,2.526084443,121.126587,80.23941619,57.31461184,-78880.92142,3032.182251,748.0462624
0.487,1.747600415,0.025026217,-0.017816565,2.466940308,121.1469547,80.26099275,57.31279802,-78859.40612,3013.270387,743.3806626
0.48725,1.739268634,0.007887596,0.047991221,2.420683351,121.1673224,80.23956812,57.32524953,-78873.78803,3030.091486,747.530466
0.4875,1.710064108,-0.01782921,-0.031435343,2.45328775,121.1876901,80.21907285,57.31210958,-78846.28411,3005.303037,741.4150992
0.48775,1.759685517,-0.023926738,-0.020825717,2.52021875,121.2080577,80.23945424,57.30340063,-78844.75467,3006.32008,741.666006
0.488,1.76284593,-0.016093324,0.020517179,2.49031618,121.2284254,80.26776494,57.29080716,-78856.35472,3020.187002,745.0870073
0.48825,1.752677632,0.007456357,-0.001833469,2.47471065,121.2487931,80.28451043,57.26970801,-78849.29326,3015.9367,744.0384481
0.4885,1.720510743,0.012748702,-0.074737846,2.479318975,121.2691608,80.26004689,57.26416684,-78836.25986,3005.355807,741.4281178
0.48875,1.762667979,0.011306249,-0.019736638,2.499039373,121.2895284,80.20772774,57.30778598,-78831.79435,3003.805224,741.0455854
0.489,1.762187965,-0.049160885,0.017829136,2.515603316,121.3098961,80.16020466,57.33238246,-78835.10514,3009.561545,742.4656828
0.48925,1.727999759,-0.056740013,0.029027531,2.46559501,121.3302638,80.16337958,57.32281773,-78831.05343,3007.846509,742.0425795
0.4895,1.78567258,0.000209034,0.01878916,2.511991702,121.3506315,80.2219641,57.29555486,-78837.59385,3016.595416,744.2009549
0.48975,1.752177798,-0.007802892,-0.025732996,2.50176344,121.3709992,80.24318832,57.26377461,-78817.0223,2999.111205,739.8875601
0.49,1.74464823,-0.02768385,-0.041759877,2.51646837,121.3913668,80.23650723,57.25985207,-78819.94227,3004.449888,741.2046254
0.49025,1.775155454,0.032820187,-0.005467414,2.4915489,121.4117345,80.22186001,57.28861661,-78828.28184,3015.543938,743.9415528
0.4905,1.796615701,-0.008926374,0.043185149,2.517382867,121.4321022,80.16344207,57.30957423,-78835.10515,3025.31864,746.3529941
0.49075,1.744632741,-0.049809835,-0.017704441,2.515330448,121.4524699,80.14623723,57.29074157,-78828.65408,3021.281653,745.3570602
0.491,1.816992274,0.007802943,0.014256961,2.554028641,121.4728376,80.20459091,57.26708218,-78832.63367,3028.365469,747.1046538
0.49125,1.791371288,0.042259857,-0.045496945,2.537947392,121.4932052,80.23341899,57.23805482,-78820.78702,3019.167458,744.8354833
0.4915,1.812770143,0.037601728,0.022134172,2.521475626,121.5135729,80.2136098,57.25950349,-78830.09729,3031.026252,747.761075
0.49175,1.819827447,-0.031847798,-0.015311232,2.607049796,121.5339406,80.16294062,57.27452772,-78811.04853,3014.691314,743.7312085
0.492,1.884812041,-0.005987479,0.008626077,2.663721111,121.5543083,80.15231819,57.28079936,-78825.20235,3031.34496,747.839701
0.49225,1.822941934,-0.033164651,0.003397757,2.599463306,121.574676,80.15820204,57.27905849,-78796.32556,3004.865034,741.3070429
0.4925,1.808172002,-0.023021974,-0.0112374,2.581406752,121.5950436,80.17087707,57.26146911,-78796.05364,3006.917493,741.8133891
0.49275,1.792379097,-0.009546885,0.025429379,2.523939755,121.6154113,80.15469569,57.26182843,-78802.51584,3016.199936,744.1033891
0.493,1.845088288,0.018075619,-0.008090151,2.602485402,121.635779,80.13229911,57.26746928,-78820.5478,3036.376199,749.0809189
0.49325,1.783601473,-0.007194689,-0.003207054,2.52975325,121.6561467,80.11631661,57.28315233,-78792.7266,3010.902482,742.796495
0.4935,1.817746918,-0.023759315,0.021310676,2.573005963,121.6765143,80.13278019,57.28166792,-78783.85226,3004.598476,741.2412825
0.49375,1.842340284,0.035751403,-0.047734894,2.615935305,121.696882,80.15976253,57.23155641,-78809.51198,3032.450064,748.1123325
0.494,1.810701673,-0.03826594,-0.079556147,2.644515219,121.7172497,80.15495629,57.22329739,-78760.65088,2986.769877,736.8429264
0.49425,1.846677304,0.03623035,0.044255518,2.554702894,121.7376174,80.14672992,57.26403311,-78790.29535,3018.702345,744.720739
0.4945,1.835452042,-0.015032258,-0.003271571,2.608703698,121.7579851,80.1049722,57.2623696,-78783.66636,3014.578136,743.7032872
0.49475,1.818432981,-0.045689354,-0.014702891,2.614631784,121.7783527,80.10031705,57.24710648,-78782.16636,3015.569041,743.9477457
0.495,1.872544691,-0.016038029,-0.025386935,2.677494453,121.7987204,80.13517956,57.23059715,-78787.53608,3023.610574,745.9316101
0.49525,1.837114859,0.060617599,0.016359983,2.544218852,121.8190881,80.17555724,57.22032997,-78784.62241,3023.410536,745.8822604
0.4955,1.845739249,0.018166379,-0.016646076,2.609542795,121.8394558,80.15499322,57.20948105,-78781.43958,3022.926595,745.7628711
0.49575,1.827478176,-0.046362343,-0.010508169,2.625025261,121.8598235,80.11649345,57.22736845,-78756.00161,3000.300513,740.1809651
0.496,1.840595034,0.025932074,0.001345276,2.583881932,121.8801911,80.1070934,57.25082299,-78763.72962,3010.597657,742.7212941
0.49625,1.859684472,-0.017848872,0.031178561,2.621253328,121.9005588,80.08190785,57.24370524,-78776.41403,3026.236219,746.5793628
0.4965,1.838631584,0.018419752,-0.040250009,2.616640842,121.9209265,80.09944817,57.21403941,-78769.21199,3021.830469,745.4924542
0.49675,1.869733185,0.027814184,-0.031010543,2.647442667,121.9412942,80.12596935,57.21519711,-78756.23922,3011.352114,742.9074202
0.497,1.885121695,0.028462528,0.037837391,2.619108713,121.9616619,80.1214475,57.2177504,-78771.64253,3029.562092,747.3998633
0.49725,1.879601504,-0.036478202,-0.0272709,2.703258882,121.9820295,80.07903395,57.21834836,-78750.48532,3011.469086,742.9362775
0.4975,1.895615264,-0.026786306,0.012698054,2.691201224,122.0023972,80.0833591,57.23238633,-78747.83095,3011.481687,742.9393862
0.49775,1.898963791,0.026148452,-0.003698055,2.669915768,122.0227649,80.0991908,57.21450953,-78752.45831,3018.720223,744.7251496
0.498,1.869609216,-0.02620618,-0.024744064,2.680054571,122.0431326,80.07505839,57.20621539,-78745.3894,3014.457518,743.6735305
0.49825,1.885652147,-0.000998685,0.019137852,2.6540031,122.0635003,80.09116242,57.21792007,-78725.97176,2998.276565,739.6816527
0.4985,1.870401173,0.002176125,-0.007628186,2.649029111,122.0838679,80.09467412,57.20162001,-78726.04212,3001.094912,740.3769451
0.49875,1.882205955,-0.002394785,-0.039960741,2.692184235,122.1042356,80.09384245,57.17666125,-78737.88677,3015.739915,743.9899008
0.499,1.890134691,-0.009598579,-0.004568427,2.683078774,122.1246033,80.08836788,57.19142935,-78735.72669,3016.263103,744.1189725
0.49925,1.941536159,0.019029747,0.026811882,2.713348582,122.144971,80.08854084,57.20574321,-78739.11938,3022.570715,745.6750747
0.4995,1.868536825,-0.038167369,-0.042978762,2.69989553,122.1653386,80.06825058,57.19080918,-78714.11919,3000.56195,740.2454622
0.49975,1.935582125,0.016022589,0.033866193,2.70213817,122.1857063,80.07647401,57.19992414,-78744.52914,3033.679274,748.4155815
0.5,1.924983535,-0.018579047,-0.023932989,2.752406182,122.206074,80.06257779,57.19048413,-78714.43739,3006.700086,741.7597543
0.50025,1.941728149,0.01680159,-0.00403318,2.737108602,122.2264417,80.05903977,57.18926733,-78730.35099,3025.485558,746.3941731
0.5005,1.935401971,0.013963097,-0.015393906,2.73831951,122.2468094,80.04680133,57.19255699,-78716.25802,3014.465102,743.6754016
0.50075,1.894888498,-0.028090159,0.016246223,2.688700323,122.267177,80.03545797,57.19129255,-78721.96499,3022.509748,745.660034
0.501,1.934731677,0.000454403,-0.025147016,2.753762607,122.2875447,80.06763382,57.17793791,-78707.07234,3010.773978,742.7647929
0.50125,1.957981257,0.034007122,0.040964328,2.716004194,122.3079124,80.0774092,57.18765175,-78712.31559,3018.775346,744.7387485
0.5015,1.927676012,-0.025782464,-0.037786099,2.77113432,122.3282801,80.05150341,57.16309463,-78702.20092,3011.333303,742.9027795
0.50175,1.928992203,0.000939231,-0.0148942,2.737943262,122.3486478,80.06770982,57.16263997,-78689.17524,3001.520371,740.4819068
0.502,1.972133654,0.027336434,-0.004328134,2.773020027,122.3690154,80.06790731,57.17400758,-78693.94251,3009.227288,742.3832209
0.50225,1.944770784,-0.015025767,0.006030031,2.756802782,122.3893831,80.04100702,57.16561397,-78696.30156,3014.782537,743.7537133
0.5025,1.956928521,-0.019421313,-0.020673541,2.79586662,122.4097508,80.03308032,57.15732024,-78696.31455,3017.751102,744.4860653
0.50275,1.937961706,0.028828223,0.01343597,2.71087198,122.4301185,80.04403461,57.17387459,-78690.57135,3014.595802,743.7076454
0.503,1.994062389,-0.027540784,-0.00518502,2.843302547,122.4504862,80.02582792,57.15574211,-78693.6418,3021.123501,745.3180436
0.50325,1.921285373,-0.023861933,0.001593517,2.733031804,122.4708538,80.03430017,57.13566138,-78686.85746,3017.419192,744.4041822
0.5035,1.945151075,-0.004859634,-0.039409718,2.782483965,122.4912215,80.06007482,57.13515308,-78670.74195,3004.064894,741.1096464
0.50375,1.987880025,0.049162526,-0.000575412,2.777598681,122.5115892,80.04738828,57.15041228,-78689.71467,3025.685279,746.4434447
0.504,1.955064098,-0.000866541,0.013695003,2.755864776,122.5319569,79.99290862,57.15495151,-78691.30543,3030.370667,747.5993406
0.50425,1.946939802,-0.018218154,-0.020489105,2.780760229,122.5523245,79.98526976,57.1537974,-78678.98485,3020.640104,745.1987884
0.5045,1.953682337,-0.036052951,0.036634938,2.763946594,122.5726922,79.98646966,57.17999297,-78653.28969,2997.983806,739.6094282
0.50475,1.976129449,-0.010444099,0.02785965,2.782749871,122.5930599,80.01088522,57.15594029,-78668.33181,3015.417089,743.9102588
0.505,1.995717632,0.007248856,-0.019958175,2.831553858,122.6134276,80.03557247,57.11186106,-78677.0371,3027.373257,746.8598727
0.50525,1.988641419,0.028247105,-0.021230757,2.808056283,122.6337953,80.03358758,57.11978546,-78664.37533,3017.622791,744.4544105
0.5055,1.965775462,-0.055492273,0.003874221,2.817464128,122.6541629,79.98607786,57.14531544,-78645.57734,3001.727257,740.5329462
0.50575,2.014707599,-0.007525761,0.062481674,2.811674744,122.6745306,79.98663819,57.15263875,-78667.68718,3026.66149,746.6842781
0.506,1.971982381,0.040167755,-0.039532575,2.790063137,122.6948983,80.00406824,57.1154774,-78656.68082,3018.755349,744.7338153
0.50625,1.994203148,-0.015726341,-0.016967305,2.843347443,122.715266,79.98895778,57.11744751,-78652.15673,3017.02635,744.3072671
0.5065,1.99756701,0.012644969,0.006891496,2.811180822,122.7356337,79.99729849,57.14100037,-78634.33879,3002.282302,740.6698769
0.50675,1.976983407,0.016765892,0.028498379,2.763907426,122.7560013,79.99839431,57.12234013,-78654.70375,3025.462388,746.3884569
0.507,1.958593109,0.020445156,-0.038473443,2.783552352,122.776369,80.00118978,57.08830771,-78648.52264,3022.511802,745.6605407
0.50725,2.026354091,-0.017677546,-0.002457554,2.879995429,122.7967367,79.99856556,57.10498107,-78635.43897,3012.540562,743.2006132
0.5075,2.030061879,0.030796214,-0.005793048,2.853613019,122.8171044,79.97330284,57.12795442,-78637.12932,3017.127299,744.3321716
0.50775,1.982724105,-0.042882584,-0.001889073,2.836098093,122.8374721,79.92141348,57.1415647,-78634.99379,3017.847825,744.509927
0.508,1.987465938,0.008614623,0.028819721,2.784341175,122.8578397,79.92947905,57.14675912,-78631.99245,3017.8462,744.509526
0.50825,2.030320277,-0.020293968,0.015131175,2.875284479,122.8782074,79.9292414,57.13133127,-78635.20944,3024.248424,746.0889693
0.5085,2.037892499,0.028472794,0.001510279,2.861004556,122.8985751,79.99078382,57.09582074,-78637.50138,3029.237239,747.3197214
0.50875,2.065222022,0.057178344,0.00245738,2.879276257,122.9189428,80.0280693,57.07056501,-78632.8953,3027.937069,746.9989664
0.509,1.969413899,-0.022169293,-0.050689208,2.836905631,122.9393104,79.97219655,57.06714915,-78619.13205,3017.080511,744.3206288
0.50925,2.028392749,0.026335777,-0.01265872,2.859308271,122.9596781,79.94757242,57.12218993,-78607.31313,3008.433459,742.1873815
0.5095,2.043367568,0.000685633,0.059581089,2.848056699,122.9800458,79.89117952,57.16909104,-78613.61713,3017.825068,744.5043126
0.50975,2.033972918,-0.092797039,0.000580646,2.94390115,123.0004135,79.83984707,57.13965772,-78615.33885,3022.769607,745.7241417
0.51,2.042628539,0.037830661,-0.018918193,2.876179739,123.0207812,79.9263053,57.10357816,-78613.23353,3023.534431,745.9128257
0.51025,2.05950429,0.031383718,-0.019759967,2.905035039,123.0411488,79.97138828,57.08397996,-78594.18016,3007.782611,742.0268158
0.5105,2.033088679,-0.000486378,-0.010290259,2.882866823,123.0615165,79.94521619,57.07446232,-78608.05297,3024.333061,746.1098495
0.51075,2.034003838,-0.026444947,0.016862245,2.883779623,123.0818842,79.91728156,57.09110912,-78603.0346,3022.358918,745.6228238
0.511,2.034034441,-0.031356068,0.015782699,2.888148216,123.1022519,79.92712161,57.0934453,-78585.31316,3007.525517,741.96339
0.51125,2.038719697,-0.010312016,-0.013447394,2.899988028,123.1226196,79.95241064,57.06658041,-78586.29941,3011.489374,742.9412826
0.5115,2.040496064,0.000687382,-0.022545546,2.901292801,123.1429872,79.96206995,57.05918918,-78571.10789,2999.423864,739.9646938
0.51175,2.056896988,0.003294161,0.01405661,2.896652759,123.1633549,79.94130226,57.06365471,-78599.63472,3030.763624,747.696284
0.512,2.032409066,-0.022321882,0.034591337,2.866432288,123.1837226,79.9267115,57.07569797,-78586.76095,3020.794238,745.2368137
0.51225,2.047790284,0.030025768,-0.006347083,2.879614028,123.2040903,79.93745475,57.06771359,-78575.7574,3013.163465,743.3542848
0.5125,2.019803951,-0.014251639,-0.044005465,2.897857268,123.224458,79.93632429,57.04034149,-78570.05877,3010.745829,742.7578483
0.51275,2.069842097,-0.004434279,0.020229678,2.916186184,123.2448256,79.94422183,57.05851581,-78566.30361,3010.112735,742.6016626
0.513,2.069280509,0.025415116,-0.016481623,2.920538435,123.2651933,79.92611794,57.05992712,-78566.73011,3013.578432,743.4566579
0.51325,2.03545606,-0.031993517,0.003624788,2.898957525,123.285561,79.88416473,57.07053596,-78567.6445,3017.239532,744.3598597
0.5135,2.048991531,-0.010265971,0.032392616,2.882539228,123.3059287,79.88450088,57.09222056,-78556.52971,3009.443384,742.4365323
0.51375,2.098714777,-0.004711545,0.025077394,2.953855391,123.3262963,79.88836885,57.07213186,-78563.47559,3019.584668,744.9384102
0.514,2.053847739,-0.039236595,-0.053660873,2.970320293,123.346664,79.88333565,57.04015306,-78564.14648,3023.219222,745.8350628
0.51425,2.075273509,0.038420525,0.024067991,2.890747335,123.3670317,79.91999106,57.06146476,-78551.57602,3013.782402,743.5069779
0.5145,2.098792522,0.01042384,0.017972295,2.948076246,123.3873994,79.89730638,57.06251032,-78554.33083,3019.777356,744.9859467
0.51475,2.068032936,-0.063558163,-0.005562279,2.974364007,123.4077671,79.86020818,57.04692294,-78545.69213,3014.363022,743.6502181
0.515,2.10101753,0.000950391,0.002362182,2.968945646,123.4281347,79.89573569,57.05399775,-78539.74583,3011.601699,742.9689935
0.51525,2.120244189,0.066915043,0.051186139,2.915031595,123.4485024,79.90415965,57.06549693,-78546.8944,3021.707165,745.462035
0.5155,2.090016362,-0.062056959,-0.038693279,3.027105908,123.4688701,79.83728072,57.04422641,-78541.33879,3019.316286,744.8721996
0.51575,2.078536431,-0.046369897,-0.011344402,2.98061329,123.4892378,79.83076047,57.07144738,-78523.62717,3005.084431,741.3611686
0.516,2.120907455,0.039672658,0.049896169,2.936108061,123.5096055,79.85861212,57.08703993,-78523.14416,3007.883532,742.0517132
0.51625,2.051982381,-0.017090087,-0.013459783,2.923546713,123.5299731,79.83979852,57.03760889,-78540.22602,3027.938786,746.9993901
0.5165,2.11430139,0.003470205,-0.006269504,2.992076883,123.5503408,79.8593028,57.03624753,-78542.26377,3033.145345,748.2838598
0.51675,2.14108172,0.04787011,0.033740374,2.970289893,123.5707085,79.87733545,57.05523179,-78529.57315,3023.638934,745.9386066
0.517,2.126444547,-0.01156997,-0.00366888,3.018037726,123.5910762,79.84094664,57.03434115,-78531.66524,3028.976827,747.255477
0.51725,2.075813726,-0.061076006,0.000720547,2.979283176,123.6114439,79.85059767,57.01373339,-78514.26457,3014.816508,743.7620941
0.5175,2.112506551,0.026888749,-0.009865836,2.975838884,123.6318115,79.91567275,57.0137321,-78496.89543,3000.320071,740.1857902
0.51775,2.110407054,0.033620111,-0.012957916,2.970503714,123.6521792,79.87137646,57.01110185,-78507.20894,3013.576012,743.4560609
0.518,2.075323729,-0.085846873,-0.045606179,3.02830338,123.6725469,79.77530383,57.01934507,-78513.58138,3023.279531,745.8499412
0.51825,2.120701244,0.030371262,0.064313273,2.932467046,123.6929146,79.81972843,57.07008274,-78509.47004,3021.764264,745.4761213
0.5185,2.153086645,0.042486954,0.05374488,2.976910084,123.7132822,79.82939943,57.05548992,-78510.95159,3026.325801,746.601463
0.51875,2.053618484,-0.064169859,-0.08968797,3.013211109,123.7336499,79.78232153,56.99946798,-78494.99163,3013.838891,743.5209137
0.519,2.132013258,0.023802228,0.043625008,2.967543121,123.7540176,79.81648676,57.04376234,-78502.10503,3023.925536,746.009312
0.51925,2.120064737,0.006016507,0.039830431,2.966094751,123.7743853,79.81750826,57.05296291,-78481.21009,3006.103803,741.61265
0.5195,2.116311772,-0.021578576,-0.014896475,3.01871966,123.794753,79.807723,57.01730644,-78489.71912,3018.077419,744.5665683
0.51975,2.141881177,0.003251077,-0.013245857,3.036212012,123.8151206,79.84561018,56.99366872,-78478.60466,3010.387715,742.6695009
0.52,2.133706445,0.047264291,-0.017757072,2.997709776,123.8354883,79.86215334,56.98598589,-78488.70985,3023.805166,745.9796165
0.52025,2.158171812,-0.026428246,0.024252893,3.054284849,123.855856,79.80398956,57.00166352,-78494.17745,3032.447538,748.1117094
0.5205,2.093145439,-0.017308939,0.024217784,2.955706986,123.8762237,79.78299856,57.017731,-78480.64729,3021.842695,745.4954706
0.52075,2.125837725,0.003293154,0.040813203,2.975555488,123.8965914,79.80049523,57.02326557,-78465.05194,3009.715894,742.503761
0.521,2.140730753,-0.000583043,-0.025042283,3.045717628,123.916959,79.80602151,56.99225663,-78476.61913,3024.233836,746.0853704
0.52125,2.147165418,-0.032992926,-0.033233566,3.083379671,123.9373267,79.796424,56.99753279,-78451.59008,3002.687299,740.7697908
0.5215,2.144116813,0.031651203,0.001845524,3.008774768,123.9576944,79.78350745,57.0203503,-78448.75717,3002.902774,740.8229489
0.52175,2.164323758,-0.033236149,0.01122969,3.076858921,123.9780621,79.77315772,56.99992792,-78471.60138,3028.467599,747.1298493
0.522,2.127292061,0.039408056,-0.009592159,2.987964994,123.9984298,79.83010611,56.97507541,-78449.70427,3009.469833,742.4430572
0.52225,2.126171624,0.017830924,-0.014448938,3.00472942,124.0187974,79.82339696,56.96966105,-78447.97501,3011.05237,742.8334728
0.5225,2.121878192,-0.02087227,0.038534868,2.9891852,124.0391651,79.77369501,56.99021214,-78467.94923,3033.758812,748.4352037
0.52275,2.148150425,-0.000595317,0.028617161,3.018341082,124.0595328,79.77044248,57.00589984,-78438.33691,3008.014615,742.0840517
0.523,2.157603698,0.015453878,0.011529876,3.032235826,124.0799005,79.76806113,56.98784452,-78451.18695,3024.017073,746.0318945
0.52325,2.142910358,-0.020138627,-0.008104798,3.050539612,124.1002682,79.76415541,56.97448491,-78459.68557,3035.539878,748.8745968
0.5235,2.165847872,0.073162766,0.061751403,2.967605621,124.1206358,79.79956065,56.99636215,-78446.62517,3026.222239,746.575914
0.52375,2.145053179,-0.02386998,-0.027099746,3.069606885,124.1410035,79.75736134,56.97423456,-78421.44221,3004.607346,741.2434705
0.524,2.121903325,-0.00748719,0.003916062,3.003382101,124.1613712,79.74839306,56.97050124,-78436.33238,3022.792043,745.7296767
0.52425,2.164718348,-0.003750366,0.049857747,3.029482753,124.1817389,79.75386604,56.98627325,-78426.29181,3015.760143,743.9948911
0.5245,2.174108164,0.019590095,-0.045310082,3.09386126,124.2021065,79.75459646,56.96632778,-78423.34442,3015.981383,744.0494714
0.52475,2.150500775,0.001239713,-0.014238148,3.050517544,124.2224742,79.76260019,56.96309446,-78424.6744,3020.05925,745.0554904
0.525,2.16182564,0.007593154,0.030561649,3.030434185,124.2428419,79.77457636,56.9723847,-78404.96752,3003.794042,741.0428268
0.52525,2.146650396,0.01790907,-0.032181813,3.046532213,124.2632096,79.76384786,56.9455204,-78415.59821,3017.329841,744.3821392
0.5255,2.142088598,0.015021386,-0.031670363,3.04168096,124.2835773,79.72821348,56.96075785,-78420.02639,3024.974747,746.2681549
0.52575,2.18025767,0.030619132,0.04975722,3.026606066,124.3039449,79.70134497,57.00985441,-78418.72544,3026.539848,746.6542688
0.526,2.165641755,-0.005870526,0.032140011,3.044460556,124.3243126,79.6922839,57.00123511,-78405.48612,3016.842755,744.2619739
0.52625,2.17000489,-0.018075826,-0.015951658,3.092912504,124.3446803,79.73137276,56.95102722,-78410.58728,3024.913027,746.2529284
0.5265,2.172185149,0.033972372,0.010627922,3.040530954,124.365048,79.78969448,56.93368501,-78392.61837,3010.646717,742.7333972
0.52675,2.12983289,-0.009388446,-0.008952826,3.025007843,124.3854157,79.77238455,56.93000223,-78379.37771,3000.719781,740.2843994
0.527,2.164720625,-0.009148553,0.021572101,3.052824357,124.4057833,79.75022052,56.92736094,-78410.00412,3034.417084,748.5976009
0.52725,2.151670785,0.012751463,-0.028310961,3.054338293,124.426151,79.74741564,56.92225757,-78399.12378,3026.938747,746.752678
0.5275,2.169874598,-0.012070669,-0.003297017,3.079551427,124.4465187,79.74705386,56.94311041,-78369.33055,3000.438804,740.2150817
0.52775,2.182111281,0.002710922,0.074638212,3.032557039,124.4668864,79.73237366,56.95939514,-78379.65019,3014.033452,743.5689124
0.528,2.162239119,-0.026874144,-0.038722982,3.10428598,124.4872541,79.70452126,56.92819714,-78376.48576,3014.535417,743.6927483
0.52825,2.200617766,0.023766948,0.021668338,3.080016964,124.5076217,79.73510432,56.92671611,-78379.93096,3021.288743,745.3588092
0.5285,2.213652955,0.024795806,-0.05894543,3.156392185,124.5279894,79.74073667,56.9142683,-78363.41713,3008.238665,742.1393253
0.52875,2.196985097,-0.02360482,0.009693367,3.117109792,124.5483571,79.70361796,56.93135747,-78369.03354,3016.832648,744.2594805
0.529,2.170484587,0.002218635,0.016101483,3.056621751,124.5687248,79.70941847,56.94553783,-78346.21407,2997.625277,739.5209784
0.52925,2.201871726,0.02429634,-0.009192579,3.103507923,124.5890924,79.69361379,56.94220909,-78365.10034,3019.544607,744.928527
0.5295,2.164759899,-0.038104368,0.010635023,3.08143481,124.6094601,79.6381933,56.9518778,-78361.36116,3019.122837,744.8244752
0.52975,2.169456562,-0.032906841,-0.000928916,3.092248417,124.6298278,79.64721606,56.94785975,-78359.51336,3020.130517,745.0730722
0.53,2.165081443,0.045302597,0.012795153,3.02106858,124.6501955,79.71413234,56.92012012,-78350.2387,3013.993614,743.5590844
0.53025,2.218120285,0.015773518,-0.032142686,3.149017416,124.6705632,79.7232041,56.88188146,-78363.57978,3030.155381,747.546229
0.5305,2.180160047,-0.015893825,0.026719232,3.075999971,124.6909308,79.71633095,56.88751241,-78360.38108,3030.165896,747.548823
0.53075,2.185836204,0.009862098,0.069668103,3.035886608,124.7112985,79.72361729,56.90422687,-78355.76503,3028.667448,747.1791526
0.531,2.139076656,-0.028401504,-0.004953261,3.048831855,124.7316662,79.71204461,56.89407851,-78318.12687,2994.244895,738.6870305
0.53125,2.186685559,0.029851306,-0.025447941,3.090069032,124.7520339,79.70715897,56.88556827,-78342.95528,3022.21715,745.5878493
0.5315,2.135509369,0.007042274,-0.038239609,3.04263163,124.7724016,79.68548027,56.90033191,-78311.12547,2994.012909,738.629799
0.53175,2.181223675,0.052021454,0.03922562,3.020235339,124.7927692,79.66741315,56.93200903,-78331.73776,3018.223267,744.6025494
0.532,2.137849951,-0.049941679,-0.010835091,3.066726096,124.8131369,79.62062475,56.93283882,-78315.90205,3005.826418,741.5442185
0.53225,2.164502387,-0.026035811,0.0017763,3.078411155,124.8335046,79.63648343,56.93949775,-78295.9899,2990.024339,737.6458097
0.5325,2.187541864,0.035022691,0.016907304,3.057011833,124.8538723,79.65765894,56.92557799,-78322.28234,3019.593816,744.940667
0.53275,2.154648485,-0.011750694,-0.003804671,3.058147899,124.87424,79.64826768,56.90389335,-78309.84883,3011.116347,742.8492561
0.533,2.152277641,0.018942081,0.041141319,3.001417995,124.8946076,79.66988767,56.89428503,-78320.62499,3025.334296,746.3568564
0.53325,2.148410835,0.028692474,-0.033668115,3.04278874,124.9149753,79.71294699,56.85013803,-78295.45793,3003.776028,741.0383826
0.5335,2.152049923,-0.009063217,-0.057300746,3.090949246,124.935343,79.70893805,56.83991571,-78293.93873,3005.661676,741.5035762
0.53375,2.117774491,0.005010748,0.005588453,2.987490724,124.9557107,79.65542011,56.88649214,-78288.03213,3003.460195,740.9604659
0.534,2.175096114,-0.037873914,0.028738718,3.083589411,124.9760783,79.58699909,56.91975719,-78292.19993,3011.310433,742.8971375
0.53425,2.185332394,-0.040277297,-0.008437728,3.12521673,124.996446,79.58450731,56.91133478,-78292.2712,3014.362109,743.6499929
0.5345,2.186142337,-0.003322839,0.01147537,3.085960654,125.0168137,79.65604528,56.89036601,-78273.21205,2998.784543,739.806972
0.53475,2.23084342,0.033914814,0.021379215,3.115828062,125.0371814,79.70231833,56.84805814,-78307.88806,3036.399715,749.0867203
0.535,2.164766612,0.00448948,-0.088906386,3.123229427,125.0575491,79.68588809,56.80828467,-78282.79113,3014.883759,743.7786852
0.53525,2.197300135,0.031222431,0.033368851,3.061779846,125.0779167,79.65977384,56.87144584,-78282.71651,3017.967328,744.5394087
0.5355,2.178289103,0.006565159,0.007159394,3.070861354,125.0982844,79.60604166,56.90801576,-78273.01956,3011.308372,742.8966289
0.53575,2.174871833,-0.028586911,0.01226433,3.087680435,125.1186521,79.57844231,56.90278034,-78269.46815,3011.157122,742.8593154
0.536,2.174153612,0.019644988,-0.008392513,3.066953064,125.1390198,79.62459725,56.8642059,-78272.62213,3017.681635,744.4689276
0.53625,2.179119003,0.027817602,-0.001728234,3.063505401,125.1593875,79.67132639,56.84943847,-78260.13468,3008.151049,742.1177102
0.5365,2.229744072,0.023290758,0.01021211,3.129685193,125.1797551,79.65881865,56.85689785,-78267.47358,3018.838355,744.754293
0.53675,2.259719467,-0.02550981,-0.014719468,3.224199396,125.2001228,79.59275162,56.86134165,-78277.63051,3032.419767,748.1048582
0.537,2.163960634,-0.013482988,-0.032182524,3.092677669,125.2204905,79.57099787,56.87596445,-78253.06921,3011.380308,742.9143757
0.53725,2.237014139,0.015811309,0.015185169,3.141698009,125.2408582,79.57917123,56.90624699,-78247.53188,3009.161242,742.366927
0.5375,2.161529634,-0.01163104,0.011852552,3.056843201,125.2612259,79.56407739,56.900693,-78231.1184,2996.352689,739.2070281
0.53775,2.219896577,0.004241069,-0.000453935,3.136735208,125.2815935,79.56805332,56.8728024,-78254.34689,3023.156856,745.819677
0.538,2.203847995,0.032869695,0.025913881,3.075157258,125.3019612,79.59940298,56.8541622,-78262.44081,3034.788456,748.6892193
0.53825,2.159232378,-0.019923045,-0.00194984,3.069161119,125.3223289,79.60230735,56.83589681,-78225.75313,3001.693913,740.5247201
0.5385,2.180535315,0.027028588,-0.022379018,3.081049155,125.3426966,79.60657945,56.83757768,-78230.40449,3009.824507,742.5305562
0.53875,2.192199589,0.006459513,0.026550526,3.076995157,125.3630642,79.56892954,56.85773107,-78234.16799,3017.075473,744.3193859
0.539,2.168832261,-0.041746347,-0.038209675,3.123732446,125.3834319,79.55161044,56.83640986,-78228.70318,3014.928379,743.7896931
0.53925,2.242465263,0.03257601,0.017184126,3.136195715,125.4037996,79.59871357,56.83993369,-78240.44943,3029.539824,747.3943697
0.5395,2.204209691,0.015100245,0.029928759,3.085436375,125.4241673,79.60344843,56.83805338,-78216.50042,3008.830087,742.2852304
0.53975,2.185625496,0.010238612,-0.014891723,3.094384536,125.444535,79.58122448,56.81688705,-78241.03592,3036.479917,749.1065065
0.54,2.158228887,-0.012518035,-0.002419325,3.062783845,125.4649026,79.55368217,56.83726182,-78208.07296,3006.882828,741.8048373
0.54025,2.213456908,0.013017969,0.001854357,3.119814417,125.4852703,79.55088715,56.8558511,-78205.00231,3006.958222,741.823437
0.5405,2.163570058,-0.015484896,0.018917174,3.057613446,125.505638,79.53739093,56.85122486,-78212.2337,3017.307259,744.376568
0.54075,2.150026441,-0.032906148,-0.016324405,3.075474862,125.5260057,79.52796413,56.84050308,-78192.43096,3001.18198,740.398425
0.541,2.151242004,0.01947304,0.036057622,3.003118202,125.5463734,79.54779355,56.84080179,-78200.85737,3012.981373,743.3093622
0.54125,2.131197288,0.020054463,-0.031325678,3.022593179,125.566741,79.55349478,56.8007477,-78201.11788,3016.772845,744.2447268
0.5415,2.132057801,0.03352876,-0.030462286,3.014035852,125.5871087,79.54191631,56.80148321,-78212.18693,3031.171211,747.7968365
0.54175,2.120177289,-0.005847788,0.018439044,2.989628093,125.6074764,79.50490739,56.84302577,-78181.9043,3004.593568,741.2400716
0.542,2.150640101,0.004459085,0.045768656,3.006373768,125.6278441,79.47651429,56.84912576,-78210.33258,3036.422821,749.0924208
0.54225,2.160971167,-0.000535001,-0.037231987,3.083107635,125.6482118,79.47911722,56.81859031,-78193.76528,3023.615887,745.932921
0.5425,2.111112767,-0.001206168,0.00284027,2.984412937,125.6685794,79.49241919,56.81902994,-78170.05901,3003.246977,740.9078646
0.54275,2.100240313,0.022201377,-0.039015115,2.983019789,125.6889471,79.49872543,56.81458566,-78165.68148,3002.027282,740.6069629
0.543,2.059543465,-0.014637815,-0.009085984,2.929417451,125.7093148,79.46932276,56.8186705,-78164.74102,3004.406621,741.1939514
0.54325,2.066505176,-0.004249752,0.023162697,2.909299898,125.7296825,79.45701757,56.81857103,-78178.26616,3021.209684,745.3393053
0.5435,2.032215257,-0.009657623,0.001708976,2.87964057,125.7500501,79.46708108,56.79813842,-78161.21994,3007.689348,742.0038075
0.54375,2.073138074,0.018929996,-0.035062048,2.944009804,125.7704178,79.4564972,56.78936509,-78179.73737,3029.313632,747.3385677
0.544,2.030903612,-0.048124916,0.009352634,2.90040198,125.7907855,79.41930597,56.81684925,-78146.29671,2999.202555,739.9100964
0.54425,2.047484527,0.065676193,0.065527602,2.8028053,125.8111532,79.43045007,56.83229317,-78176.61539,3032.444484,748.1109559
0.5445,1.977593146,-0.038244233,-0.025112745,2.841584709,125.8315209,79.39711344,56.79354769,-78150.63819,3009.535934,742.4593644
0.54475,2.033700492,0.008741765,-0.060260563,2.913741935,125.8518885,79.41755447,56.78007757,-78148.25524,3010.168889,742.6155159
0.545,2.038193881,0.014446624,0.048685274,2.838110242,125.8722562,79.40864315,56.8132204,-78146.61646,3011.475585,742.937881
0.54525,1.96125309,0.004850568,-0.026838776,2.789448747,125.8926239,79.34738055,56.79867658,-78158.85691,3026.353944,746.6084058
0.5455,1.954503807,0.007497149,-0.01353845,2.768477514,125.9129916,79.35617042,56.80108713,-78159.19948,3029.195346,747.3093862
0.54575,1.987334742,0.036539636,0.026034147,2.766299321,125.9333593,79.38746902,56.81484183,-78135.1182,3007.977141,742.0748067
0.546,1.909044354,-0.00470726,-0.010990059,2.710907017,125.9537269,79.33340901,56.79018676,-78139.34152,3015.273279,743.8747806
0.54625,1.936217263,0.000589893,-0.057588839,2.779442544,125.9740946,79.30283244,56.78881359,-78160.82815,3039.002508,749.7288354
0.5465,1.897869027,0.072349019,0.037646015,2.606560426,125.9944623,79.28647725,56.83955499,-78146.35819,3027.052693,746.7807889
0.54675,1.876755035,-0.053495633,0.027705303,2.674218792,126.01483,79.21031502,56.84539046,-78140.59689,3023.618443,745.9335516
0.547,1.859021979,-0.045291522,0.015234207,2.651344305,126.0351977,79.21587222,56.82093688,-78131.41812,3017.048673,744.3127742
0.54725,1.843612853,0.013091243,-0.0121241,2.606761366,126.0555653,79.25062212,56.79293473,-78133.45856,3021.294663,745.3602698
0.5475,1.826522794,0.026787013,-0.066676123,2.613806875,126.075933,79.21703052,56.7954826,-78129.04176,3019.196193,744.8425724
0.54775,1.81595714,-0.033386194,0.00096063,2.591421001,126.0963007,79.12337912,56.85081939,-78129.67961,3021.648896,745.4476597
0.548,1.7629229,-0.04593704,0.064812889,2.483509098,126.1166684,79.08903865,56.88104699,-78112.01918,3006.093801,741.6101825
0.54825,1.785036147,0.006299941,0.032430409,2.497240911,126.1370361,79.11348965,56.84732358,-78129.54403,3025.567585,746.4144094
0.5485,1.758273836,-0.021726395,-0.026827485,2.520915225,126.1574037,79.11276672,56.80558116,-78137.39668,3034.915309,748.7205141
0.54875,1.763448896,-0.014008878,-0.025633672,2.521965049,126.1777714,79.13229041,56.80299171,-78122.72566,3022.053541,745.5474866
0.549,1.740668661,0.055538197,0.024199838,2.405600132,126.1981391,79.14458707,56.81745746,-78113.57685,3014.585287,743.7050513
0.54925,1.709802149,-0.011954257,0.025323235,2.409004762,126.2185068,79.07863634,56.8046988,-78135.43158,3038.17382,749.5243962
0.5495,1.71058106,-0.031191534,-0.04024481,2.469664948,126.2388744,79.05259335,56.79199249,-78143.7381,3048.058279,751.9629148
0.54975,1.74021641,0.108192059,0.032441627,2.363416238,126.2592421,79.07401252,56.83935315,-78120.75706,3026.909439,746.7454477
0.55,1.693524635,-0.015795775,-0.011252003,2.414137589,126.2796098,78.93786783,56.85870037,-78131.97269,3039.343656,749.8129974
0.55025,1.596449241,-0.102100179,-0.046049796,2.363475167,126.2999775,78.84258683,56.87415861,-78108.57604,3017.475637,744.4181072
0.5505,1.655276362,0.015222642,0.059250831,2.288888853,126.3203452,78.88578207,56.90928668,-78123.47952,3033.315219,748.3257681
0.55075,1.595646542,0.008848583,0.037691345,2.223956848,126.3407128,78.91898132,56.86011254,-78105.8269,3016.46726,744.1693383
0.551,1.578845352,0.004111956,-0.08224536,2.290516362,126.3610805,78.92556543,56.79803313,-78121.66654,3033.476815,748.3656344
0.55125,1.570184774,0.019953265,-0.0374232,2.234035181,126.3814482,78.91649358,56.82944092,-78105.89557,3018.685786,744.7166539
0.5515,1.640174371,0.056864207,0.057760822,2.238504973,126.4018159,78.88890977,56.87681871,-78129.9059,3043.711797,750.8906277
0.55175,1.562145126,-0.01902749,-0.038724926,2.250173272,126.4221836,78.82197851,56.85852335,-78112.05185,3027.193185,746.8154486
0.552,1.539504317,0.010237743,-0.039633878,2.198822611,126.4425512,78.79204528,56.87065643,-78118.98769,3035.25887,748.8052714
0.55225,1.507720597,0.044901842,-0.010090583,2.108699517,126.4629189,78.7580233,56.90780112,-78099.26453,3016.571699,744.1951038
0.5525,1.506699224,-0.035040847,0.033689882,2.13341109,126.4832866,78.67295452,56.94035979,-78105.34632,3023.429268,745.8868817
0.55275,1.518007854,-0.009663815,0.017997559,2.14116248,126.5036543,78.63135398,56.94420163,-78127.77639,3047.022713,751.7074382
0.553,1.502368438,-0.008492242,0.007212484,2.12566177,126.524022,78.62846256,56.93874052,-78105.70403,3025.98874,746.5183092
0.55325,1.511664722,0.033948358,0.027182104,2.09460738,126.5443896,78.63257548,56.93262519,-78131.49622,3052.00665,752.9369867
0.5535,1.467652941,0.023363506,-0.002977065,2.061411752,126.5647573,78.61577111,56.91816032,-78117.74052,3038.834212,749.6873164
0.55375,1.412441074,0.003105042,-0.028223225,2.015619789,126.585125,78.55626798,56.91372124,-78129.71262,3050.755143,752.6282371
0.554,1.386198129,0.0217429,-0.035949569,1.971692312,126.6054927,78.48075734,56.96498856,-78120.11056,3040.865512,750.1884427
0.55425,1.422642898,0.00224962,0.060304894,1.968972401,126.6258603,78.40710524,57.0321296,-78117.31744,3037.918202,749.4613346
0.5545,1.345250851,-0.001092843,-0.02281507,1.919561815,126.646228,78.34255081,57.03176071,-78111.31486,3031.316076,747.832575
0.55475,1.339630134,-0.014780578,0.018739279,1.892169286,126.6665957,78.29457871,57.04136183,-78141.56823,3060.566836,755.0488041
0.555,1.374522281,0.025926784,0.001821825,1.92447328,126.6869634,78.28078622,57.06087679,-78134.27347,3052.421731,753.0393883
0.55525,1.295901778,0.044550623,0.01988367,1.787375278,126.7073311,78.26462054,57.07643107,-78107.57389,3025.070379,746.2917476
0.5555,1.269258385,-0.003430049,-0.007115283,1.802464749,126.7276987,78.18540429,57.06504615,-78134.95164,3051.162152,752.7286471
0.55575,1.267639613,-0.004190079,-0.004009181,1.798510899,126.7480664,78.10500089,57.08886522,-78149.68886,3064.735541,756.0772331
0.556,1.182582635,-0.017441371,0.000123655,1.684807225,126.7684341,78.05805691,57.11968359,-78111.92814,3025.838665,746.4812853
0.55625,1.188752564,0.013478977,0.012678247,1.662654337,126.7888018,78.01007272,57.13357453,-78150.98836,3062.780571,755.5949377
0.5565,1.149447054,-0.013592393,-0.003764991,1.637881361,126.8091695,77.96673789,57.13877085,-78155.55574,3065.188845,756.1890644
0.55675,1.154050497,0.092174255,0.006422311,1.565881542,126.8295371,77.9364248,57.15801579,-78177.60745,3084.443555,760.9392452
0.557,1.071217434,-0.022998482,-0.005012599,1.534895127,126.8499048,77.80769629,57.17324805,-78179.00815,3082.950504,760.5709061
0.55725,1.032720214,0.02059875,-0.067937173,1.497890234,126.8702725,77.73780609,57.20058781,-78175.23915,3075.792052,758.8048996
0.5575,1.059346567,0.040329162,0.027245259,1.450448473,126.8906402,77.67381471,57.2762842,-78164.5825,3061.34868,755.2416868
0.55775,0.967466113,0.002886669,-0.004823475,1.36960578,126.9110079,77.54839096,57.29716472,-78183.47771,3076.676977,759.0232126
0.558,0.906080869,0.009853152,-0.008479027,1.280617035,126.9313755,77.44815582,57.32420849,-78208.41489,3097.485031,764.156607
0.55825,0.853818734,0.046630551,0.00202249,1.174350665,126.9517432,77.36546348,57.37459736,-78196.85982,3081.899354,760.311585
0.5585,0.867678226,0.027274405,-0.003980486,1.211216067,126.9721109,77.23538396,57.4062328,-78242.61724,3123.114638,770.4794892
0.55875,0.780156562,0.001927029,0.011606608,1.093802511,126.9924786,77.11750441,57.45068355,-78242.10912,3117.846352,769.1797912
0.559,0.775206734,0.008940655,0.014862418,1.079500926,127.0128462,77.06821874,57.48699032,-78238.7866,3109.855813,767.208507
0.55925,0.754954939,-0.01683267,-0.022067364,1.095192758,127.0332139,77.03310687,57.50152393,-78216.87473,3083.143792,760.6185906
0.5595,0.72068761,0.030743406,0.046166191,0.965007778,127.0535816,76.99687607,57.5133198,-78243.97395,3105.518962,766.138596
0.55975,0.718227722,-0.014599011,-0.023504555,1.04272772,127.0739493,76.954715,57.50012876,-78248.23306,3104.793962,765.9597369
0.56,0.719577449,0.011064416,-0.010055807,1.01725192,127.094317,76.94102789,57.50326989,-78257.37828,3109.173333,767.0401377
0.56025,0.763656903,0.029376279,0.014729985,1.048939502,127.1146846,76.90497345,57.53540299,-78261.23231,3108.179652,766.7949942
0.5605,0.701937662,0.011105115,0.012178059,0.976226955,127.1350523,76.82811679,57.56851922,-78250.38951,3092.745439,762.9873388
0.56075,0.734940906,-0.050786786,-0.002397453,1.078599735,127.15542,76.74946039,57.58502017,-78261.35317,3098.878048,764.5002674
0.561,0.687899705,-0.043122088,0.021226015,0.991457184,127.1757877,76.73429796,57.57758033,-78264.0245,3096.91235,764.0153253
0.56125,0.711570187,0.033020692,-0.004254622,0.987027874,127.1961554,76.75940841,57.56111901,-78281.09724,3109.088849,767.0192953
0.5615,0.692055075,0.038346577,0.006787082,0.947588004,127.216523,76.75370782,57.55311601,-78280.43331,3103.447595,765.6275852
0.56175,0.625489845,-0.010869827,-0.050149766,0.92897009,127.2368907,76.69168236,57.53988111,-78277.60043,3096.042871,763.8008228
0.562,0.714934926,-2.06E-05,0.028475971,0.991564106,127.2572584,76.64404549,57.59861783,-78286.39934,3100.049848,764.789353
0.56225,0.723898959,-0.003466559,0.033850589,1.0033045,127.2776261,76.61371896,57.61275965,-78284.68943,3093.659851,763.2129263
0.5625,0.673837624,0.022614099,-0.015161096,0.948808876,127.2979938,76.59337742,57.57209158,-78311.05769,3114.772819,768.4215435
0.56275,0.696688062,0.036051375,-0.071682563,1.01903918,127.3183614,76.5868662,57.56352627,-78308.92352,3107.622906,766.6576438
0.563,0.682337346,0.042583505,0.038739308,0.90747903,127.3387291,76.55060224,57.61225903,-78313.1463,3106.513615,766.3839792
0.56325,0.647200791,-0.016171634,0.058165313,0.890253757,127.3590968,76.46081195,57.62160866,-78344.74667,3133.079637,772.9378773
0.5635,0.633924355,-0.013404677,-0.01969747,0.919943457,127.3794645,76.46277313,57.60063727,-78326.97933,3110.44708,767.354374
0.56375,0.720386773,0.054263904,0.026757146,0.962080224,127.3998321,76.5185153,57.6051401,-78313.06616,3092.10422,762.8291487
0.564,0.644965922,0.067968238,-0.049405511,0.910414527,127.4201998,76.47703692,57.59498814,-78310.7156,3084.78425,761.0232952
0.56425,0.622540835,0.004665478,-0.009134954,0.883727735,127.4405675,76.36305091,57.64186017,-78327.29772,3096.739158,763.9725983
0.5645,0.666475263,-0.005781181,0.01544067,0.93606898,127.4609352,76.28968064,57.70036222,-78331.89168,3096.671249,763.955845
0.56475,0.68906052,-0.011528199,0.030566355,0.962398602,127.4813029,76.26959377,57.71141645,-78327.84483,3088.194632,761.8646444
0.565,0.727083312,-0.009517822,0.021288984,1.020625261,127.5016705,76.30344184,57.6660721,-78352.91076,3108.761949,766.9386482
0.56525,0.717341532,0.053091444,-0.016017678,0.991876999,127.5220382,76.36795055,57.60644421,-78355.03461,3106.414881,766.3596213
0.5655,0.669720189,0.001382555,-0.006973039,0.951135497,127.5424059,76.36510199,57.59162982,-78344.48016,3091.694812,762.7281466
0.56575,0.698981956,0.048171595,0.008854915,0.949407848,127.5627736,76.35659828,57.5964638,-78357.16909,3100.163754,764.8174541
0.566,0.682811317,-0.020764878,0.019000797,0.968114237,127.5831413,76.33673506,57.58977877,-78353.56807,3092.289475,762.8748514
0.56625,0.696098619,0.006524381,-0.003014439,0.982019697,127.6035089,76.31923534,57.59472956,-78359.35024,3093.756516,763.2367738
0.5665,0.685811036,-0.032886468,0.016022164,0.983633717,127.6238766,76.31137016,57.60118023,-78345.4203,3075.846212,758.818261
0.56675,0.690786855,0.03974851,3.52E-05,0.950034706,127.6442443,76.30338538,57.59113028,-78357.28126,3083.500469,760.7065837
0.567,0.674765131,-0.040077597,0.025243465,0.968062684,127.664612,76.25891957,57.59074951,-78356.42676,3078.532559,759.4809889
0.56725,0.669336584,0.025500331,0.028002601,0.908757756,127.6849797,76.27217147,57.58587285,-78358.37933,3076.906502,759.0798371
0.5675,0.655858875,0.038906082,0.010303844,0.893414873,127.7053473,76.26213993,57.57207888,-78382.38668,3096.723956,763.968848
0.56775,0.647371169,-0.03257227,-0.039920709,0.966823255,127.725715,76.23614235,57.56598053,-78361.26074,3072.442034,757.9784426
0.568,0.695918478,0.039429774,0.000806768,0.956895733,127.7460827,76.23982182,57.595504,-78366.31338,3074.06056,758.3777367
0.56825,0.663694274,0.042273217,0.015082437,0.898666114,127.7664504,76.17988447,57.61408363,-78370.54419,3074.648096,758.522683
0.5685,0.634220999,-0.06469827,-0.072252576,0.993805878,127.786818,76.06382387,57.60941194,-78385.13137,3085.616856,761.2287012
0.56875,0.660412522,-0.027522623,0.016501741,0.943299529,127.8071857,76.05647987,57.658094,-78370.80127,3067.694889,756.8073111
0.569,0.651261874,0.058420148,0.044493615,0.848423822,127.8275534,76.0737632,57.66638046,-78371.70916,3064.736601,756.0774948
0.56925,0.598302877,0.013117325,-0.049745787,0.875420454,127.8479211,76.01768336,57.62146764,-78405.88317,3094.866651,763.5106465
0.5695,0.644787135,0.01253826,-0.050682604,0.942026368,127.8682888,75.96975739,57.65066099,-78404.59441,3090.056973,762.3240882
0.56975,0.651265338,0.019124497,0.041079418,0.878869114,127.8886564,75.94993679,57.71841354,-78386.73581,3068.549077,757.0180411
0.57,0.625354129,0.030842679,0.045993567,0.830260245,127.9090241,75.90876079,57.70608047,-78402.01305,3080.6498,760.003317
0.57025,0.597159002,-0.020816131,-0.053768493,0.89815685,127.9293918,75.86404864,57.6548666,-78422.49142,3097.294705,764.1096531
0.5705,0.599337308,0.006446258,0.035495082,0.818707327,127.9497595,75.86327003,57.68561505,-78410.83848,3081.932516,760.319766
0.57075,0.613343161,0.021581301,0.022129153,0.836490527,127.9701272,75.84551303,57.69295784,-78411.18772,3078.356822,759.4376343
0.571,0.626013065,-0.019321887,0.029140903,0.880376181,127.9904948,75.78996044,57.69037294,-78445.32748,3108.783524,766.943971
0.57125,0.576957133,0.014402421,0.002282499,0.804279574,128.0108625,75.77829247,57.70534873,-78413.49131,3073.04157,758.1263496
0.5715,0.572170034,-0.006138055,0.019711177,0.800199487,128.0312302,75.75298098,57.71245721,-78414.13852,3069.887956,757.3483458
0.57175,0.570608512,-0.013816778,-0.026098597,0.835322175,128.0515979,75.69960604,57.71483962,-78433.44097,3085.105045,761.1024362
0.572,0.579468134,-0.022138472,0.023914281,0.820177693,128.0719656,75.66891563,57.7408207,-78438.51448,3085.955185,761.3121677
0.57225,0.585280518,0.029796458,0.043252663,0.776233087,128.0923332,75.65300178,57.74947658,-78447.48553,3091.164647,762.5973537
0.5725,0.559009914,0.003293308,-0.052472786,0.828155719,128.1127009,75.60007136,57.7419059,-78433.41406,3073.39908,758.2145479
0.57275,0.519959199,-0.032464741,0.002147916,0.757956971,128.1330686,75.54685189,57.77523684,-78436.03868,3071.995509,757.8682838
0.573,0.538057263,0.0007653,0.05319848,0.725616932,128.1534363,75.54032279,57.79973711,-78441.37568,3073.749036,758.300883
0.57325,0.571488933,-0.017846292,-0.022467178,0.836732467,128.173804,75.52972083,57.76500997,-78450.94571,3079.600768,759.7445186
0.5735,0.524944138,0.015923931,-0.034157941,0.75776309,128.1941716,75.55448596,57.72932704,-78450.90231,3075.956406,758.8454461
0.57375,0.495321871,0.064486257,-0.021578994,0.678390048,128.2145393,75.55027469,57.72054417,-78463.01168,3084.293442,760.902212
0.574,0.468370245,0.02229296,0.005429497,0.643104546,128.234907,75.49060581,57.74677755,-78459.62425,3077.452474,759.2145295
0.57425,0.483467193,0.026471165,-0.008898075,0.672696002,128.2552747,75.4501964,57.768753,-78462.98521,3077.12836,759.1345698
0.5745,0.522618463,0.035168406,-0.026601969,0.736930269,128.2756423,75.40951139,57.78147146,-78475.30549,3085.707829,761.2511444
0.57475,0.499443167,-0.019606489,-0.013051283,0.729456015,128.29601,75.34635425,57.81338669,-78471.44314,3078.38587,759.4448005
0.575,0.489545437,-0.021049031,0.033165457,0.686970602,128.3163777,75.30002055,57.84516245,-78469.83556,3073.076453,758.1349552
0.57525,0.491214781,-0.019040707,0.028971213,0.690170214,128.3367454,75.3069593,57.82463557,-78472.60452,3072.312716,757.9465395
0.5755,0.468830153,0.046380746,0.010627618,0.624252633,128.3571131,75.34040579,57.77840594,-78487.76504,3083.855492,760.7941686
0.57575,0.442463702,-0.012089157,-0.012406938,0.643059641,128.3774807,75.34360826,57.73623824,-78489.38813,3082.052582,760.3493865
0.576,0.462835179,0.069909011,-0.001512479,0.612462856,128.3978484,75.3728795,57.73809041,-78486.13643,3075.143888,758.6449961
0.57625,0.51355241,0.036620366,0.042167132,0.67059602,128.4182161,75.31266898,57.75921615,-78515.90229,3100.847654,764.9861737
0.5765,0.413476732,-0.037606165,-0.024671854,0.628981128,128.4385838,75.21557868,57.7637547,-78503.43265,3084.8764,761.046029
0.57675,0.502539298,0.030718649,0.046081578,0.656661552,128.4589515,75.18298552,57.81688592,-78518.46251,3095.725385,763.7224983
0.577,0.468930125,0.025689125,0.011351579,0.637217603,128.4793191,75.13227642,57.84578849,-78513.92154,3087.01296,761.5731232
0.57725,0.444498115,-0.04509958,-0.025677936,0.679079246,128.4996868,75.07018215,57.85129184,-78503.50969,3073.224022,758.1713607
0.5775,0.458089534,0.023927075,-0.019450909,0.646856681,128.5200545,75.07659959,57.86194562,-78509.24488,3074.767337,758.5521002
0.57775,0.488957294,0.036400104,0.022400419,0.650137923,128.5404222,75.09307711,57.85635432,-78519.28042,3080.88396,760.061085
0.578,0.500743429,0.013701042,-0.011028091,0.706917185,128.5607899,75.07806942,57.81976595,-78531.57994,3089.730609,762.2435734
0.57825,0.48647274,-0.016154981,-0.059421199,0.743308001,128.5811575,75.0696265,57.80660286,-78517.41315,3071.551865,757.7588358
0.5785,0.524587792,0.014552998,0.079167182,0.680227905,128.6015252,75.06699904,57.84381809,-78536.94851,3086.910473,761.5478395
0.57875,0.518409303,-0.018207822,-0.001238209,0.747180998,128.6218929,75.03483221,57.82220663,-78541.76419,3087.736047,761.7515103
0.579,0.468797488,-0.02583432,-0.017944469,0.694003319,128.6422606,75.03536948,57.79580406,-78532.9645,3075.064268,758.6253537
0.57925,0.494393609,-0.002027795,-0.024371265,0.718366505,128.6626282,75.05311498,57.78440424,-78533.23536,3071.43712,757.7305281
0.5795,0.498784993,0.028246726,0.04841124,0.651651276,128.6829959,75.04365125,57.78313186,-78554.59426,3089.209664,762.1150551
0.57975,0.435195032,-0.007113693,-0.047000668,0.655546087,128.7033636,75.02554847,57.75178844,-78545.34574,3075.765426,758.798331
0.58,0.471558682,0.015056334,0.026798476,0.637451106,128.7237313,75.03470531,57.76283567,-78554.62337,3081.412061,760.1913686
0.58025,0.480897713,0.024190568,-0.021680523,0.680639741,128.744099,75.01604505,57.76527142,-78544.33076,3067.329511,756.7171714
0.5805,0.495486895,-0.031159897,0.004647801,0.720806527,128.7644666,74.97062211,57.7743482,-78567.93601,3087.106954,761.5963117
0.58075,0.526081358,-0.020751074,0.036619873,0.736131564,128.7848343,74.9819649,57.78714105,-78539.35651,3055.306887,753.7511627
0.581,0.525676878,-0.007971609,-0.019957511,0.76330941,128.805202,74.9891096,57.75615354,-78544.46647,3057.006789,754.1705325
0.58125,0.491737857,-0.008149455,-0.028772976,0.721972425,128.8255697,74.97586852,57.73500723,-78561.17943,3069.997731,757.3754275
0.5815,0.535442007,0.028557446,-0.009254546,0.745020831,128.8459374,74.96242347,57.76128584,-78569.95814,3075.230356,758.6663279
0.58175,0.540584084,-0.013626489,0.034741779,0.751907764,128.866305,74.91917328,57.79216259,-78554.81387,3056.868779,754.136485
0.582,0.550587959,-0.025865729,0.027303309,0.780354167,128.8866727,74.89788933,57.78682561,-78565.44389,3064.301961,755.9702681
0.58225,0.539546439,-0.010303577,0.000580713,0.770024392,128.9070404,74.909909,57.76294644,-78565.64561,3061.364296,755.2455394
0.5825,0.5406322,0.006702226,-0.015260961,0.77109066,128.9274081,74.90310164,57.75174717,-78568.56646,3061.20923,755.2072844
0.58275,0.534986213,0.001246557,-0.016243432,0.767488138,128.9477758,74.87116715,57.76861502,-78566.22231,3055.684228,753.8442538
0.583,0.546476536,-0.004399825,0.039630004,0.74986452,128.9681434,74.83722142,57.79125163,-78566.94084,3053.436999,753.2898571
0.58325,0.520468799,-0.070473183,0.00648513,0.786965196,128.9885111,74.79672266,57.77470746,-78567.03261,3050.659564,752.6046578
0.5835,0.544340267,-0.000809546,-0.03119969,0.793320945,129.0088788,74.82253117,57.75034808,-78596.46052,3076.373506,758.9483456
0.58375,0.580849536,0.064891803,0.003448821,0.776774876,129.0292465,74.84684176,57.76039499,-78581.50251,3058.786764,754.6096564
0.584,0.517853047,-0.035836958,0.001492739,0.758019852,129.0496141,74.76574714,57.76745687,-78595.21581,3069.0621,757.1446052
0.58425,0.552942142,-0.064699084,0.007291294,0.827283595,129.0699818,74.74156232,57.77290872,-78586.86057,3057.880653,754.3861168
0.5845,0.560044495,0.063971117,0.010312613,0.74241038,129.0903495,74.8016201,57.75369061,-78597.09521,3064.601933,756.0442718
0.58475,0.566073741,-0.013153572,-0.001667212,0.811151038,129.1107172,74.78842604,57.73872684,-78597.32677,3061.791397,755.3509061
0.585,0.585303372,-0.001144113,0.037006967,0.803744427,129.1310849,74.76471644,57.75659059,-78601.27043,3062.748605,755.5870517
0.58525,0.588272506,0.009009403,0.000338321,0.82540144,129.1514525,74.70710584,57.77364642,-78611.04393,3069.649777,757.2895865
0.5855,0.553253946,-0.040542522,-0.047341142,0.844603413,129.1718202,74.64822243,57.79977971,-78588.09552,3044.09773,750.9858382
0.58575,0.611442569,0.010856655,0.080086948,0.804882022,129.1921879,74.66670014,57.83154466,-78603.83183,3056.967699,754.1608889
0.586,0.551906378,0.012487181,0.004553983,0.768524984,129.2125556,74.69398414,57.75857071,-78606.00952,3056.425444,754.0271133
0.58625,0.528953444,-0.039337861,-0.058452778,0.817536823,129.2329233,74.70594939,57.69000435,-78617.9512,3065.643472,756.3012218
0.5865,0.590777778,0.025947084,-0.000338415,0.81801161,129.2532909,74.76469003,57.70255692,-78607.71467,3052.605872,753.0848163
0.58675,0.63402687,0.033154827,0.033971019,0.849184845,129.2736586,74.7808293,57.70441951,-78593.67754,3036.215967,749.0413893
0.587,0.611319557,0.007087999,-0.048934465,0.896755075,129.2940263,74.74234282,57.66769685,-78621.28423,3061.211678,755.2078883
0.58725,0.623995351,-0.025274973,-0.014662005,0.910795151,129.314394,74.73061036,57.68160892,-78613.58118,3051.073038,752.7066627
0.5875,0.689640168,0.035013912,0.044427172,0.919197451,129.3347617,74.74411202,57.7119907,-78606.13512,3041.699955,750.3943016
0.58775,0.680260714,-0.038089628,-0.007269044,0.994823748,129.3551293,74.71373083,57.67950595,-78616.39281,3049.53747,752.3278345
0.588,0.611089311,-0.046943733,-0.028845857,0.918069736,129.375497,74.6994729,57.65413129,-78611.17345,3042.061359,750.4834609
0.58825,0.714492738,0.021066269,1.10E-05,0.995875381,129.3958647,74.72091511,57.67672925,-78630.35625,3058.501653,754.5393188
0.5885,0.712321413,0.012301091,0.023913518,0.981870017,129.4162324,74.70935708,57.69899355,-78609.49973,3035.757146,748.9281973
0.58875,0.684521096,-0.018777165,0.019151985,0.968908209,129.4366,74.67561626,57.68121652,-78627.38883,3051.718366,752.8658664
0.589,0.675822174,0.004561582,-0.005133,0.956234656,129.4569677,74.6936477,57.65538005,-78623.68062,3046.114785,751.4834502
0.58925,0.688963318,0.0392662,-0.001668929,0.949081097,129.4773354,74.70673764,57.66458712,-78607.09439,3028.233457,747.0720859
0.5895,0.699346213,0.002627118,0.023390721,0.970960581,129.4977031,74.63217232,57.68901184,-78647.86822,3067.010352,756.6384342
0.58975,0.659596999,-0.010257148,-0.016242924,0.951577642,129.5180708,74.56328416,57.72068651,-78630.65973,3048.032008,751.9564335
0.59,0.668637943,-0.007964962,0.021610689,0.936648534,129.5384384,74.56014348,57.74999691,-78612.39508,3028.605854,747.1639572
0.59025,0.689513575,0.06876519,0.062956771,0.882006645,129.5588061,74.56554212,57.73619018,-78638.44189,3053.257868,753.2456652
0.5905,0.632923723,-0.081492207,-0.036518793,0.980084696,129.5791738,74.51087524,57.66739582,-78656.22183,3069.107851,757.155892
0.59075,0.657704537,-0.009014822,-0.017354263,0.948835409,129.5995415,74.56596417,57.66759519,-78636.79328,3047.907407,751.9256942
0.591,0.699644383,0.046219433,0.061378333,0.913552138,129.6199092,74.5992156,57.69943778,-78623.22467,3032.45305,748.1130691
0.59125,0.647359383,-0.037358624,2.57E-05,0.943014985,129.6402768,74.54431406,57.6662381,-78626.38666,3034.213245,748.5473134
0.5915,0.663758386,-0.012906094,-0.042720264,0.978711288,129.6606445,74.53064937,57.65015633,-78648.30767,3054.266925,753.4946018
0.59175,0.720066616,0.023367886,0.045186603,0.970220701,129.6810122,74.54714238,57.67356653,-78648.74167,3053.090732,753.2044322
0.592,0.693633389,-0.015951459,0.01185078,0.98443443,129.7013799,74.53954243,57.64900742,-78637.01396,3039.725329,749.9071571
0.59225,0.715680215,0.008010676,-0.06770192,1.058402638,129.7217476,74.55300898,57.61204774,-78647.89872,3048.818788,752.1505339
0.5925,0.758216062,0.017607999,0.02480078,1.04232913,129.7421152,74.57779464,57.64061775,-78638.63689,3038.009935,749.4839653
0.59275,0.759449647,0.026037435,-0.011062379,1.064405304,129.7624829,74.53565064,57.65783793,-78641.49344,3039.197898,749.7770385
0.593,0.738538473,-0.025854146,0.018605537,1.050988189,129.7828506,74.47298242,57.67469449,-78643.13266,3039.488998,749.8488537
0.59325,0.739019121,-0.00330946,0.0019268,1.046128209,129.8032183,74.45496014,57.68458762,-78635.30212,3030.475164,747.6251203
0.5935,0.73970879,-0.020240341,-0.017746053,1.072970989,129.8235859,74.45033582,57.67376092,-78645.16646,3038.813659,749.682246
0.59375,0.737018227,-0.010718776,0.008637713,1.044041892,129.8439536,74.44859343,57.67379628,-78643.9072,3036.424926,749.09294
0.594,0.800338204,-0.028135464,0.030540485,1.13243102,129.8643213,74.47463073,57.65320387,-78653.26185,3044.809264,751.1613754
0.59425,0.696779078,0.02845844,-0.022549547,0.983202909,129.884689,74.50316819,57.60469626,-78641.99211,3032.748973,748.1860741
0.5945,0.7536646,-0.043547837,-0.042107704,1.126411694,129.9050567,74.48923584,57.59081846,-78643.78393,3033.498436,748.3709684
0.59475,0.791568609,0.014637418,0.027041401,1.09008155,129.9254243,74.49827178,57.61672961,-78654.5026,3042.978437,750.7097061
0.595,0.778718986,0.021031359,0.001567358,1.085557019,129.945792,74.4828677,57.61650422,-78644.73945,3032.624535,748.1553748
0.59525,0.776358593,-0.041007503,-0.012447451,1.136273728,129.9661597,74.43632536,57.59890715,-78659.73731,3046.534625,751.5870259
0.5955,0.799113687,0.020560539,0.00409788,1.112863943,129.9865274,74.44257816,57.61179398,-78660.62477,3046.517264,751.5827428
0.59575,0.821360073,0.032756834,0.03333273,1.114846399,130.0068951,74.45352426,57.61433786,-78660.35,3045.384913,751.3033891
0.596,0.798783452,-0.028386038,-0.022859926,1.165906404,130.0272627,74.43302914,57.58812837,-78661.13114,3044.814748,751.1627283
0.59625,0.768770582,-0.007234106,-0.009092745,1.098752968,130.0476304,74.424571,57.58077009,-78659.57175,3042.081489,750.4884271
0.5965,0.789817066,0.003106711,-0.004474166,1.117975498,130.0679981,74.43914557,57.57931954,-78650.98895,3032.218222,748.0551366
0.59675,0.771937067,-0.018043577,-0.024040273,1.121465694,130.0883658,74.44264466,57.57317181,-78645.70959,3025.457479,746.3872459
0.597,0.832372251,0.029082871,-0.016483797,1.169575453,130.1087335,74.43657417,57.5802495,-78654.71398,3033.44708,748.3582987
0.59725,0.816698092,-0.008255463,-0.003556686,1.163352202,130.1291011,74.37550565,57.5961102,-78663.36473,3040.698633,750.1472733
0.5975,0.792252513,-0.033558177,0.020831447,1.131376148,130.1494688,74.32536692,57.61374514,-78674.72977,3050.77496,752.633126
0.59775,0.841018537,0.015386165,0.028505164,1.158455395,130.1698365,74.33940105,57.62881151,-78664.60129,3039.601366,749.876575
0.598,0.84237276,0.014737067,-0.003350626,1.183450907,130.1902042,74.33304145,57.59981278,-78672.66128,3046.42948,751.5610864
0.59825,0.815090772,-0.020818283,-0.032234392,1.190308452,130.2105719,74.30043344,57.60030152,-78672.62305,3044.987464,751.2053377
0.5985,0.851481428,0.031631784,0.061970531,1.138596212,130.2309395,74.30047941,57.63159657,-78684.60311,3055.665395,753.8396075
0.59875,0.791647299,-0.050665667,0.017063249,1.146324032,130.2513072,74.28017909,57.60082271,-78681.86325,3051.319504,752.7674664
0.599,0.813996986,-0.050859014,-0.046972553,1.220352224,130.2716749,74.31662805,57.56827867,-78646.97117,3015.401242,743.9063493
0.59925,0.836110595,0.089158625,0.005547335,1.120162231,130.2920426,74.34322793,57.56660114,-78674.41322,3041.528453,750.3519918
0.5995,0.809800356,-0.070004362,-0.060877004,1.237828226,130.3124102,74.27884546,57.55616569,-78658.10316,3023.934384,746.0114949
0.59975,0.878490586,0.033151696,0.02591226,1.200641516,130.3327779,74.29245645,57.59481174,-78665.32428,3029.972541,747.501122
0.6,0.830008766,0.051337472,0.027500929,1.118443557,130.3531456,74.27448062,57.58827865,-78675.52394,3038.749859,749.6665063
0.60025,0.833945705,-0.025372223,-0.009923382,1.204483709,130.3735133,74.23379924,57.57013991,-78691.40172,3053.490304,753.3030075
0.6005,0.880815904,0.032424962,0.047969956,1.188966447,130.393881,74.25889379,57.58349413,-78695.29205,3056.782629,754.1152316
0.60075,0.896268271,0.061694448,0.024611882,1.207341477,130.4142486,74.25778107,57.5739725,-78691.88458,3052.381057,753.0293538
0.601,0.780772813,-0.048084099,-0.022275227,1.154363908,130.4346163,74.20053844,57.55211664,-78680.98331,3040.461007,750.0886505
0.60125,0.829793816,-0.052182115,0.002873153,1.21025221,130.454984,74.21771229,57.56175219,-78660.87736,3019.341449,744.8784073
0.6015,0.880682956,0.085690674,0.023724427,1.170568436,130.4753517,74.28300245,57.55134784,-78677.18609,3034.700626,748.6675514
0.60175,0.840047026,0.036437528,-0.03934377,1.193674663,130.4957194,74.24015608,57.5227878,-78685.13832,3041.877464,750.4380937
0.602,0.86811645,-0.04335834,-0.025475864,1.276563081,130.516087,74.17182635,57.55182306,-78692.80054,3048.906871,752.1722642
0.60225,0.852079483,0.035259372,0.079552071,1.125146897,130.5364547,74.18027509,57.60266155,-78677.2094,3032.840639,748.2086884
0.6025,0.877144957,0.052003836,0.010790539,1.197132567,130.5568224,74.17084969,57.57145849,-78688.07486,3043.214306,750.7678955
0.60275,0.811786283,-0.028893123,-0.07411865,1.222135329,130.5771901,74.12109343,57.54020336,-78688.78047,3043.303497,750.7898991
0.603,0.898259834,0.027398735,0.014088153,1.241102649,130.5975578,74.13779515,57.59520317,-78668.47152,3022.181873,745.5791464
0.60325,0.89468566,0.008493285,0.043098781,1.2295262,130.6179254,74.11873186,57.59655736,-78678.42536,3031.421001,747.8584604
0.6035,0.874310127,-0.059799514,-0.072850763,1.330355181,130.6382931,74.07558183,57.55796322,-78682.79603,3035.45755,748.8542862
0.60375,0.919960364,0.035115469,-0.000374287,1.277194535,130.6586608,74.10728433,57.57729937,-78692.39774,3044.192454,751.0092069
0.604,0.905099743,0.054010113,0.011910891,1.2344684,130.6790285,74.09886768,57.57878315,-78687.16811,3038.067656,749.4982052
0.60425,0.872085449,-0.022782055,-0.064075892,1.295720297,130.6993961,74.04014675,57.56772161,-78683.82635,3033.850018,748.4577045
0.6045,0.896290086,-0.023309581,0.041584764,1.257138023,130.7197638,74.01145036,57.60530441,-78697.24301,3046.284948,751.5254298
0.60475,0.86935448,-0.003108247,0.008675549,1.225601195,130.7401315,73.98947358,57.60694269,-78699.17194,3046.737885,751.6371704
0.605,0.929633249,0.003633762,0.020330929,1.297915465,130.7604992,73.9982895,57.59014821,-78718.35567,3064.656062,756.0576256
0.60525,0.897990869,0.007397958,-0.021028234,1.280062457,130.7808669,74.01669063,57.56027243,-78695.75567,3040.839923,750.1821298
0.6055,0.911195521,0.013989734,0.017186284,1.266586341,130.8012345,74.00370615,57.55982928,-78704.16867,3047.66855,751.8667676
0.60575,0.854515864,-0.003728474,-0.039905159,1.240113327,130.8216022,73.95663309,57.55771811,-78704.33128,3045.809561,751.4081508
0.606,0.902819419,-0.014691681,0.00627747,1.282986278,130.8419699,73.91914811,57.59758715,-78708.11168,3047.844398,751.9101498
0.60625,0.888589713,0.01818034,0.031025382,1.221963196,130.8623376,73.88450351,57.62125678,-78721.9216,3059.513846,754.7890292
0.6065,0.90396361,-0.011736137,0.007065029,1.281907397,130.8827053,73.87259539,57.59402979,-78733.91683,3069.567988,757.2694088
0.60675,0.869332015,0.025095603,0.038136815,1.184816717,130.9030729,73.90567255,57.57268788,-78727.28233,3061.031873,755.1635299
0.607,0.872489131,-0.009570987,-0.064506598,1.288025221,130.9234406,73.90267961,57.54577907,-78710.28454,3042.186269,750.5142764
0.60725,0.879309074,0.018167102,0.020479689,1.216206708,130.9438083,73.87407086,57.5736203,-78723.40744,3053.188177,753.2284722
0.6075,0.865353927,-0.005727569,-0.009499624,1.234571155,130.964176,73.81016624,57.61234789,-78713.71658,3041.392419,750.3184319
0.60775,0.822539419,-0.033674064,-0.045337915,1.219200001,130.9845437,73.74075196,57.63705698,-78701.80221,3027.904265,746.9908736
0.608,0.833156459,-0.034258091,0.010912237,1.196049296,131.0049113,73.72300201,57.65046465,-78706.33954,3030.424164,747.6125384
0.60825,0.87817068,0.00634877,0.031193956,1.215755031,131.025279,73.74775018,57.6343007,-78722.47857,3044.561008,751.1001299
0.6085,0.879826749,0.026321195,-0.009720054,1.233314323,131.0456467,73.76664891,57.58869478,-78736.15697,3056.566205,754.0618395
0.60875,0.819336447,-0.014409348,-0.015745165,1.18004031,131.0660144,73.75142817,57.57046135,-78728.69702,3047.391787,751.7984895
0.609,0.818588588,0.021958786,-0.034908771,1.168892939,131.086382,73.72871946,57.57677372,-78740.36099,3057.073733,754.1870477
0.60925,0.855335716,-0.021126239,-0.00050832,1.225185566,131.1067497,73.68606346,57.6161722,-78718.66501,3033.568595,748.3882767
0.6095,0.859657365,0.022517535,0.031626263,1.177506505,131.1271174,73.65586129,57.63360613,-78740.71018,3053.480463,753.3005799
0.60975,0.79331505,-0.031935598,-0.033935184,1.168497146,131.1474851,73.60973432,57.62609976,-78732.61202,3043.297344,750.7883812
0.61,0.839500435,-0.031173422,-0.005717982,1.213719538,131.1678528,73.61549683,57.63342465,-78730.31516,3038.878118,749.698148
0.61025,0.887121467,0.026337783,0.027845747,1.21626707,131.1882204,73.6486339,57.63009279,-78742.10172,3049.007289,752.1970377
0.6105,0.843239618,0.054205,-0.004925867,1.159938265,131.2085881,73.62305813,57.62362,-78734.84658,3040.164013,750.0153812
0.61075,0.837493963,-0.033705461,-0.012422105,1.21729156,131.2289558,73.56696126,57.63359684,-78728.77293,3032.44705,748.1115889
0.611,0.863324129,-0.012077931,0.016868554,1.218053244,131.2493235,73.54793733,57.64609908,-78749.64029,3051.587191,752.8335054
0.61125,0.854716863,-0.025146404,-0.035686654,1.251834209,131.2696912,73.559501,57.63032088,-78734.44381,3034.572888,748.6360381
0.6115,0.910805028,0.015134011,0.028955491,1.257010823,131.2900588,73.60242092,57.61832144,-78740.57408,3038.805254,749.6801725
0.61175,0.866165527,-0.000366208,-0.057288255,1.267629384,131.3104265,73.58642343,57.5870599,-78739.54903,3035.984784,748.9843561
0.612,0.875703635,-0.049991328,0.009857835,1.268929484,131.3307942,73.54902475,57.60890321,-78738.08659,3033.259535,748.312031
0.61225,0.926624918,0.025509542,-0.008610502,1.299168345,131.3511619,73.53873979,57.61485628,-78755.32965,3048.826611,752.152464
0.6125,0.852521636,-0.019367107,-0.034213323,1.243667672,131.3715296,73.50349438,57.6103633,-78753.94183,3045.536756,751.3408491
0.61275,0.915011419,-0.016109216,0.039356012,1.2793883,131.3918972,73.49490907,57.62615992,-78766.90848,3057.084162,754.1896205
0.613,0.921698146,0.048073416,0.01015546,1.263157951,131.4122649,73.51091996,57.60934628,-78767.58366,3056.06091,753.9371821
0.61325,0.904631403,-0.027057543,-0.038142281,1.325514761,131.4326326,73.50034325,57.59145383,-78758.10641,3045.005879,751.2098807
0.6135,0.879593168,0.027600455,0.006300029,1.220240221,131.4530003,73.52088938,57.58892174,-78764.43413,3049.84462,752.403609
0.61375,0.899386805,0.022667042,0.033133755,1.23253456,131.4733679,73.5037576,57.59661744,-78766.67793,3050.540426,752.5752659
0.614,0.906806884,-0.043929178,-0.006057912,1.31858084,131.4937356,73.45534302,57.59773553,-78759.23202,3041.748037,750.4061636
0.61425,0.914811715,-0.019951454,0.008592381,1.302240536,131.5141033,73.4558744,57.59506401,-78766.30936,3047.367694,751.7925459
0.6145,0.922712318,0.030651388,0.011049518,1.275651206,131.534471,73.47385701,57.58444437,-78762.62317,3042.567081,750.6082237
0.61475,0.898773533,-0.012137887,-0.050285629,1.316027415,131.5548387,73.46826436,57.5562405,-78747.71941,3026.144974,746.5568525
0.615,0.924830534,0.010364154,0.010151313,1.293401284,131.5752063,73.45821502,57.55640598,-78781.70958,3058.254997,754.4784684
0.61525,0.930443292,0.003397879,0.005798036,1.309346328,131.595574,73.44902205,57.56287846,-78780.79653,3055.885782,753.8939775
0.6155,0.892141115,0.001277285,0.024266789,1.243934373,131.6159417,73.45633246,57.55685622,-78761.9118,3035.654343,748.9028356
0.61575,0.900618632,0.017978773,-0.055848584,1.303584724,131.6363094,73.45731256,57.52984423,-78761.87954,3034.527689,748.6248874
0.616,0.911165005,0.031918382,-0.001567061,1.267783785,131.6566771,73.43536513,57.55880922,-78759.95227,3031.338932,747.8382137
0.61625,0.902523613,-0.027445259,0.002978885,1.294197995,131.6770447,73.35815431,57.60200135,-78754.34949,3024.329273,746.1089148
0.6165,0.89541278,-0.024570238,0.019789377,1.270847305,131.6974124,73.29518675,57.62370465,-78786.46888,3055.197344,753.7241384
0.61675,0.894601568,-0.037526475,0.002296483,1.290990674,131.7177801,73.29559997,57.61778079,-78769.83396,3037.416795,749.3376364
0.617,0.958353337,0.060198501,0.006032356,1.310164619,131.7381478,73.34191995,57.589556,-78786.07852,3052.523815,753.0645725
0.61725,0.916572158,-0.016017379,-0.049504391,1.343185959,131.7585155,73.3065127,57.56775726,-78783.42071,3048.712504,752.1243134
0.6175,0.940269385,-0.017249737,-0.007168933,1.347064905,131.7788831,73.26119059,57.61935485,-78775.5602,3039.06855,749.7451281
0.61775,0.943886915,0.006325114,0.031896146,1.308206088,131.7992508,73.24371553,57.65525352,-78771.37085,3033.728817,748.4278038
0.618,0.91155691,0.008074171,0.011989737,1.274957839,131.8196185,73.25505844,57.61978446,-78772.75482,3033.557512,748.3855425
0.61825,0.902319131,0.003089158,-0.032277273,1.297434301,131.8399862,73.26198206,57.57893157,-78785.67739,3045.200281,751.25784
0.6185,0.920831355,0.006364708,-0.011018884,1.30571678,131.8603538,73.26667415,57.58225473,-78771.74021,3030.321252,747.5871498
0.61875,0.96189741,-0.020440492,0.032337008,1.353460661,131.8807215,73.25528735,57.59407605,-78782.51035,3039.416253,749.8309072
0.619,0.899442204,0.010366091,-0.015726495,1.276193913,131.9010892,73.24008999,57.56778057,-78782.94475,3038.980699,749.7234551
0.61925,0.898385458,0.027048756,-0.004622434,1.255250558,131.9214569,73.23191897,57.55776227,-78805.73501,3060.30421,754.9840138
0.6195,0.949800651,0.008663442,0.023837227,1.320370308,131.9418246,73.23495404,57.5692911,-78791.85933,3045.337012,751.291572
0.61975,0.934461602,0.007774801,0.00409827,1.313140462,131.9621922,73.22724211,57.5586982,-78803.08783,3054.896614,753.6499475
0.62,0.95255568,-0.004089841,0.012553489,1.341287356,131.9825599,73.20823989,57.5582201,-78805.35079,3055.743014,753.8587563
0.62025,0.932503362,-0.004142952,0.035497469,1.297496533,132.0029276,73.17538029,57.57479208,-78799.25642,3048.541015,752.0820069
0.6205,0.928372705,-0.006687526,0.020131687,1.303824626,132.0232953,73.13968227,57.58840694,-78801.64982,3049.847797,752.4043929
0.62075,0.917442217,-0.041869843,0.029329804,1.309233622,132.043663,73.12626191,57.58437766,-78802.65101,3049.234825,752.2531713
0.621,0.929157079,-0.019840575,0.016923076,1.316859519,132.0640306,73.16785788,57.55673534,-78791.04344,3036.515939,749.1153932
0.62125,0.917698103,0.023129119,-0.064430248,1.331351347,132.0843983,73.21663715,57.515369,-78784.4526,3028.736858,747.1962762
0.6215,0.978610129,0.043003512,-0.04424248,1.388956106,132.104766,73.19174197,57.53466946,-78787.09195,3030.563682,747.6469578
0.62175,0.922897646,-0.034381498,0.020682692,1.316589249,132.1251337,73.11247074,57.57809639,-78777.89495,3020.765632,745.2297567
0.622,0.93803957,-0.009293205,0.037558776,1.307860908,132.1455014,73.08244319,57.58192648,-78811.52062,3053.511681,753.3082813
0.62225,0.957231526,-0.030003895,-0.021715531,1.390338021,132.165869,73.08448028,57.56709955,-78788.22273,3029.663833,747.424963
0.6225,0.954044509,0.041393356,0.00779063,1.315088466,132.1862367,73.1166998,57.56488589,-78795.72747,3036.293661,749.0605566
0.62275,0.931400386,-0.004972592,-0.021295062,1.335922676,132.2066044,73.1071669,57.54453085,-78790.99649,3030.885651,747.7263883
0.623,0.942412356,-0.000225301,0.013269192,1.323652096,132.2269721,73.08753067,57.54298878,-78801.74006,3041.348239,750.3075327
0.62325,0.932958392,-0.008913194,-0.021789075,1.341204906,132.2473398,73.07405321,57.5460112,-78790.27923,3029.335615,747.3439909
0.6235,0.888683699,-0.013017584,0.04643125,1.235309093,132.2677074,73.04862679,57.56680319,-78784.65731,3023.244324,745.8412554
0.62375,0.946143085,0.043352868,-0.013806713,1.319015166,132.2880751,73.03396918,57.56657242,-78805.27979,3043.393701,750.8121526
0.624,0.934967924,-0.036288489,-0.019925842,1.362141277,132.3084428,72.98722941,57.58145076,-78799.80262,3037.319774,749.313701
0.62425,0.953022961,-0.028705178,0.030023888,1.348764817,132.3288105,72.97012132,57.61093309,-78786.24371,3023.573258,745.9224043
0.6245,0.987921189,0.003359324,0.049835458,1.360708248,132.3491781,72.98406037,57.59641133,-78796.46939,3033.207598,748.299218
0.62475,0.941801896,-0.057608835,-0.035962072,1.398324988,132.3695458,72.99992106,57.5301591,-78790.88632,3027.46795,746.8832336
0.625,0.981258888,0.043858851,-0.025132963,1.377063274,132.3899135,73.04048704,57.51306818,-78799.8205,3035.940618,748.9734602
0.62525,0.992845211,0.019924723,-0.03195709,1.414031738,132.4102812,73.01680921,57.54189752,-78790.98047,3026.63366,746.6774123
0.6255,0.948702855,0.000929101,0.041567045,1.312563106,132.4306489,72.95692423,57.57379635,-78793.88176,3029.549817,747.3968349
0.62575,0.932434565,-0.027087051,-0.050065651,1.37350516,132.4510165,72.88950603,57.58127813,-78796.844,3031.857313,747.9660996
0.626,0.94636657,-0.008147604,0.050172224,1.310596359,132.4713842,72.86174271,57.61218208,-78808.18919,3043.144353,750.7506381
0.62625,0.931196299,0.009934527,0.011880638,1.301486967,132.4917519,72.87530483,57.59530771,-78801.08149,3035.877548,748.9579007
0.6265,0.938271086,0.026031414,0.000661251,1.308410129,132.5121196,72.88904609,57.58432641,-78799.77091,3033.923969,748.4759482
0.62675,0.933838838,0.020012424,-0.020949297,1.322262062,132.5324873,72.86694351,57.58353145,-78802.03181,3035.880309,748.9585817
0.627,0.877841971,-0.055622976,-0.010663789,1.289504022,132.5528549,72.80860931,57.59451934,-78786.83316,3020.573171,745.182276
0.62725,0.924464308,0.019484685,0.031292213,1.271567507,132.5732226,72.79639579,57.63002447,-78801.05587,3034.207608,748.5459228
0.6275,0.920320985,-0.006465196,0.017171011,1.294284038,132.5935903,72.78159696,57.61968089,-78800.31396,3032.912361,748.2263823
0.62775,0.837422827,-0.02063147,-0.034604312,1.223472005,132.613958,72.77883606,57.57541858,-78802.44134,3034.687405,748.6642898
0.628,0.871120066,-0.000592762,-0.007011778,1.23735201,132.6343257,72.79782666,57.57041023,-78801.65391,3033.2583,748.3117261
0.62825,0.919266007,0.077862798,-0.007024843,1.25426473,132.6546933,72.77686887,57.59022122,-78823.14062,3054.07513,753.4472856
0.6285,0.881085304,-0.007045498,-0.006159618,1.255380682,132.675061,72.68730795,57.61921119,-78828.25773,3057.979907,754.4106028
0.62875,0.848913208,-0.012396657,0.00515722,1.205855294,132.6954287,72.63573047,57.65530276,-78812.46312,3041.457417,750.334467
0.629,0.864822607,-0.024376485,0.044644866,1.211664351,132.7157964,72.63346122,57.66314563,-78800.03006,3028.135204,747.0478468
0.62925,0.892317428,-0.038958867,-0.019168248,1.303254903,132.736164,72.66493583,57.61760931,-78801.55293,3028.632906,747.1706309
0.6295,0.900119354,-0.005872996,0.028691872,1.257538359,132.7565317,72.71259204,57.5835602,-78810.17792,3036.238873,749.0470402
0.62975,0.87059216,0.000874164,-0.050883753,1.268150674,132.7768994,72.72057519,57.5528759,-78798.21159,3023.156939,745.8196973
0.63,0.859681941,0.027316976,-0.044640393,1.23118162,132.7972671,72.68349425,57.58199169,-78800.59965,3024.360536,746.1166276
0.63025,0.876845764,-0.001259224,0.01366284,1.231412116,132.8176348,72.62707293,57.63037416,-78807.28611,3030.246682,747.5687532
0.6305,0.906741144,-0.001692327,0.0545217,1.246871833,132.8380024,72.61104966,57.63862417,-78811.59516,3034.127319,748.5261151
0.63075,0.907548046,0.00041627,-0.004840674,1.28661139,132.8583701,72.63078054,57.58921352,-78825.06244,3046.929154,751.6843571
0.631,0.885835331,0.002785118,-0.004574897,1.2540583,132.8787378,72.65797398,57.55603215,-78820.95304,3042.209691,750.5200548
0.63125,0.891563559,0.054258733,0.021325407,1.208088745,132.8991055,72.67164484,57.56267561,-78826.18791,3046.825087,751.6586835
0.6315,0.868891096,0.011000827,-0.026748519,1.240794522,132.9194732,72.61082229,57.56851606,-78809.92844,3030.408028,747.6085575
0.63175,0.84757856,-0.013815711,-0.031002414,1.230528343,132.9398408,72.5463758,57.60838989,-78809.33093,3028.820179,747.2168316
0.632,0.950724349,0.001721986,0.083814528,1.28797411,132.9602085,72.52474428,57.66278989,-78820.72589,3039.8177,749.9299451
0.63225,0.882375179,-0.054595934,0.002317449,1.286722817,132.9805762,72.51682158,57.617516,-78815.5599,3034.021979,748.5001277
0.6325,0.889551827,0.014935174,-0.045171195,1.281512463,133.0009439,72.58479016,57.56753628,-78812.95508,3031.0925,747.7774183
0.63275,0.930828401,0.016034881,0.0178918,1.292402364,133.0213116,72.63077731,57.55540639,-78810.26606,3027.917378,746.9941086
0.633,0.943415953,0.042077742,-0.009246005,1.312482191,133.0416792,72.60252409,57.54197036,-78841.9535,3059.120286,754.691937
0.63325,0.904918234,-0.036698496,-0.0075503,1.311522211,133.0620469,72.5037383,57.58432497,-78835.44997,3051.996785,752.9345531
0.6335,0.896064229,-0.016758179,0.028794892,1.259950766,133.0824146,72.44852115,57.65637158,-78801.7042,3018.418666,744.6507546
0.63375,0.901513265,-0.007359459,0.062945842,1.238623343,133.1027823,72.43051267,57.66733968,-78826.88387,3042.759078,750.6555897
0.634,0.901961685,-0.009262736,0.042523689,1.253652842,133.1231499,72.44544374,57.63149334,-78828.84179,3044.323334,751.0414954
0.63425,0.890290523,0.01205192,-0.062460122,1.297917131,133.1435176,72.47891082,57.56858016,-78825.21828,3040.386649,750.0703061
0.6345,0.880252955,0.020766066,-0.025061386,1.24916449,133.1638853,72.50726048,57.55747514,-78818.02186,3032.541418,748.1348699
0.63475,0.891010883,0.069859299,-0.001318059,1.214745685,133.184253,72.48271785,57.57858729,-78829.17929,3043.049272,750.7271814
0.635,0.851621708,-0.0294,-0.013462821,1.234837837,133.2046207,72.39264566,57.59994651,-78822.20824,3035.525664,748.8710901
0.63525,0.895484585,-0.028686949,-0.014461676,1.297034148,133.2249883,72.36120161,57.63618192,-78815.68002,3028.359251,747.1031196
0.6355,0.930072473,0.014150131,0.058605699,1.265047182,133.245356,72.36812785,57.65494215,-78828.94937,3040.562595,750.1137123
0.63575,0.85711312,-0.033994271,-0.033377454,1.259780229,133.2657237,72.3547368,57.60877667,-78811.92045,3023.087822,745.8026462
0.636,0.922616768,0.023584843,-0.032315419,1.312737111,133.2860914,72.3545591,57.60008176,-78850.10472,3060.068649,754.9259003
0.63625,0.904832961,0.040802428,0.012220417,1.242627397,133.3064591,72.33794161,57.63330469,-78830.47626,3039.831024,749.9332322
0.6365,0.871607503,0.021311634,0.01340171,1.208131953,133.3268267,72.29572516,57.64122806,-78828.45981,3037.022982,749.2404818
0.63675,0.851250329,-0.055899,-0.011019083,1.252374804,133.3471944,72.27320055,57.62647227,-78823.45545,3031.00268,747.7552597
0.637,0.901718016,0.043366898,0.026627732,1.225899608,133.3675621,72.31336746,57.62334226,-78846.04284,3052.582745,753.0791109
0.63725,0.854002941,0.020120273,-0.025893979,1.213134867,133.3879298,72.30051633,57.59944732,-78824.48728,3030.424047,747.6125096
0.6375,0.838946821,0.002034323,-0.039520663,1.21402408,133.4082975,72.24756824,57.59420451,-78857.15584,3061.60975,755.3060935
0.63775,0.841416516,0.012803355,-0.013761846,1.191064864,133.4286651,72.20911508,57.63565945,-78840.93431,3044.392934,751.0586657
0.638,0.830615981,0.003306631,0.058923166,1.132715216,133.4490328,72.17488472,57.67098033,-78838.88032,3041.081566,750.2417437
0.63825,0.831033407,-0.044180684,-0.011188842,1.215082912,133.4694005,72.1412208,57.65412177,-78841.72331,3042.308428,750.5444133
0.6385,0.814616926,-0.001232492,0.000378621,1.152647771,133.4897682,72.14929719,57.64282259,-78845.8546,3044.886344,751.1803911
0.63875,0.822598998,0.017368124,-0.004744821,1.154722277,133.5101358,72.17296176,57.64072331,-78829.24754,3026.86556,746.7346228
0.639,0.869715114,0.029684886,0.008390402,1.203322275,133.5305035,72.16099661,57.63062956,-78861.39594,3057.371653,754.2605452
0.63925,0.826625388,-0.027968823,-0.046369761,1.221798016,133.5508712,72.1161248,57.6316703,-78846.72698,3041.24596,750.2823
0.6395,0.919425312,0.062457592,0.038108872,1.229514214,133.5712389,72.1102929,57.67607669,-78856.94954,3050.319022,752.5206452
0.63975,0.839153303,-0.02277941,0.04859582,1.171752345,133.5916066,72.05464005,57.68640698,-78846.5394,3038.352087,749.5683751
0.64,0.866618316,-0.060487771,0.004514326,1.267664885,133.6119742,72.04667343,57.6613447,-78859.28553,3049.443633,752.3046848
0.64025,0.911803829,0.045989755,0.00944435,1.251088409,133.6323419,72.11736624,57.64158141,-78860.55007,3049.213342,752.2478713
0.6405,0.89403553,0.032765933,-0.008632195,1.248322132,133.6527096,72.14495504,57.61152315,-78839.94342,3027.560457,746.9060553
0.64075,0.908616806,-0.008559542,-0.037033478,1.317678899,133.6730773,72.13953415,57.58378406,-78854.65138,3040.791479,750.1701785
0.641,0.900492949,0.021660238,-0.019335365,1.272836086,133.693445,72.13327187,57.59762426,-78847.79933,3032.963208,748.2389263
0.64125,0.906900278,0.00785783,0.027106308,1.258048193,133.7138126,72.09464884,57.6196036,-78858.02005,3041.997462,750.4676975
0.6415,0.872031121,-0.051485046,0.016670047,1.26062278,133.7341803,72.05175711,57.61403872,-78862.73134,3045.491674,751.3297274
0.64175,0.913965043,-0.015968448,0.016790478,1.292583322,133.754548,72.08245472,57.6078486,-78841.73577,3023.8663,745.9946983
0.642,0.957543915,0.024849211,0.000954554,1.336246074,133.7749157,72.09843352,57.59552091,-78868.60943,3049.674601,752.3616651
0.64225,0.932477766,-0.015613181,0.011916237,1.321766939,133.7952834,72.07875898,57.5896677,-78871.5748,3051.628652,752.8437339
0.6425,0.891148296,-0.031616894,0.020221334,1.269919907,133.815651,72.07553893,57.58059278,-78845.39689,3024.656061,746.1895342
0.64275,0.886604051,0.034209572,0.008500289,1.224052096,133.8360187,72.08000886,57.56091977,-78871.81393,3049.998577,752.4415906
0.643,0.911717363,0.017112364,-0.037965436,1.305851862,133.8563864,72.05627215,57.5716314,-78861.9419,3039.228174,749.7845077
0.64325,0.970107103,0.02284675,0.030265993,1.334413179,133.8767541,72.01880519,57.62683986,-78868.27767,3044.348906,751.047804
0.6435,0.90988889,-0.013158812,0.004894322,1.292810173,133.8971217,71.94997311,57.64833988,-78848.73351,3024.16586,746.0686006
0.64375,0.880786967,-0.087206223,-0.014103829,1.320297055,133.9174894,71.90083247,57.64817984,-78853.63472,3028.23935,747.0735398
0.644,0.9434987,0.04007261,0.063204477,1.261598867,133.9378571,71.95801423,57.65627624,-78859.13699,3032.922134,748.2287934
0.64425,0.908755274,0.044032068,-0.042392848,1.288370381,133.9582248,71.9763825,57.59676012,-78853.78295,3026.835536,746.7272158
0.6445,0.856740129,-0.028662736,-0.071328653,1.283382359,133.9785925,71.95542527,57.55935639,-78865.01209,3037.353304,749.3219731
0.64475,0.941691583,0.048483216,-0.01012921,1.306606071,133.9989601,71.97320824,57.58802193,-78871.62284,3043.298698,750.7887152
0.645,0.918028698,-0.003092291,0.029299548,1.28037206,134.0193278,71.93762286,57.61571966,-78858.48167,3029.212346,747.3135802
0.64525,0.915438129,0.003076703,-0.018763787,1.305991424,134.0396955,71.89457017,57.60091165,-78870.84852,3040.902782,750.1976373
0.6455,0.915295506,-0.017968569,-0.036553874,1.33317084,134.0600632,71.88172677,57.60527821,-78862.85531,3031.9983,748.0008812
0.64575,0.9621897,0.04790301,0.019640008,1.313437806,134.0804309,71.88936248,57.61502627,-78880.99975,3048.852574,752.158869
0.646,0.90180499,-0.016890625,-0.015580493,1.298306386,134.1007985,71.85506107,57.58654528,-78887.63766,3054.254423,753.4915176
0.64625,0.856149951,-0.010430957,-0.041914151,1.248388078,134.1211662,71.85039433,57.58238885,-78869.24623,3034.676556,748.6616131
0.6465,0.924720092,0.040053162,0.038618222,1.25212386,134.1415339,71.85346321,57.61665723,-78882.26673,3045.977697,751.4496305
0.64675,0.894271946,0.014412323,0.020976956,1.239693588,134.1619016,71.78524143,57.62738185,-78885.0629,3047.348194,751.787735
0.647,0.838855317,-0.058950409,-0.035717469,1.253583842,134.1822693,71.72323765,57.60461446,-78891.64884,3052.537037,753.0678346
0.64725,0.856228301,0.037234175,-0.037734241,1.21471835,134.2026369,71.73555979,57.62467737,-78885.02628,3043.996338,750.9608247
0.6475,0.892495812,0.034459141,0.033183801,1.214349903,134.2230046,71.70116184,57.66944171,-78892.04607,3049.048044,752.2070921
0.64775,0.834508261,-0.034720098,0.01780067,1.193870872,134.2433723,71.63790245,57.66356315,-78910.54559,3065.402884,756.2418681
0.648,0.814057954,-0.024744521,-0.049975287,1.204483137,134.26374,71.64248308,57.64591039,-78883.54177,3037.07246,749.2526881
0.64825,0.857658496,0.042615582,0.048816582,1.148285088,134.2841077,71.65035516,57.66216732,-78904.94599,3056.50471,754.0466685
0.6485,0.794820578,-0.01153262,-0.022933319,1.148502021,134.3044753,71.6061194,57.64477984,-78902.79959,3052.466092,753.0503323
0.64875,0.832342299,-0.00976084,0.01739199,1.172185556,134.324843,71.57972333,57.66038652,-78915.95653,3063.440089,755.7576422
0.649,0.803897353,0.047714499,0.006856745,1.099434216,134.3452107,71.56833387,57.67373384,-78910.5678,3055.720561,753.8532172
0.64925,0.800478113,0.011390809,-0.005996094,1.128433305,134.3655784,71.53238721,57.67286026,-78913.57788,3056.60931,754.0724736
0.6495,0.774000224,-0.015320361,-0.043153251,1.136460056,134.385946,71.48837878,57.67843713,-78906.99511,3047.794634,751.897873
0.64975,0.772186426,0.025702826,0.024643513,1.056437075,134.4063137,71.45620732,57.71240962,-78913.88025,3052.279774,753.0043671
0.65,0.765640239,-0.051556625,-0.010606221,1.127850263,134.4266814,71.42772761,57.71261748,-78906.74224,3042.798626,750.6653463
0.65025,0.802508736,0.019045994,0.017111484,1.10935407,134.4470491,71.45964681,57.69249137,-78922.16341,3055.913229,753.9007488
0.6505,0.729879085,-0.014682259,-0.019568453,1.056440762,134.4674168,71.48178136,57.64589212,-78909.24279,3040.754563,750.1610713
0.65075,0.786563599,0.032445796,-0.020070994,1.105491311,134.4877844,71.51840065,57.61965408,-78913.6237,3043.150974,750.7522715
0.651,0.754226131,0.020571118,-0.032557113,1.077079458,134.5081521,71.50933281,57.61403957,-78902.54635,3030.296347,747.5810056
0.65125,0.802427339,0.033802989,-0.020882522,1.127658204,134.5285198,71.46326022,57.64574181,-78923.66382,3049.178154,752.2391903
0.6515,0.807572702,0.022753524,0.057955602,1.085866531,134.5488875,71.39989453,57.69613973,-78937.5895,3061.336061,755.2385737
0.65175,0.783075311,-0.045243447,-0.012328714,1.148852866,134.5692552,71.34460317,57.70277866,-78925.13646,3047.111707,751.7293932
0.652,0.832988338,-0.00876181,0.016732826,1.172802775,134.5896228,71.35335474,57.71308456,-78913.70818,3034.167177,748.5359481
0.65225,0.815161228,0.017871859,-0.012491899,1.149609497,134.6099905,71.36499714,57.6925376,-78918.59464,3037.079415,749.2544041
0.6525,0.796188446,-0.012053744,-0.023808968,1.151429278,134.6303582,71.37081481,57.65809411,-78928.17398,3045.089071,751.2304044
0.65275,0.840220725,0.024780975,-0.019310901,1.185614058,134.6507259,71.40581579,57.63218,-78941.85135,3056.949673,754.1564419
0.653,0.836659332,0.038775246,-0.023996105,1.175281685,134.6710936,71.39706902,57.64753969,-78923.20572,3037.064522,749.2507299
0.65325,0.814507754,-0.018792728,0.007575291,1.160269351,134.6914612,71.3300827,57.66840985,-78923.37514,3035.972657,748.9813642
0.6535,0.766784156,-0.026061497,-0.024057623,1.119838812,134.7118289,71.29239651,57.66977896,-78927.53288,3038.556585,749.6188252
0.65375,0.809471938,-0.013742234,-0.016191585,1.165936459,134.7321966,71.30066814,57.67149833,-78930.24634,3039.876779,749.94452
0.654,0.85129318,0.010462335,0.012168406,1.187909848,134.7525643,71.3186174,57.67625138,-78934.59251,3042.487915,750.5886933
0.65425,0.907146061,0.018173937,0.04454368,1.238971214,134.7729319,71.31034947,57.67471098,-78959.39935,3065.896272,756.3635883
0.6545,0.832847614,-0.023723571,-0.034000246,1.218706287,134.7932996,71.28259012,57.66226236,-78933.53751,3039.001493,749.7285851
0.65475,0.867797621,-0.007339027,0.026570419,1.214362882,134.8136673,71.28835471,57.66988226,-78929.31881,3033.8209,748.4505209
0.655,0.870772359,0.00787344,0.017079381,1.213866135,134.834035,71.29994479,57.64851855,-78942.33437,3045.454361,751.3205223
0.65525,0.860208887,0.036558457,-0.018842782,1.205902634,134.8544027,71.29773678,57.63086434,-78942.67849,3044.860735,751.1740732
0.6555,0.84076491,0.012404693,-0.016365823,1.192342855,134.8747703,71.25580174,57.64215988,-78954.41459,3055.235761,753.7336159
0.65575,0.838874984,0.001115654,0.008786656,1.17938381,134.895138,71.21616219,57.67436988,-78937.81506,3037.857328,749.4463168
0.656,0.865418327,-0.032808341,0.014223223,1.23836837,134.9155057,71.18252858,57.68077647,-78951.85722,3050.875931,752.6580358
0.65625,0.861450172,0.007380766,0.02597776,1.194903573,134.9358734,71.19468057,57.68238422,-78953.62789,3051.454246,752.8007075
0.6565,0.849059127,0.018529534,0.005019155,1.184215103,134.9562411,71.18437594,57.68583231,-78937.90186,3034.865552,748.7082389
0.65675,0.832168507,-0.008723797,-0.004743754,1.186397,134.9766087,71.13625527,57.68294486,-78950.84401,3046.652992,751.6162273
0.657,0.859751582,-0.017781235,0.037357842,1.203925092,134.9969764,71.11944246,57.70261483,-78959.64349,3054.170857,753.4709015
0.65725,0.889531212,0.021787466,0.038893491,1.21525979,135.0173441,71.12351782,57.70242718,-78950.60966,3044.352431,751.0486736
0.6575,0.825564802,-0.059590319,-0.040471649,1.238500806,135.0377118,71.10423682,57.66860112,-78949.05489,3041.334564,750.3041589
0.65775,0.875718337,0.051438136,-0.020594698,1.219837545,135.0580795,71.12471633,57.68092446,-78941.69101,3033.051199,748.2606339
0.658,0.885811056,-0.000510472,0.013445119,1.243697285,135.0784471,71.08339968,57.69278096,-78953.75663,3043.573454,750.8564981
0.65825,0.863829486,-0.053515962,-0.019269986,1.273797525,135.0988148,71.05439674,57.66968859,-78956.01079,3044.877857,751.1782973
0.6585,0.878433537,0.040441816,-0.001637216,1.215946257,135.1191825,71.10472645,57.65249715,-78960.83119,3048.068027,751.9653195
0.65875,0.886592149,0.047790274,-0.002506817,1.223362316,135.1395502,71.11295277,57.65342044,-78963.69861,3049.655648,752.3569894
0.659,0.882499555,0.000141752,0.028398323,1.228349559,135.1599178,71.06785678,57.65996347,-78965.66415,3050.586191,752.5865563
0.65925,0.853314542,-0.029717793,-0.002655517,1.230106993,135.1802855,71.05217805,57.64933757,-78964.91866,3048.461204,752.0623171
0.6595,0.930104732,0.01062513,0.032828936,1.284927859,135.2006532,71.09829069,57.64224254,-78959.77339,3042.086547,750.4896748
0.65975,0.868400365,0.065456721,-0.019282551,1.199950081,135.2210209,71.12356099,57.59643114,-78958.55979,3039.810665,749.9282096
0.66,0.854517264,0.018514116,-0.08270592,1.259973832,135.2413886,71.0808049,57.58443029,-78969.59789,3049.784505,752.3887786
0.66025,0.87996873,0.030394393,0.003570735,1.220888819,135.2617562,71.03346048,57.66444286,-78951.49972,3030.530834,747.6388541
0.6605,0.90057067,-0.03435066,0.06445285,1.258146667,135.2821239,70.97555336,57.71739844,-78936.12848,3014.257412,743.6241639
0.66075,0.869786245,-0.043333165,0.009908048,1.255393245,135.3024916,70.97545739,57.66791492,-78955.1123,3032.541862,748.1349792
0.661,0.935257354,0.008119799,0.005579953,1.312970132,135.3228593,71.03516699,57.62702997,-78958.60652,3035.499528,748.8646422
0.66125,0.94357293,0.040289006,0.001967977,1.305377431,135.343227,71.06763287,57.61246271,-78963.62624,3039.63164,749.8840438
0.6615,0.914693114,0.028757794,-0.040873556,1.304928188,135.3635946,71.05397359,57.60576092,-78951.13165,3026.623886,746.6750012
0.66175,0.910783831,-0.036710932,0.020568805,1.301349333,135.3839623,71.01537397,57.634444,-78943.60895,3019.15417,744.8322052
0.662,0.969436043,0.013159047,-0.020421172,1.37673913,135.40433,71.01279281,57.63467322,-78950.34139,3025.439335,746.3827697
0.66225,0.966740046,-0.012501407,0.014931869,1.365871595,135.4246977,71.00064142,57.63999738,-78942.95133,3018.140876,744.5822233
0.6625,0.937559639,-0.052571163,0.022205794,1.350490007,135.4450654,70.96559395,57.64032068,-78948.4844,3023.378925,745.8744618
0.66275,0.938986902,-0.018069653,-0.009547916,1.347497003,135.465433,70.97674668,57.61675729,-78950.08437,3025.03569,746.2831896
0.663,1.00024749,0.004183265,0.001861408,1.410292204,135.4858007,71.01051063,57.5936527,-78966.38997,3041.171226,750.263863
0.66325,0.979692852,0.045138164,-0.014273009,1.365609859,135.5061684,71.03394187,57.58577369,-78961.62123,3036.360569,749.077063
0.6635,0.981545689,0.011346915,0.002719684,1.378209141,135.5265361,71.00429781,57.59364569,-78958.19715,3033.366968,748.3385348
0.66375,0.987880228,-0.035970434,0.014897346,1.413348292,135.5469037,70.96841541,57.59769736,-78958.82478,3034.296397,748.567827
0.664,1.01091643,0.035350561,0.0038756,1.402444533,135.5672714,70.97516403,57.62065212,-78936.83855,3012.728115,743.2468828
0.66425,0.979250254,0.00624085,-0.018385564,1.393782976,135.5876391,70.95821196,57.61154418,-78944.68586,3020.583777,745.1848927
0.6645,1.027501155,-0.001142133,-0.009717658,1.460822858,135.6080068,70.95542469,57.59414164,-78953.04735,3029.421309,747.3651318
0.66475,1.026898241,0.023836761,0.006384648,1.431043291,135.6283745,70.96644092,57.60480727,-78946.67922,3023.399643,745.8795731
0.665,1.023888313,-0.017952865,-0.022566636,1.476659164,135.6487421,70.9442168,57.60338632,-78938.6768,3015.880794,744.024656
0.66525,1.008755135,-0.027949213,-0.018426375,1.45943429,135.6691098,70.92339393,57.59668217,-78940.80914,3018.485549,744.667255
0.6655,1.017754698,-0.054397848,0.025710339,1.462901369,135.6894775,70.93626245,57.58875726,-78937.62154,3016.096354,744.0778351
0.66575,1.042229181,0.015900413,-0.039037481,1.49181316,135.7098452,70.98266586,57.55336648,-78941.85994,3020.746371,745.2250049
0.666,1.015378802,0.022764743,-0.015626442,1.431687245,135.7302129,70.99315517,57.5396511,-78953.62221,3032.995888,748.2469887
0.66625,1.020165195,0.019369031,0.002595493,1.427348035,135.7505805,70.95584638,57.55850662,-78950.78831,3030.673242,747.6739866
0.6665,1.061556375,-0.015872042,0.040666515,1.485350029,135.7709482,70.91648542,57.5856536,-78960.85492,3041.156885,750.2603251
0.66675,1.055099627,-0.006284795,0.026001389,1.478723257,135.7913159,70.89886709,57.59367612,-78949.79195,3031.19419,747.8025056
0.667,1.053600811,0.005337062,0.011822839,1.477904021,135.8116836,70.90124337,57.57645878,-78951.35731,3033.262208,748.3126902
0.66725,1.043098772,-0.002426064,0.006020157,1.472659355,135.8320513,70.92238721,57.56877798,-78935.21107,3017.809834,744.5005544
0.6675,1.115108269,0.051667386,-0.004344351,1.545062456,135.8524189,70.94007584,57.55504289,-78944.90424,3028.112043,747.0421328
0.66775,1.056118222,0.002178302,-0.027986859,1.51227746,135.8727866,70.89568688,57.53966383,-78952.78701,3036.634111,749.1445464
0.668,1.041232741,-0.026569459,-0.006718543,1.49626117,135.8931543,70.85628178,57.56896947,-78950.86501,3035.161295,748.7811995
0.66825,1.108081031,0.03345724,0.039923002,1.515196249,135.913522,70.86577564,57.60810985,-78939.55598,3024.313969,746.1051394
0.6685,1.062117008,-0.048785321,0.006111055,1.533709937,135.9338896,70.85298383,57.58122299,-78925.10016,3010.561361,742.7123398
0.66875,1.089641754,-0.005777824,0.006033234,1.540873446,135.9542573,70.90104873,57.52231146,-78953.67822,3039.295735,749.8011751
0.669,1.065249392,0.028300434,-0.002771371,1.488924763,135.974625,70.94995607,57.49154006,-78943.08599,3029.568798,747.4015176
0.66925,1.086595364,0.037167476,0.005382893,1.507093083,135.9949927,70.93341889,57.50696286,-78950.36853,3037.02841,749.2418208
0.6695,1.085807207,-0.04253881,-0.015541485,1.576978926,136.0153604,70.86820431,57.5341524,-78920.87454,3008.688877,742.2503937
0.66975,1.098830909,0.004183504,-0.013510898,1.560727499,136.035728,70.83371953,57.56876308,-78913.55228,3002.190565,740.6472453
0.67,1.152372833,-0.019097388,-0.015920305,1.654467113,136.0560957,70.80603658,57.57611457,-78934.07493,3023.269679,745.8475106
0.67025,1.138548967,-0.0130099,0.03008057,1.598951781,136.0764634,70.80018538,57.57470175,-78953.22429,3043.147378,750.7513842
0.6705,1.129316133,-0.00385108,0.000163228,1.599709452,136.0968311,70.81244739,57.56073815,-78940.43408,3031.107776,747.7811871
0.67075,1.10781276,-0.016904828,0.009939785,1.571952719,136.1171988,70.83071878,57.54200437,-78923.09948,3014.552817,743.6970409
0.671,1.091681722,-0.032906379,-0.030226525,1.588516191,136.1375664,70.82890101,57.51316502,-78926.17374,3018.254,744.6101312
0.67125,1.139801481,0.001655205,-0.004497195,1.613949893,136.1579341,70.83714959,57.5340194,-78936.91305,3029.463349,747.3755032
0.6715,1.200885415,0.049793129,0.033363094,1.639631595,136.1783018,70.81934516,57.55682082,-78943.71947,3037.196917,749.2833919
0.67175,1.145824077,-0.050210192,-0.017508706,1.668805119,136.1986695,70.76771606,57.54194668,-78938.10563,3032.567744,748.1413645
0.672,1.123017524,-0.021283845,0.045342563,1.573292097,136.2190372,70.79138264,57.53432824,-78933.82739,3029.010399,747.2637593
0.67225,1.168473188,0.001591316,-0.020647589,1.666168088,136.2394048,70.84085931,57.49348891,-78918.62086,3014.813802,743.7614266
0.6725,1.182286177,0.025572743,-0.036263335,1.681271121,136.2597725,70.85906225,57.46877861,-78940.71865,3037.562517,749.3735863
0.67275,1.161817485,0.039816432,-0.013647212,1.625872682,136.2801402,70.83197751,57.5038383,-78918.7943,3016.477333,744.1718235
0.673,1.145558904,-0.05284483,0.046980377,1.62880673,136.3005079,70.75849095,57.53679801,-78923.41336,3021.970076,745.5268956
0.67325,1.15878353,-0.036008273,-0.000965764,1.665465056,136.3208756,70.7580663,57.5304032,-78928.7486,3028.208852,747.0660158
0.6735,1.186435765,0.066518722,0.012434298,1.623397288,136.3412432,70.79715231,57.52073104,-78918.4581,3019.55432,744.9309232
0.67375,1.135407684,0.025419315,-0.064525892,1.637072053,136.3616109,70.76427481,57.49472662,-78916.84017,3019.219693,744.8483699
0.674,1.179470108,-0.018901772,-0.00247009,1.683255118,136.3819786,70.72705041,57.52845403,-78924.99201,3028.367123,747.1050617
0.67425,1.179871087,-0.024941606,0.032282699,1.664874576,136.4023463,70.72723039,57.55305196,-78905.125,3009.485575,742.4469409
0.6745,1.206405583,0.015231122,0.021809257,1.679942953,136.4227139,70.76732699,57.51482716,-78921.47534,3026.98937,746.765167
0.67475,1.197538937,0.067419196,-0.029573896,1.671042847,136.4430816,70.79857077,57.46294151,-78936.68269,3043.606521,750.8646559
0.675,1.239247801,0.004134188,-0.017913993,1.762511712,136.4634493,70.76636702,57.47416991,-78936.6372,3044.801441,751.1594454
0.67525,1.181113691,0.002065594,0.013697503,1.659261965,136.483817,70.72800835,57.52739094,-78904.04572,3013.743507,743.4973824
0.6755,1.224127189,3.03E-06,0.044706286,1.70044465,136.5041847,70.69786049,57.54606183,-78911.41922,3022.626658,745.6888758
0.67575,1.229135642,-0.018714367,0.022908578,1.736043158,136.5245523,70.71233241,57.51148622,-78913.33949,3025.980609,746.5163033
0.676,1.224433677,-0.018184943,-0.06042868,1.787947663,136.54492,70.73449721,57.47704948,-78896.86212,3011.023307,742.8263029
0.67625,1.233104033,0.008439322,0.0106659,1.730365164,136.5652877,70.74373122,57.48701098,-78908.60549,3024.016966,746.0318682
0.6765,1.274647658,0.026651238,-0.004280022,1.787206709,136.5856554,70.74900328,57.4920888,-78919.01011,3035.677091,748.9084474
0.67675,1.219474402,-0.016081512,0.019792924,1.72253332,136.6060231,70.71754154,57.49752257,-78906.34649,3024.608936,746.1779085
0.677,1.190648565,-0.061122282,-0.036202535,1.752916105,136.6263907,70.69435501,57.48711267,-78881.69314,3002.001219,740.6005333
0.67725,1.236876747,0.02023275,-0.001310476,1.736028319,136.6467584,70.73420314,57.48360762,-78894.96924,3016.570488,744.194805
0.6775,1.276099994,0.079254256,0.027549785,1.730315201,136.6671261,70.75161093,57.46792199,-78922.55333,3045.915996,751.4344087
0.67775,1.229200947,-0.033825081,-0.035657759,1.787485847,136.6874938,70.7068298,57.456925,-78904.99327,3030.06528,747.524001
0.678,1.267274496,0.01446315,0.044104258,1.751159701,136.7078615,70.71393212,57.49679037,-78887.22854,3014.397827,743.6588046
0.67825,1.257107424,0.015942376,0.003344666,1.764247837,136.7282291,70.69466429,57.49426922,-78888.66152,3017.513166,744.4273658
0.6785,1.240243408,-0.041166406,-0.001663044,1.784909874,136.7485968,70.67469825,57.47308881,-78898.67451,3029.468378,747.3767438
0.67875,1.277639796,0.045906908,-0.01371122,1.785583287,136.7689645,70.70981094,57.47252179,-78890.5773,3023.21161,745.833185
0.679,1.277297362,-0.001220559,0.026063691,1.789116599,136.7893322,70.7066038,57.46067284,-78885.35686,3019.876231,745.0103393
0.67925,1.250395749,-0.008712571,-0.06113608,1.81885066,136.8096998,70.69824847,57.43169361,-78891.5017,3027.548954,746.9032174
0.6795,1.271174667,0.024932872,0.018302801,1.767158874,136.8300675,70.69950583,57.46634924,-78889.4601,3026.820678,746.7235503
0.67975,1.243261415,0.001294146,-0.019936356,1.771610014,136.8504352,70.66280515,57.48283788,-78868.25213,3007.615087,741.9854871
0.68,1.247775536,-0.040780704,0.009998441,1.787469675,136.8708029,70.62778338,57.48299102,-78887.81075,3028.561494,747.1530135
0.68025,1.263625452,-0.004334522,0.051308567,1.755144119,136.8911706,70.65187003,57.48880088,-78881.78142,3024.35054,746.1141615
0.6805,1.286234843,0.016794568,0.04025908,1.778899884,136.9115382,70.67311385,57.47127271,-78882.37075,3026.856425,746.732369
0.68075,1.242987997,-0.033534592,-0.049695198,1.816810647,136.9319059,70.66777693,57.43676384,-78863.61557,3010.310106,742.6503545
0.681,1.324815252,0.011750079,-0.005014188,1.868921488,136.9522736,70.68962543,57.43354823,-78885.3731,3033.75174,748.433459
0.68125,1.307476531,0.022783377,0.021406304,1.817805003,136.9726413,70.68764903,57.43047617,-78880.8195,3031.181113,747.7992794
0.6815,1.278291055,-0.035982069,0.001749304,1.832565508,136.993009,70.65734204,57.42205622,-78885.28017,3037.29061,749.3065062
0.68175,1.307735295,-0.003110801,0.035348925,1.827228423,137.0133766,70.66881146,57.44576817,-78876.99052,3030.830622,747.7128125
0.682,1.352974191,0.0652881,0.056167755,1.827546329,137.0337443,70.69265772,57.44431249,-78866.93476,3022.80906,745.733875
0.68225,1.233475689,-0.035501173,-0.085059953,1.830654142,137.054112,70.64268855,57.39553238,-78859.80117,3017.421115,744.4046567
0.6825,1.297325748,-0.016878882,-0.053536605,1.88502167,137.0744797,70.63706308,57.43078074,-78846.43176,3005.364791,741.4303342
0.68275,1.390161232,0.060575543,0.089503206,1.860200584,137.0948474,70.65124304,57.48555036,-78859.65476,3020.393527,745.1379573
0.683,1.267729657,-0.064810469,-0.050469241,1.874437834,137.115215,70.60484449,57.42651092,-78841.93814,3004.39996,741.192308
0.68325,1.377554416,0.012029321,-0.02155207,1.955322341,137.1355827,70.63174429,57.40729682,-78884.85261,3048.570968,752.0893964
0.6835,1.346789437,0.043410689,-0.001824537,1.876060244,137.1559504,70.66113732,57.42232677,-78855.40515,3020.913324,745.2661926
0.68375,1.351222484,0.003366554,0.019462104,1.894877406,137.1763181,70.63428442,57.42064193,-78871.51224,3038.490928,749.6026275
0.684,1.348374846,-0.015897278,0.016245442,1.907050165,137.1966857,70.61795682,57.41015375,-78872.80098,3041.28107,750.2909618
0.68425,1.379434044,0.034484549,-0.02234909,1.943480167,137.2170534,70.64612209,57.3965425,-78857.15957,3027.312947,746.8449941
0.6845,1.345684924,0.022030571,0.018216746,1.874632539,137.2374211,70.63374324,57.40160491,-78859.93212,3031.681104,747.9226283
0.68475,1.345277924,-0.010250771,-0.01313793,1.919051851,137.2577888,70.59488246,57.41585261,-78850.75151,3024.183902,746.0730516
0.685,1.325981135,-0.001226438,0.025783156,1.85815076,137.2781565,70.56674339,57.4453506,-78847.72677,3022.615999,745.6862462
0.68525,1.359236279,-0.013604221,0.037532662,1.90635948,137.2985241,70.56049777,57.44107068,-78853.29243,3029.682967,747.4296835
0.6855,1.3156218,-0.017784023,-0.042657458,1.903552553,137.3188918,70.59442015,57.40050572,-78834.28071,3012.13502,743.1005651
0.68575,1.394342299,0.019976386,0.008187401,1.952036385,137.3392595,70.6506698,57.38193872,-78827.8521,3007.795855,742.0300832
0.686,1.386757095,0.048076593,-0.025663296,1.947417372,137.3596272,70.65354175,57.36038917,-78853.6537,3034.991149,748.739224
0.68625,1.345716204,-0.012270233,-0.018725362,1.925063537,137.3799949,70.61199937,57.38697796,-78822.94623,3006.463062,741.70128
0.6865,1.335087363,-0.000432607,0.000508464,1.888045369,137.4003625,70.58645268,57.40961492,-78822.40618,3007.702976,742.0071697
0.68675,1.364883415,-0.002521446,-0.023163548,1.948562681,137.4207302,70.56493104,57.40687682,-78832.24806,3019.206181,744.8450365
0.687,1.362381166,-0.027514554,-0.026716852,1.96504556,137.4410979,70.56270606,57.39546552,-78818.04249,3007.412771,741.9355755
0.68725,1.331071057,-0.011042059,0.006534412,1.885729004,137.4614656,70.56685611,57.40043309,-78817.46915,3008.470922,742.1966236
0.6875,1.415784122,-0.003565914,0.034370299,1.980984057,137.4818333,70.57358894,57.39726273,-78843.41487,3036.075813,749.0068131
0.68775,1.35810707,0.016765926,-0.026231984,1.92806626,137.5022009,70.59129261,57.37130869,-78806.33972,3001.249001,740.4149592
0.688,1.412276745,-0.014437697,-0.023710728,2.024267797,137.5225686,70.57144861,57.37384263,-78825.35742,3021.899182,745.5094058
0.68825,1.428429007,0.015342558,-0.010792617,2.017140363,137.5429363,70.55665307,57.39630974,-78827.23363,3025.675273,746.4409763
0.6885,1.426297199,-0.028631579,0.039080071,2.011410942,137.563304,70.53892572,57.41100936,-78813.85183,3014.360981,743.6497146
0.68875,1.409040367,-0.004447073,-0.021063746,2.010825857,137.5836716,70.53441536,57.38599709,-78821.95574,3024.214042,746.0804872
0.689,1.428861897,-0.017938601,0.003425739,2.031146562,137.6040393,70.5478637,57.38037794,-78827.48693,3031.45482,747.8668035
0.68925,1.454512768,0.032289488,0.048761185,1.99978196,137.624407,70.58159609,57.38814382,-78808.49873,3014.678634,743.7280803
0.6895,1.413699309,-0.009479556,-0.007081772,2.010985507,137.6447747,70.57289967,57.34098699,-78821.46063,3029.425569,747.3661827
0.68975,1.414880876,0.00966749,-0.057000488,2.036051087,137.6651424,70.5706062,57.31976094,-78813.92717,3024.199898,746.0769978
0.69,1.446973043,0.01243765,0.045803959,2.005562241,137.68551,70.56698328,57.37374254,-78806.18962,3018.217056,744.6010171
0.69025,1.412952918,0.003911888,-0.00056516,1.995858216,137.7058777,70.53883944,57.37846186,-78796.40997,3010.728302,742.7535244
0.6905,1.38333675,-0.025732877,-0.026454541,1.993235866,137.7262454,70.52557986,57.34917559,-78802.9236,3019.154011,744.8321661
0.69075,1.465747164,0.030083565,-0.008764642,2.058354737,137.7466131,70.55365081,57.34822075,-78796.50146,3015.112164,743.8350331
0.691,1.425966079,0.014068141,-0.016502616,2.018689252,137.7669808,70.53304332,57.35499848,-78804.6861,3024.792386,746.223166
0.69125,1.445210849,-0.018131579,-0.023565095,2.073331464,137.7873484,70.48883206,57.37516305,-78800.99963,3023.032118,745.788904
0.6915,1.467212731,-0.018388498,0.0124558,2.079490349,137.8077161,70.47596245,57.38692361,-78804.48367,3028.490969,747.1356149
0.69175,1.470695706,6.09E-05,0.008977813,2.073515243,137.8280838,70.50015144,57.37372649,-78796.92182,3023.188659,745.8275228
0.692,1.440431643,-0.024552374,0.003643021,2.052153672,137.8484515,70.50581446,57.35364819,-78784.14651,3012.180829,743.1118661
0.69225,1.44532213,-0.008285942,0.001433144,2.048874396,137.8688192,70.5155427,57.33419315,-78798.39104,3028.187722,747.0608031
0.6925,1.466508762,0.052580631,0.041593541,2.007410487,137.8891868,70.52356368,57.35295126,-78804.43483,3036.088992,749.0100644
0.69275,1.453557308,-0.04593553,-0.027485786,2.107678299,137.9095545,70.48131317,57.34821233,-78774.17313,3007.989037,742.0777415
0.693,1.48072755,0.002999351,0.010935768,2.084234031,137.9299222,70.49927679,57.3427831,-78800.4607,3035.830073,748.9461885
0.69325,1.504660384,0.016546922,-0.000165338,2.116426572,137.9502899,70.52901422,57.33424087,-78777.83787,3015.388462,743.9031964
0.6935,1.437827175,-0.005570604,-0.046993217,2.071184342,137.9706575,70.50163204,57.32440809,-78769.55548,3009.289685,742.3986143
0.69375,1.444561696,-0.043253409,0.003670015,2.071705681,137.9910252,70.46741342,57.34769954,-78771.12397,3013.176627,743.3575318
0.694,1.468752333,0.023948583,0.002041647,2.058926425,138.0113929,70.4662715,57.37234303,-78760.35203,3004.545198,741.2281385
0.69425,1.460403779,-0.001980413,0.011694207,2.058522271,138.0317606,70.44253972,57.37250261,-78768.46852,3014.768969,743.7503662
0.6945,1.463103134,0.001034645,0.024261771,2.051450276,138.0521283,70.43414998,57.35384881,-78781.68899,3030.334231,747.5903517
0.69475,1.475654573,-0.014767773,0.007395521,2.092279767,138.0724959,70.45740204,57.33936051,-78766.77391,3017.791384,744.4960029
0.695,1.478754814,-0.005255806,-0.011384249,2.103054803,138.0928636,70.48837234,57.32375183,-78762.42251,3015.4728,743.9240028
0.69525,1.482515749,0.029822633,0.002565619,2.073960612,138.1132313,70.48477521,57.31448324,-78767.34189,3022.921207,745.7615418
0.6955,1.456316388,-0.005937236,-0.030191905,2.085301142,138.133599,70.44620326,57.31960196,-78766.09538,3023.732455,745.9616787
0.69575,1.488382241,-0.004266966,0.017246388,2.095878139,138.1539667,70.42552683,57.35506879,-78761.06145,3020.927854,745.2697771
0.696,1.467252581,0.011325263,0.006063338,2.062722969,138.1743343,70.41807387,57.36063763,-78758.75814,3020.723748,745.2194238
0.69625,1.491957281,-0.028300389,0.026533342,2.112263583,138.194702,70.41336586,57.34177274,-78768.14796,3032.309044,748.0775426
0.6965,1.472405758,0.004240235,-0.05533181,2.119679436,138.2150697,70.44644819,57.30424421,-78749.83516,3016.388618,744.1499372
0.69675,1.500717719,0.042388978,0.008700262,2.086617775,138.2354374,70.47762722,57.31269848,-78737.87224,3006.627303,741.7417988
0.697,1.553864232,-0.01817534,-0.0094788,2.217075886,138.2558051,70.44633854,57.29962298,-78754.17146,3025.000544,746.2745189
0.69725,1.550040099,-0.02429689,-0.065254398,2.255967815,138.2761727,70.42648238,57.2820545,-78761.36314,3034.308871,748.5709044
0.6975,1.537079607,0.001263626,0.037071565,2.147099686,138.2965404,70.44325938,57.31867521,-78741.58983,3016.375783,744.1467709
0.69775,1.529453868,0.01293005,0.00868982,2.147693126,138.3169081,70.42927064,57.32050592,-78742.76813,3019.422222,744.8983343
0.698,1.544191896,-0.051839915,0.031909601,2.200302085,138.3372758,70.39361107,57.30741218,-78763.21025,3041.661982,750.3849337
0.69825,1.545522172,0.027732929,-0.008294709,2.172401684,138.3576435,70.43672432,57.2914603,-78743.49066,3023.482676,745.9000574
0.6985,1.533144095,0.010410958,-0.00211817,2.162383733,138.3780111,70.45592319,57.27727752,-78729.75541,3012.011764,743.0701574
0.69875,1.529283074,-0.007690521,-0.042316967,2.198502562,138.3983788,70.43349999,57.27180021,-78738.26393,3021.981268,745.5296567
0.699,1.487801819,-0.015789114,0.031790703,2.093565835,138.4187465,70.41362129,57.30234674,-78721.0431,3006.622597,741.7406377
0.69925,1.531493751,0.029870071,-0.005247978,2.148879264,138.4391142,70.42324345,57.29693788,-78735.73677,3022.834239,745.7400867
0.6995,1.563344506,-0.019364775,-0.027406078,2.243996602,138.4594818,70.42003596,57.27302147,-78723.73612,3012.980364,743.3091133
0.69975,1.574048015,0.012604897,0.045629322,2.185236584,138.4798495,70.4317047,57.28181595,-78738.87299,3029.899396,747.483077
0.7,1.595474694,0.02629569,-0.006476302,2.242686725,138.5002172,70.42346134,57.2816616,-78725.6087,3018.723725,744.7260135
0.70025,1.529127405,-0.054425451,-0.042503143,2.231099363,138.5205849,70.36974479,57.28129369,-78711.0103,3006.1991,741.63616
0.7005,1.53160982,-0.029571224,0.017744148,2.175158447,138.5409526,70.37598559,57.30236231,-78708.38165,3005.489975,741.4612173
0.70075,1.57804635,0.045565348,0.009613548,2.193119242,138.5613202,70.4079623,57.29461732,-78720.086,3019.076635,744.8130772
0.701,1.537713345,-0.024555223,-0.008152219,2.197874536,138.5816879,70.38821348,57.26953484,-78716.55527,3017.901711,744.5232206
0.70125,1.583753194,0.016859481,-0.008553863,2.234109108,138.6020556,70.39448403,57.26896746,-78719.01861,3022.81063,745.7342623
0.7015,1.57911444,0.027591526,0.015990658,2.202433629,138.6224233,70.38130771,57.28817417,-78713.91472,3019.833674,744.9998405
0.70175,1.565514561,-0.031918618,0.013871168,2.227439492,138.642791,70.34089444,57.29794309,-78710.55409,3018.827732,744.7516722
0.702,1.577299352,0.015805585,-0.012348829,2.228460633,138.6631586,70.34368374,57.2921637,-78721.54689,3032.011008,748.0040163
0.70225,1.601384994,-0.034244766,0.015248818,2.278938853,138.6835263,70.35386233,57.28424679,-78705.31543,3018.032977,744.5556044
0.7025,1.551839575,-0.001586896,0.002449196,2.194028403,138.703894,70.39640219,57.25399138,-78688.12265,3003.308488,740.9230394
0.70275,1.611840659,0.032405933,-0.02352487,2.274238933,138.7242617,70.40914723,57.23891027,-78710.84991,3028.034555,747.0230165
0.703,1.594453793,0.002557537,0.01004294,2.246007005,138.7446294,70.3812061,57.25097767,-78715.13586,3034.6491,748.6548396
0.70325,1.599633855,0.010887448,-0.001590973,2.255702065,138.764997,70.36600075,57.26383697,-78693.43781,3015.515396,743.9345114
0.7035,1.614571676,-0.008958689,0.039853796,2.262293063,138.7853647,70.33595723,57.27827481,-78706.26303,3030.622841,747.6615524
0.70375,1.550306219,-0.022919863,-0.034303719,2.232970791,138.8057324,70.32300105,57.25561301,-78683.0714,3009.99635,742.5729503
0.704,1.61142642,0.020958108,0.008617982,2.258038223,138.8261001,70.35048916,57.25036901,-78706.02732,3035.029468,748.7486774
0.70425,1.583310233,0.016300279,0.014322989,2.217486208,138.8464677,70.37653871,57.23739762,-78681.91631,3013.158167,743.3529777
0.7045,1.579073575,-0.017130809,-0.049793115,2.280820456,138.8668354,70.37161547,57.21946509,-78668.99257,3002.39334,740.6972704
0.70475,1.599127088,0.004508236,0.024350207,2.241232967,138.8872031,70.35020407,57.2612455,-78676.76045,3011.96221,743.0579325
0.705,1.623151646,0.008111347,0.027194417,2.270638413,138.9075708,70.30819097,57.27639768,-78684.57779,3022.190981,745.5813934
0.70525,1.593652124,-0.027428409,-0.035108686,2.298004103,138.9279385,70.27655784,57.25666499,-78697.60318,3037.30797,749.3107891
0.7055,1.600422499,0.013546078,-0.032365335,2.277340717,138.9483061,70.31416774,57.27484713,-78658.82431,3000.558658,740.2446502
0.70575,1.642749283,0.037309214,0.087467875,2.235811701,138.9686738,70.31641516,57.29106792,-78692.67895,3036.535715,749.120272
0.706,1.540411445,-0.04206568,-0.071546696,2.2590954,138.9890415,70.29171213,57.23307905,-78666.34487,3012.969761,743.3064974
0.70625,1.627656154,0.013923641,-0.03466448,2.317283608,139.0094092,70.31373453,57.2345584,-78672.27185,3021.352695,745.3745865
0.7065,1.607755925,0.016309724,0.019852555,2.248143829,139.0297769,70.32764592,57.25187319,-78650.4272,3002.100174,740.6249456
0.70675,1.615430114,0.020664165,-0.020496725,2.285000935,139.0501445,70.3036064,57.24618939,-78668.90357,3022.472331,745.6508031
0.707,1.637066908,-0.023575049,0.017544892,2.319972871,139.0705122,70.27657872,57.25969052,-78662.53522,3018.932264,744.7774606
0.70725,1.618489814,-0.010361589,0.025712643,2.278463816,139.0908799,70.28214534,57.25894815,-78658.31947,3017.149962,744.3377626
0.7075,1.618701834,0.014248805,-0.009481294,2.286003706,139.1112476,70.28579725,57.23837616,-78656.56504,3017.909621,744.525172
0.70775,1.622179704,-0.013424707,-0.007067703,2.308611989,139.1316153,70.2719579,57.23302293,-78660.65066,3024.500404,746.1511333
0.708,1.628054628,0.01070394,0.01308165,2.285599839,139.1519829,70.27691208,57.24014017,-78661.0907,3027.286062,746.8383616
0.70825,1.612617012,-0.010121794,0.01005421,2.280766503,139.1723506,70.28844323,57.23743875,-78641.35998,3010.255506,742.6368846
0.7085,1.631921089,0.005196353,-0.007011037,2.309216513,139.1927183,70.28348346,57.21475391,-78656.77681,3028.012143,747.0174873
0.70875,1.61014168,0.00921367,-0.046191979,2.30423121,139.213086,70.27254058,57.20469067,-78650.28522,3023.819845,745.9832378
0.709,1.589434165,0.005937791,0.009883716,2.23661708,139.2334536,70.26269552,57.23688275,-78639.09917,3014.806503,743.7596259
0.70925,1.648208537,-0.026711423,0.049554288,2.316650328,139.2538213,70.23900705,57.25427339,-78647.62988,3025.672665,746.4403329
0.7095,1.581782724,-0.045095087,0.023325769,2.253930102,139.274189,70.23805275,57.2304132,-78629.42997,3009.902529,742.5498042
0.70975,1.646590957,0.015345986,-0.021727928,2.333585768,139.2945567,70.27292377,57.20172699,-78648.39767,3031.075143,747.7731364
0.71,1.604173301,-0.005583364,-0.002699782,2.274503449,139.3149244,70.27112516,57.20143292,-78627.61328,3012.846019,743.2759701
0.71025,1.609537152,-0.004030882,-0.051502035,2.316226779,139.335292,70.23495681,57.21402897,-78620.09614,3007.510337,741.9596452
0.7105,1.658188935,-0.002127583,0.028995975,2.326346775,139.3556597,70.20417846,57.25064261,-78640.45393,3029.950972,747.495801
0.71075,1.56572023,0.001336515,0.019840592,2.199405071,139.3760274,70.18677241,57.24482853,-78637.5352,3029.066479,747.2775944
0.711,1.561069225,-0.000828687,0.005249948,2.204571536,139.3963951,70.18972545,57.22754474,-78630.19073,3023.965238,746.0191067
0.71125,1.611395667,0.062815975,-0.015865891,2.247725534,139.4167628,70.19810563,57.23979668,-78633.42745,3029.019961,747.2661183
0.7115,1.606210458,-0.007302715,-0.005399721,2.280507783,139.4371304,70.15771532,57.2605559,-78615.0283,3012.836415,743.2736008
0.71175,1.572095127,-0.024258137,-0.015687016,2.251548211,139.4574981,70.11916178,57.26613253,-78622.28266,3022.157752,745.5731958
0.712,1.602080056,-0.027669841,0.055599535,2.248248322,139.4778658,70.12168971,57.27209154,-78624.32989,3026.181553,746.5658767
0.71225,1.609551984,0.029780635,0.016892727,2.243302727,139.4982335,70.14765315,57.24322471,-78624.56871,3028.503295,747.1386556
0.7125,1.555201103,0.018987644,-0.062866541,2.232665403,139.5186012,70.12851793,57.22237076,-78621.6589,3027.364909,746.8578132
0.71275,1.5368263,-0.0502424,0.010422417,2.202810953,139.5389688,70.0966916,57.25735303,-78599.82174,3007.493015,741.9553717
0.713,1.606342157,0.032453092,0.03554901,2.22362935,139.5593365,70.11869983,57.26910854,-78623.30699,3032.302518,748.0759326
0.71325,1.526207219,0.036176171,-0.021183194,2.148929898,139.5797042,70.11669515,57.24174614,-78608.20094,3019.257382,744.8576678
0.7135,1.538916039,0.013302871,-0.040183343,2.196340404,139.6000719,70.09144852,57.22674697,-78622.6767,3035.791323,748.9366287
0.71375,1.554923394,0.031792066,-0.000397722,2.177151579,139.6204395,70.06914071,57.25416228,-78615.24122,3030.097399,747.5319248
0.714,1.511322533,-0.006685294,-0.013180842,2.151395011,139.6408072,70.02356711,57.28401072,-78597.73824,3014.214164,743.6134944
0.71425,1.52357594,0.02841037,-0.018647427,2.148531459,139.6611749,69.99106335,57.30321114,-78602.81326,3021.092162,745.3103123
0.7145,1.52785162,-0.05408027,0.021133003,2.185947512,139.6815426,69.95741114,57.32300637,-78589.10135,3009.336087,742.4100618
0.71475,1.496466666,-0.004458652,0.008067356,2.113827386,139.7019103,69.97084456,57.30547914,-78598.58395,3020.231844,745.0980699
0.715,1.461810223,-0.004974673,-0.032707945,2.094232942,139.7222779,70.00193927,57.25962439,-78584.43808,3007.737651,742.0157239
0.71525,1.506869626,0.01047528,-0.026896691,2.143135978,139.7426456,70.02419662,57.24248325,-78600.53567,3025.338317,746.3578485
0.7155,1.499062522,0.017452021,0.008197867,2.101887898,139.7630133,69.99896473,57.26218181,-78603.52505,3029.636733,747.4182774
0.71575,1.4464462,-0.02418706,-0.022452465,2.078564043,139.783381,69.94021714,57.27101403,-78598.42401,3025.509767,746.4001456
0.716,1.475661439,0.030359594,0.004778533,2.062292011,139.8037487,69.9097428,57.30093239,-78604.43662,3032.513493,748.1279807
0.71625,1.414215917,-0.018361269,0.026190395,1.995213545,139.8241163,69.84008355,57.33020706,-78603.7994,3032.597808,748.1487812
0.7165,1.409263508,-0.047390324,0.028986426,2.008192874,139.844484,69.78485266,57.34454923,-78618.23867,3047.180925,751.7464696
0.71675,1.380319755,0.011342043,-0.018920078,1.957776258,139.8648517,69.77051401,57.33716934,-78630.64954,3059.290657,754.733968
0.717,1.397884576,0.000614456,0.020678323,1.962004946,139.8852194,69.75338386,57.33788134,-78631.68931,3059.671751,754.8279847
0.71725,1.316181608,0.03397647,-0.059076828,1.882563332,139.9055871,69.73607881,57.31752335,-78617.00244,3044.327577,751.0425419
0.7175,1.299972843,-0.00852287,-0.008770657,1.85066762,139.9259547,69.66577382,57.35654167,-78627.43826,3052.602914,753.0840866
0.71775,1.280882531,0.03655837,0.018645479,1.772542204,139.9463224,69.59826789,57.40139111,-78648.5402,3071.424308,757.7273672
0.718,1.258941064,-0.00249184,-0.021993848,1.797884186,139.9666901,69.51931649,57.42858059,-78646.77185,3067.144322,756.6714851
0.71825,1.207143155,-0.036366594,-0.018971722,1.746418268,139.9870578,69.46032326,57.43711602,-78655.63307,3072.841926,758.0770969
0.7185,1.227502543,0.014967697,-0.017143756,1.737934495,140.0074255,69.4605356,57.44338559,-78657.72032,3071.65092,757.7832729
0.71875,1.1823132,0.064735829,0.002742676,1.62610238,140.0277931,69.44655281,57.45857186,-78649.64506,3060.14545,754.9448472
0.719,1.179963619,0.031909296,0.01459278,1.635976095,140.0481608,69.35181398,57.46684927,-78700.99592,3107.264804,766.5692992
0.71925,1.029393265,-0.05703934,-0.067406782,1.543830831,140.0685285,69.26324048,57.48794887,-78657.46042,3060.301684,754.9833905
0.7195,1.127371744,0.03156769,0.060997757,1.529315577,140.0888962,69.23619057,57.54931513,-78684.01339,3082.808716,760.5359266
0.71975,1.075144423,0.006507743,-0.012508772,1.524905065,140.1092638,69.16754661,57.53940976,-78695.32467,3089.990076,762.3075843
0.72,1.041979675,-0.022147546,-0.054771493,1.528494091,140.1296315,69.10765446,57.54032557,-78701.44137,3091.807388,762.7559195
0.72025,1.060142344,-0.019564593,0.033489628,1.490837891,140.1499992,69.10160352,57.57985604,-78696.24106,3082.089917,760.3585973
0.7205,1.04162802,0.010042942,0.04002095,1.438152696,140.1703669,69.09610255,57.57690082,-78699.38995,3081.186388,760.1356946
0.72075,1.009071127,-0.050597933,-0.013255399,1.472903427,140.1907346,69.07305404,57.54070918,-78707.91647,3085.462237,761.1905562
0.721,1.049327192,0.023272804,-0.013560862,1.47779408,140.2111022,69.10790056,57.52815099,-78704.9235,3078.496083,759.4719902
0.72125,1.055814224,0.057662589,-0.013395111,1.464433162,140.2314699,69.07499031,57.53068215,-78733.32711,3102.784039,765.4638844
0.7215,1.019803473,-0.053119346,-0.004077675,1.483880408,140.2518376,68.97317415,57.57121177,-78730.55306,3095.695909,763.7152264
0.72175,1.069696491,-0.012327291,0.039624378,1.494832098,140.2722053,68.95055043,57.63239902,-78716.1667,3077.778729,759.2950173
0.722,1.073723006,-0.013016447,0.043114855,1.498768335,140.292573,68.96127397,57.61637003,-78724.27023,3081.822514,760.2926284
0.72225,1.074902519,-0.037816113,-0.023816305,1.563816422,140.3129406,68.98802375,57.54874667,-78729.79771,3083.464228,760.6976428
0.7225,1.073632896,0.011833856,0.005400437,1.506180326,140.3333083,69.03918718,57.51810995,-78736.28702,3086.510208,761.449093
0.72275,1.092875587,0.049572101,-0.008874048,1.518469748,140.353676,69.04525031,57.51377943,-78729.259,3075.927496,758.8383139
0.723,1.027571669,-0.047396135,-0.028240286,1.506871464,140.3740437,68.96900923,57.52540742,-78725.64138,3068.619285,757.0353617
0.72325,1.066087903,-0.000243025,0.027050879,1.489095209,140.3944114,68.9189637,57.56264473,-78760.96092,3100.347808,764.8628606
0.7235,1.03447052,-0.005490644,0.00048933,1.46651699,140.414779,68.89941596,57.57642986,-78729.09522,3065.771074,756.3327017
0.72375,1.030469801,-0.008126569,0.022306657,1.447757413,140.4351467,68.90715222,57.5695864,-78732.18057,3065.352998,756.2295613
0.724,1.060251336,0.019737199,0.014933539,1.474917639,140.4555144,68.92926961,57.5387136,-78743.42872,3073.171295,758.1583529
0.72425,1.063774314,-0.006034613,-0.027180761,1.528110361,140.4758821,68.93073446,57.5041805,-78747.25569,3073.975736,758.3568102
0.7245,1.081706191,-0.014513013,-0.025341757,1.558001593,140.4962497,68.93125831,57.51494197,-78726.08316,3049.634125,752.3516795
0.72475,1.121064403,-0.013902375,0.002243621,1.593791148,140.5166174,68.92161551,57.52502967,-78744.60192,3064.741178,756.0786239
0.725,1.141083763,-0.010512133,0.005735819,1.617235931,140.5369851,68.93214475,57.5117932,-78751.39085,3068.517824,757.0103311
0.72525,1.123705754,0.027344798,0.000678745,1.569684072,140.5573528,68.94604359,57.49986623,-78742.50006,3057.019831,754.1737499
0.7255,1.100790281,-0.063154826,-0.017318074,1.614631696,140.5777205,68.93018108,57.48382413,-78736.08232,3047.987321,751.9454093
0.72575,1.16637529,0.018908615,-0.018111429,1.649563288,140.5980881,68.94135818,57.47883586,-78752.71771,3061.901333,755.3780276
0.726,1.156279871,0.014151253,0.028277371,1.605318338,140.6184558,68.92089335,57.4865339,-78766.56807,3072.950821,758.1039614
0.72625,1.158611036,-0.025415459,-0.00111157,1.657548171,140.6388235,68.89549054,57.49894483,-78741.15166,3045.556392,751.3456936
0.7265,1.118956794,0.007640594,-0.031269579,1.599861996,140.6591912,68.88502821,57.51224273,-78735.8252,3037.879525,749.451793
0.72675,1.134730864,-0.011793623,0.016347951,1.601902209,140.6795589,68.86391361,57.5215515,-78743.99736,3044.133969,750.9947786
0.727,1.163776066,-0.020300727,0.037026716,1.635508602,140.6999265,68.84855398,57.52019751,-78757.47665,3055.633366,753.831706
0.72725,1.211434132,0.027526556,-0.004673383,1.697525103,140.7202942,68.85682231,57.49968827,-78775.00149,3071.027658,757.6295127
0.7275,1.206392707,-0.014997425,0.015891671,1.705884143,140.7406619,68.85282548,57.50094944,-78761.04401,3055.351051,753.7620582
0.72775,1.194783109,0.013054568,0.008414637,1.674507099,140.7610296,68.85370659,57.48476707,-78773.36569,3065.413321,756.2444431
0.728,1.173598667,-0.025409998,0.030541139,1.657508015,140.7813973,68.86384694,57.4681547,-78756.37996,3046.758585,751.6422772
0.72825,1.158390671,0.005512558,-0.058899252,1.677817506,140.8017649,68.89639606,57.4291866,-78739.05538,3027.880853,746.9850978
0.7285,1.192045844,0.031999233,-0.015183156,1.674913782,140.8221326,68.89784244,57.42672259,-78769.48007,3056.300212,753.9962184
0.72875,1.186651142,-0.029020944,-0.007174711,1.703982408,140.8425003,68.85662192,57.44728923,-78753.443,3038.80659,749.6805019
0.729,1.178131571,-0.009478323,-0.007489444,1.678129437,140.862868,68.81024098,57.47841246,-78758.13969,3041.671971,750.387398
0.72925,1.177900597,0.009045047,0.087395112,1.600488751,140.8832356,68.7936403,57.50054908,-78777.31266,3059.298732,754.7359601
0.7295,1.148843055,-0.029303205,-0.060100679,1.688348911,140.9036033,68.80630795,57.43784751,-78754.18846,3034.789712,748.6895291
0.72975,1.191105144,0.008453624,-0.020953249,1.693698594,140.923971,68.82950432,57.4281617,-78771.39581,3050.32848,752.5229785
0.73,1.165416482,0.027794563,0.024411036,1.611238191,140.9443387,68.8342721,57.44790465,-78752.00925,3029.518031,747.3889934
0.73025,1.202719411,-0.01789522,-0.030402956,1.735121695,140.9647064,68.7933462,57.43775999,-78761.86559,3038.211473,749.5336853
0.7305,1.176735477,-0.037160579,0.008156619,1.685578189,140.985074,68.78359991,57.44959321,-78756.92718,3031.936739,747.9856942
0.73075,1.27402691,0.036290059,0.044974349,1.744315948,141.0054417,68.79615423,57.46278967,-78779.8944,3053.541057,753.3155284
0.731,1.186867722,-0.066202989,-0.036836728,1.75171378,141.0258094,68.76520392,57.43918083,-78750.66759,3023.447321,745.8913353
0.73125,1.232605888,0.061454529,0.032862875,1.676841163,141.0461771,68.7952199,57.44456748,-78781.22244,3053.010677,753.1846825
0.7315,1.203604902,0.032869248,0.004511523,1.676082058,141.0665448,68.78776278,57.42960414,-78767.03162,3038.123682,749.512027
0.73175,1.202748988,0.008114569,-0.044487268,1.727864759,141.0869124,68.7391191,57.43431576,-78766.67468,3037.290362,749.3064451
0.732,1.202644071,-0.0013305,0.063945224,1.658448297,141.1072801,68.71090129,57.48087041,-78772.10855,3042.152347,750.5059078
0.73225,1.200739141,-0.003121966,0.030318933,1.679369918,141.1276478,68.70381232,57.46807769,-78766.74932,3036.033653,748.9964122
0.7325,1.194914958,-0.056639835,-0.002855026,1.733186413,141.1480155,68.70449642,57.44140069,-78766.57952,3035.222448,748.7962861
0.73275,1.230969773,0.053307917,0.044432251,1.671776754,141.1683832,68.74706669,57.43113919,-78775.77056,3044.06519,750.9778105
0.733,1.223832257,-0.035189928,-0.027293502,1.774968979,141.1887508,68.73045036,57.39370077,-78777.05442,3044.545569,751.0963211
0.73325,1.208218619,-0.001002121,-0.008981549,1.715766511,141.2091185,68.74097035,57.3992474,-78762.53434,3029.697436,747.433253
0.7335,1.226746828,0.045424553,-0.02375947,1.721648846,141.2294862,68.73545934,57.41459514,-78762.3309,3028.540652,747.1478716
0.73375,1.245904056,-0.052708352,0.018716275,1.788151423,141.2498539,68.6704552,57.44204593,-78762.43861,3028.390666,747.1108698
0.734,1.239379159,-0.045217697,0.028885965,1.76662792,141.2702215,68.65182772,57.45531322,-78770.86107,3036.557751,749.1257082
0.73425,1.287247234,0.0223768,0.022455883,1.788741006,141.2905892,68.70320654,57.44426194,-78761.49012,3026.752784,746.7068007
0.7345,1.272053548,0.061190489,-0.013183729,1.767358405,141.3109569,68.72191503,57.4025758,-78767.16245,3032.706653,748.1756335
0.73475,1.244111735,-0.012756884,-0.075303388,1.823317597,141.3313246,68.6852193,57.37433821,-78778.98588,3044.82265,751.1646778
0.735,1.239827773,0.003340603,0.018310203,1.738168514,141.3516923,68.69763266,57.41671841,-78750.40204,3016.344669,744.139095
0.73525,1.254617717,0.028999369,0.00110677,1.75334196,141.3720599,68.70020525,57.41970194,-78734.06694,3000.681805,740.2750306
0.7355,1.231875831,-0.032650821,-0.033235159,1.788724074,141.3924276,68.65761751,57.38632761,-78770.38824,3037.217653,749.2885077
0.73575,1.29652489,-0.007963535,0.003310567,1.836905126,141.4127953,68.65229463,57.41260502,-78774.30144,3041.59497,750.3684016
0.736,1.253669583,0.034796809,0.044096135,1.717208561,141.433163,68.64971096,57.44789313,-78745.38258,3013.18448,743.3594692
0.73625,1.269471182,-0.023521788,0.013495331,1.802963235,141.4535307,68.60554053,57.41432381,-78788.98379,3056.977948,754.1634173
0.7365,1.23265392,-0.044028083,-0.018571408,1.787772302,141.4738983,68.61123627,57.3996069,-78764.79797,3033.71638,748.4247356
0.73675,1.290919888,0.037905486,0.057771813,1.758150715,141.494266,68.66394739,57.4137348,-78753.08192,3022.616857,745.6864581
0.737,1.275505567,0.021306397,-0.023253034,1.806038485,141.5146337,68.65845416,57.37932607,-78748.35262,3018.641514,744.7057319
0.73725,1.224432371,-0.035999419,-0.010482132,1.764753031,141.5350014,68.6288937,57.36107791,-78767.00045,3037.756168,749.4213605
0.7375,1.306983935,0.006686982,0.021922907,1.828219392,141.5553691,68.64598485,57.37966481,-78767.82971,3039.505253,749.8528638
0.73775,1.273059542,0.0281362,0.041328627,1.751333553,141.5757367,68.64856296,57.38995037,-78751.44316,3024.080367,746.0475093
0.738,1.242714047,-0.002910589,-0.05163102,1.797020748,141.5961044,68.61394251,57.36367086,-78755.61863,3029.113991,747.2893156
0.73825,1.295110728,-0.010105025,0.010916409,1.831170422,141.6164721,68.61954802,57.3779504,-78758.83301,3033.617012,748.4002212
0.7385,1.304532838,0.004075485,0.062213028,1.799424301,141.6368398,68.64729181,57.37427942,-78752.40552,3028.189363,747.061208
0.73875,1.272803042,0.033390311,-0.061003907,1.823210125,141.6572074,68.66295063,57.3181157,-78748.88266,3025.815146,746.4754831
0.739,1.265846974,-0.022499375,-0.048479901,1.840642941,141.6775751,68.64567956,57.31829724,-78736.59828,3014.862076,743.7733359
0.73925,1.318867151,0.057910444,0.062377721,1.780111643,141.6979428,68.63196517,57.36938465,-78750.33206,3029.63065,747.4167768
0.7395,1.244140656,-0.050685727,-0.031260704,1.817581173,141.7183105,68.57743875,57.36805948,-78733.23705,3013.891858,743.5339808
0.73975,1.267630171,-0.002876276,0.015586345,1.783855724,141.7386782,68.57421532,57.3746987,-78749.33001,3030.963285,747.7455409
0.74,1.292505497,0.00213153,0.030893589,1.80487031,141.7590458,68.56868351,57.38151616,-78750.71933,3033.393634,748.3451135
0.74025,1.258800212,-0.019382088,-0.015198863,1.80467203,141.7794135,68.56944819,57.36188265,-78739.03824,3023.139889,745.8154913
0.7405,1.326483622,-0.022763302,0.003371085,1.889914563,141.7997812,68.59583525,57.35193206,-78723.49315,3009.22195,742.381904
0.74075,1.253966895,0.013648386,-0.026930317,1.783461326,141.8201489,68.60519296,57.33425724,-78720.9142,3007.818584,742.0356903
0.741,1.267104356,-0.034904139,-0.038865991,1.844125908,141.8405166,68.58027443,57.32724854,-78723.64179,3011.86244,743.0333189
0.74125,1.263192312,-0.004583976,-0.042833591,1.820555797,141.8608842,68.57160599,57.3414436,-78713.71541,3003.265725,740.9124897
0.7415,1.307619584,-0.002597184,0.021888256,1.835857446,141.8812519,68.56008036,57.36601001,-78726.24109,3017.00697,744.302486
0.74175,1.334151865,-0.002830352,-0.010682176,1.896354845,141.9016196,68.53030453,57.35790075,-78741.2341,3033.253244,748.3104788
0.742,1.314145454,-0.021253384,0.024401737,1.857098086,141.9219873,68.52242457,57.35073613,-78753.20187,3046.338102,751.5385432
0.74225,1.312431635,0.024907339,0.01428471,1.828391941,141.942355,68.55054565,57.34883565,-78728.5487,3022.790241,745.7292322
0.7425,1.324021598,0.000488687,-0.003730778,1.874748928,141.9627226,68.55315949,57.33967634,-78728.92051,3024.205885,746.0784749
0.74275,1.300634324,0.048989481,0.016307293,1.793649593,141.9830903,68.52233428,57.33631418,-78762.48549,3058.166766,754.4567015
0.743,1.275517105,-0.06364722,-0.003475105,1.85278246,142.003458,68.48039333,57.34784523,-78728.65134,3025.747458,746.4587845
0.74325,1.325957745,0.04645729,0.041339957,1.81311623,142.0238257,68.50401697,57.36679947,-78736.07318,3034.001417,748.4950549
0.7435,1.33756527,0.00096518,0.036274914,1.865771468,142.0441934,68.49274429,57.34752701,-78753.06036,3051.787167,752.88284
0.74375,1.314527438,0.005730505,-0.018680221,1.868418571,142.064561,68.48849396,57.32406066,-78749.93078,3049.554562,752.3320511
0.744,1.317194038,-0.014391874,0.044931743,1.842631727,142.0849287,68.51037725,57.33694812,-78723.71698,3024.477928,746.1455884
0.74425,1.319036794,0.00354477,0.030403509,1.841688464,142.1052964,68.52887081,57.31751303,-78728.61345,3030.214687,747.5608599
0.7445,1.33035251,0.012853833,-0.040189233,1.901841476,142.1256641,68.54360663,57.28334192,-78716.78077,3019.796905,744.9907694
0.74475,1.302805998,0.020790006,-0.028676793,1.849015519,142.1460317,68.53266464,57.28515705,-78714.77034,3018.913529,744.7728386
0.745,1.310537549,-0.000937391,-0.033212714,1.877943818,142.1663994,68.50330349,57.30900548,-78707.31045,3012.682269,743.2355725
0.74525,1.348412475,0.014601989,0.014548961,1.886330377,142.1867671,68.47785457,57.33692432,-78720.46761,3026.897912,746.742604
0.7455,1.319401846,-0.013402828,-0.002292257,1.87706341,142.2071348,68.44119835,57.33487705,-78721.40937,3029.117805,747.2902566
0.74575,1.334637106,-0.029134841,-0.000958103,1.909052753,142.2275025,68.44254659,57.33153856,-78723.34281,3032.309444,748.0776414
0.746,1.411178838,0.042937594,0.077286435,1.91116009,142.2478701,68.4892511,57.32436263,-78737.35778,3047.618943,751.8545295
0.74625,1.302441512,-0.038768587,-0.052561051,1.90658509,142.2682378,68.48293417,57.28232112,-78688.66846,3000.460804,740.2205093
0.7465,1.323087557,0.021914568,-0.003059201,1.858047379,142.2886055,68.45963346,57.30381224,-78718.40043,3031.080004,747.7743357
0.74675,1.315448297,-0.000773347,-0.01326666,1.870315196,142.3089732,68.40353688,57.34363859,-78707.68654,3021.6654,745.4517313
0.747,1.295584049,-0.041614667,0.01184872,1.854436608,142.3293409,68.37143535,57.36722043,-78691.4741,3006.938567,741.8185881
0.74725,1.315107177,0.000748687,0.035975665,1.834381805,142.3497085,68.38491756,57.35672712,-78707.79791,3024.219375,746.0818027
0.7475,1.32267303,-0.055181241,0.001019383,1.910080959,142.3700762,68.40643723,57.31388971,-78702.2186,3020.174743,745.0839829
0.74775,1.323608551,0.057678442,-0.035412455,1.859619061,142.3904439,68.45941471,57.27358066,-78708.38024,3027.440423,746.8764428
0.748,1.3181354,0.021792129,-0.026561083,1.868435854,142.4108116,68.43150439,57.27927786,-78706.58575,3026.593972,746.6676214
0.74825,1.336054198,-0.019248643,-0.003428732,1.905599795,142.4311793,68.353485,57.32032326,-78731.43736,3052.084244,752.9561295
0.7485,1.312331215,-0.00668985,0.06511492,1.816733602,142.4515469,68.32433314,57.370888,-78723.46206,3045.453511,751.3203126
0.74875,1.334728236,0.00392923,0.044323225,1.854131268,142.4719146,68.3434755,57.35368679,-78704.38372,3027.429686,746.873794
0.749,1.294459063,0.019132911,-0.044778006,1.850431658,142.4922823,68.35685408,57.30492641,-78716.95721,3040.482698,750.0940017
0.74925,1.363105377,0.023749246,0.011844732,1.902609233,142.51265,68.37560348,57.31145309,-78707.3851,3032.261427,748.0657953
0.7495,1.364836228,0.050630425,0.011775749,1.886642319,142.5330176,68.37976591,57.31883874,-78709.90857,3035.607768,748.8913454
0.74975,1.300989631,0.005778105,-0.006027213,1.840110132,142.5533853,68.34292046,57.30268764,-78714.23268,3040.793613,750.1707052
0.75,1.297206613,-0.027574966,-0.016220563,1.865547132,142.573753,68.32743971,57.30171002,-78701.21885,3029.132069,747.2937757
0.75025,1.324243788,0.041296999,0.058766357,1.802135059,142.5941207,68.33484455,57.32196805,-78705.10445,3033.921876,748.475432
0.7505,1.312667512,0.017193477,-0.041472521,1.874937307,142.6144884,68.30200385,57.29796978,-78712.15527,3041.672581,750.3875485
0.75075,1.309059789,-0.094943254,-0.024873679,1.937914546,142.634856,68.28896674,57.31380718,-78674.94917,3005.421798,741.4443979
0.751,1.407967649,0.032954158,0.126803222,1.881715185,142.6552237,68.35588046,57.33746441,-78699.22304,3030.308499,747.5840035
0.75125,1.370295097,-0.009242364,-0.055413675,1.984414497,142.6755914,68.3491298,57.26409069,-78683.47633,3015.6823,743.975687
0.7515,1.306099459,0.003986271,-0.070325411,1.89619788,142.6959591,68.32930385,57.23470745,-78717.38187,3050.058336,752.4563334
0.75175,1.333890676,-0.00725836,-0.020398164,1.90603034,142.7163268,68.32234842,57.29653033,-78669.05457,3002.471685,740.7165983
0.752,1.396612597,0.066005966,0.064605265,1.882753169,142.7366944,68.29776117,57.34742342,-78696.5554,3030.880918,747.7252205
0.75225,1.317841629,-0.071467833,-0.029874354,1.936039558,142.7570621,68.22729558,57.31168076,-78699.14634,3034.530071,748.6254751
0.7525,1.317487952,-0.024710411,-0.045405102,1.912956401,142.7774298,68.24414993,57.29184912,-78702.66042,3038.768155,749.6710201
0.75275,1.361174436,0.072092476,0.045514597,1.842118209,142.7977975,68.29384946,57.32115337,-78682.85295,3019.728126,744.9738015
0.753,1.348729665,-0.022163705,0.036723532,1.898466863,142.8181652,68.25194254,57.3135139,-78683.13201,3020.990669,745.2852738
0.75325,1.287684548,-0.060435247,-0.069751602,1.913150982,142.8385328,68.21281666,57.28176393,-78682.56884,3021.456496,745.4001943
0.7535,1.304560047,0.015694496,0.027425647,1.814492851,142.8589005,68.25015838,57.29587582,-78686.47458,3026.031787,746.5289289
0.75375,1.343339167,0.051719537,0.012725997,1.854813514,142.8792682,68.27816138,57.27383037,-78691.53843,3031.805105,747.9532198
0.754,1.294231328,-0.032526427,-0.049374156,1.888344694,142.8996359,68.24610034,57.24981296,-78689.67952,3030.721786,747.6859625
0.75425,1.326728207,0.025409751,0.022461059,1.842430789,142.9200035,68.23258963,57.28039999,-78697.15845,3038.879685,749.6985348
0.7545,1.329410011,0.022937614,-0.007439631,1.869481176,142.9403712,68.20105648,57.30094464,-78673.18099,3015.799123,744.0045074
0.75475,1.305138722,-0.034804537,0.046295864,1.840301756,142.9607389,68.15141449,57.30708568,-78707.23026,3050.148044,752.4784645
0.755,1.322439205,-0.035156439,-0.00791834,1.900962662,142.9811066,68.16796593,57.2785589,-78698.83835,3042.128989,750.5001453
0.75525,1.368418326,0.041361359,0.007216315,1.9013461,143.0014743,68.22529349,57.27211957,-78695.33781,3038.504074,749.6058706
0.7555,1.399981699,0.024223717,0.03147518,1.940508361,143.0218419,68.23428762,57.26967195,-78694.1235,3037.511702,749.3610501
0.75575,1.345774767,-0.029332988,-0.017164747,1.936149149,143.0422096,68.19287274,57.26182226,-78685.0375,3028.626943,747.16916
0.756,1.340824379,0.005001711,-0.004132259,1.895630235,143.0625773,68.17075193,57.28773111,-78681.4699,3025.410287,746.3756036
0.75625,1.367822219,0.00150154,0.038184823,1.906859583,143.082945,68.1556248,57.30613254,-78678.84844,3023.284257,745.8511071
0.7565,1.341730638,-0.021736071,-0.016441585,1.924500269,143.1033127,68.1642322,57.26201768,-78684.41792,3029.292884,747.3334492
0.75675,1.352093557,0.057051808,-0.026111393,1.893012977,143.1236803,68.19757058,57.24566532,-78695.14655,3040.433219,750.0817952
0.757,1.357651631,0.070499604,0.017865823,1.85864377,143.144048,68.19156688,57.26165862,-78678.40155,3024.490696,746.1487383
0.75725,1.313212852,-0.040894187,-0.057098297,1.926556797,143.1644157,68.1207224,57.25448898,-78677.37134,3023.834941,745.986962
0.7575,1.315767869,-0.009658301,-0.007362449,1.872814364,143.1847834,68.10018658,57.28066229,-78681.82924,3029.124369,747.2918761
0.75775,1.391861622,0.035571427,0.048460121,1.909035569,143.2051511,68.1181669,57.30077964,-78684.40729,3032.011719,748.0041918
0.758,1.33430126,-0.048712384,-0.050931933,1.957447998,143.2255187,68.09459315,57.26507313,-78669.93472,3017.927737,744.5296414
0.75825,1.345690164,0.073011209,-0.011979393,1.862847753,143.2458864,68.10364989,57.25974504,-78703.9381,3052.319745,753.014228
0.7585,1.367933087,0.004844736,0.035461699,1.906417387,143.2662541,68.07446338,57.27519445,-78692.05964,3041.25898,750.2855123
0.75875,1.342297564,-0.048550168,-0.043323506,1.963270354,143.2866218,68.04987422,57.26161931,-78690.69177,3040.007981,749.9768878
0.759,1.330641292,0.039247855,0.037126702,1.82780784,143.3069894,68.07789169,57.28945751,-78677.3206,3026.711185,746.696538
0.75925,1.366852003,-0.005547522,-0.004139114,1.939870893,143.3273571,68.05038026,57.29208285,-78679.54344,3029.032915,747.269314
0.7595,1.325213549,-6.87E-05,-0.012541173,1.883113426,143.3477248,68.03150127,57.27761535,-78687.89184,3037.75448,749.420944
0.75975,1.363235338,0.039629139,0.020131416,1.88580001,143.3680925,68.06478863,57.27574861,-78684.71586,3034.904563,748.7178631
0.76,1.34784468,0.040961559,-0.033993695,1.903428244,143.3884602,68.07592799,57.23851981,-78679.49586,3029.873002,747.4765655
0.76025,1.337508845,-0.009283018,-0.026680909,1.917071906,143.4088278,68.03821941,57.2321276,-78695.8793,3046.548366,751.5904158
0.7605,1.316814059,-0.017574786,-0.01018586,1.8819078,143.4291955,68.01092278,57.26693878,-78673.89301,3025.140753,746.3091088
0.76075,1.351085262,0.029689483,0.046793863,1.856759387,143.4495632,68.01273697,57.29513724,-78681.25228,3032.694161,748.1725519
0.761,1.314710842,0.009016495,0.0249818,1.83534564,143.4699309,67.98299182,57.27296674,-78688.20622,3040.07681,749.9938681
0.76125,1.276193278,-0.029621488,-0.054354597,1.864435994,143.4902986,67.95488449,57.24914429,-78689.6237,3041.809512,750.4213298
0.7615,1.306961574,0.040309897,0.054682333,1.781240111,143.5106662,67.96962955,57.29895737,-78672.29961,3024.832111,746.2329661
0.76175,1.288782864,-0.015860324,0.010097221,1.826965959,143.5310339,67.91591893,57.30976089,-78670.81934,3023.552951,745.9173946
0.762,1.240677295,-0.055514534,-0.021471596,1.809500484,143.5514016,67.87749479,57.29233182,-78685.77949,3038.635296,749.6382432
0.76225,1.326029058,0.011174855,0.024441865,1.850174804,143.5717693,67.94030968,57.29561468,-78671.26073,3024.359949,746.1164828
0.7625,1.279229199,0.058893518,-0.018966775,1.783422043,143.592137,67.95870885,57.2655308,-78668.6792,3021.870138,745.5022407
0.76275,1.190680478,-0.033878455,-0.085329084,1.769291426,143.6125046,67.88491435,57.2528739,-78662.85878,3016.469294,744.1698403
0.763,1.224675258,0.016507113,-0.008492162,1.726556434,143.6328723,67.84825033,57.30873779,-78675.70557,3028.977487,747.25564
0.76325,1.301281869,-0.023574091,0.063934761,1.81491845,143.65324,67.81486132,57.34462543,-78686.72914,3040.098625,749.9992499
0.7635,1.260086088,-0.041722551,0.008329243,1.806683734,143.6736077,67.80275664,57.32317585,-78681.60223,3035.046962,748.7529932
0.76375,1.240374278,-0.005347535,-0.029706396,1.779191138,143.6939753,67.83414439,57.29227696,-78673.32145,3026.601631,746.6695109
0.764,1.290565701,0.086862474,-0.01539236,1.779012077,143.714343,67.8581716,57.27326657,-78690.61368,3043.448589,750.8256937
0.76425,1.232133639,-0.007186415,-0.066619269,1.796164129,143.7347107,67.79415296,57.27050324,-78695.20988,3047.194616,751.749847
0.7645,1.212647301,-0.011882459,0.04405465,1.69357931,143.7550784,67.76206608,57.31685964,-78693.56434,3045.019907,751.2133414
0.76475,1.231591695,0.013464715,0.031696346,1.709945783,143.7754461,67.76106615,57.32895792,-78671.6975,3022.42399,745.6388773
0.765,1.210967441,-0.021552191,-0.020357329,1.742201699,143.7958137,67.75223056,57.28349754,-78692.53652,3042.425853,750.5733823
0.76525,1.229845779,0.032560611,-0.07037184,1.770495049,143.8161814,67.75702652,57.25812564,-78708.61393,3057.378434,754.2622182
0.7655,1.231615253,0.029833756,0.008920002,1.714555286,143.8365491,67.72836797,57.3046045,-78705.9262,3053.312468,753.2591351
0.76575,1.240834994,0.016810882,0.011578746,1.734743014,143.8569168,67.65187789,57.34312779,-78712.0063,3058.027653,754.4223819
0.766,1.185099701,-0.035513381,-0.003620674,1.704103744,143.8772845,67.5776894,57.3643635,-78715.30778,3059.616323,754.8143104
0.76625,1.164285375,-0.002093286,0.002814091,1.646049455,143.8976521,67.57412522,57.38459353,-78689.61922,3032.886854,748.2200897
0.7665,1.203670515,0.02281535,0.028672967,1.665854877,143.9180198,67.57509754,57.38354526,-78705.57548,3046.58227,751.5987799
0.76675,1.226209312,-0.005657426,0.034665974,1.714321197,143.9383875,67.55506944,57.3648327,-78723.23728,3062.808009,755.6017067
0.767,1.116335808,-0.003647212,-0.056472323,1.622538556,143.9587552,67.54360977,57.32949393,-78707.02423,3044.478798,751.0798486
0.76725,1.1831778,-0.006299552,0.016271115,1.666444423,143.9791229,67.54213567,57.36648665,-78718.28291,3053.742116,753.3651303
0.7675,1.20171381,0.055574571,0.039675477,1.632244168,143.9994905,67.54020957,57.38902209,-78705.14675,3038.742992,749.6648122
0.76775,1.175942613,-0.017818007,-0.042114628,1.705672356,144.0198582,67.4833231,57.35908217,-78735.61085,3067.002489,756.6364945
0.768,1.140670669,-0.004796477,-0.000924468,1.617204203,144.0402259,67.4619715,57.38487442,-78720.89807,3050.792482,752.6374488
0.76825,1.164383964,0.006688402,0.075248137,1.590967097,144.0605936,67.45383341,57.42443207,-78698.59297,3026.851821,746.7312332
0.7685,1.166852693,-0.06732544,0.043249365,1.6726945,144.0809613,67.44509165,57.37535847,-78722.02141,3048.322235,752.0280333
0.76875,1.146688993,-0.018780292,-0.085538481,1.697397967,144.1013289,67.49341434,57.29999593,-78732.70552,3057.024223,754.1748334
0.769,1.164987507,0.096899317,-0.001440105,1.584625001,144.1216966,67.53742695,57.31218142,-78724.52613,3047.05997,751.7166295
0.76925,1.203489466,0.049985137,-0.02676422,1.688190402,144.1420643,67.45277014,57.34945084,-78734.19462,3054.482998,753.5479074
0.7695,1.148494852,-0.047626868,0.019398777,1.646225243,144.162432,67.35358633,57.38633699,-78746.11857,3064.724622,756.0745395
0.76975,1.145180112,-0.003516844,0.017284183,1.60999584,144.1827996,67.36491839,57.40392779,-78730.59496,3047.385752,751.7970007
0.77,1.179378896,0.022631111,0.031874297,1.629391813,144.2031673,67.37991682,57.40124179,-78728.41753,3043.480736,750.8336245
0.77025,1.11573021,-0.044730358,-0.041576738,1.638913679,144.223535,67.35378338,57.36101084,-78718.68447,3032.282823,748.0710739
0.7705,1.13737142,-0.017041581,0.009899882,1.613873381,144.2439027,67.36248107,57.36916259,-78733.15764,3045.035914,751.2172903
0.77075,1.150047712,0.030236657,0.024635741,1.587627246,144.2642704,67.38814614,57.37508726,-78725.5828,3035.897955,748.9629351
0.771,1.159371618,0.025989569,0.004268682,1.618421903,144.284638,67.39363527,57.34273178,-78740.19754,3049.345233,752.2804091
0.77125,1.146590638,-0.00302553,0.003121436,1.621473693,144.3050057,67.36676391,57.3291585,-78739.64918,3048.038758,751.9580989
0.7715,1.131071475,-0.024378839,-0.046619548,1.650004916,144.3253734,67.33434479,57.34968508,-78727.2175,3034.340708,748.5787588
0.77175,1.173239477,0.017683462,0.044519521,1.615561393,144.3457411,67.32739138,57.38734379,-78725.30376,3031.750645,747.9397842
0.772,1.12742601,-0.016225732,-0.002468654,1.607728371,144.3661088,67.29137768,57.36513753,-78739.22207,3044.434998,751.0690429
0.77225,1.10935367,0.00035888,0.011366099,1.560630421,144.3864764,67.29809386,57.36125109,-78734.51184,3038.6181,749.6340011
0.7725,1.149424838,0.020111078,0.005951957,1.607196404,144.4068441,67.302652,57.3594481,-78741.98245,3044.82186,751.1644827
0.77275,1.099692611,-0.023977335,-0.027605483,1.591680969,144.4272118,67.26858881,57.34480213,-78743.17935,3044.920288,751.1887651
0.773,1.119398197,-0.047220586,-0.006776815,1.622006548,144.4475795,67.25217573,57.36558737,-78717.64989,3018.431459,744.6539107
0.77325,1.143683128,0.034673959,0.047952864,1.559071031,144.4679472,67.26218015,57.385722,-78738.70349,3038.288238,749.5526234
0.7735,1.109037372,-0.013442775,0.009005284,1.571793941,144.4883148,67.24575206,57.3630633,-78745.32528,3043.563391,750.8540157
0.77375,1.11930846,0.035351596,-0.053858745,1.599763188,144.5086825,67.24089757,57.34198139,-78752.06019,3049.433566,752.3022012
0.774,1.134314278,0.018743021,0.013921022,1.5810767,144.5290502,67.22012323,57.36016914,-78755.38082,3051.681833,752.8568538
0.77425,1.112937943,-0.000449821,-0.01834654,1.587374305,144.5494179,67.18021262,57.36581272,-78743.11241,3038.431015,749.5878467
0.7745,1.101919692,-0.034901503,-0.010565707,1.590779187,144.5697855,67.16505972,57.37514337,-78744.06287,3037.814086,749.4356489
0.77475,1.14211818,0.025812528,0.087040003,1.537230324,144.5901532,67.18512287,57.38872428,-78755.77206,3048.672314,752.1143984
0.775,1.081428602,-0.051155048,-0.045668591,1.597849776,144.6105209,67.17469754,57.33174075,-78732.39036,3024.262605,746.0924677
0.77525,1.0937176,0.044657827,-0.042732923,1.549091135,144.6308886,67.17892652,57.33260461,-78750.59994,3041.304902,750.2968412
0.7755,1.09992992,-0.004843036,0.02119513,1.544302437,144.6512563,67.13877734,57.37493463,-78742.66256,3032.381654,748.0954556
0.77575,1.083941731,0.007156734,-0.031582939,1.550922945,144.6716239,67.09320784,57.37678894,-78759.65553,3048.013671,751.9519098
0.776,1.049556496,-0.010634367,0.014349968,1.481985641,144.6919916,67.06657044,57.39595068,-78749.80965,3037.22155,749.2894689
0.77625,1.046176924,0.01427426,0.032652703,1.44651036,144.7123593,67.05933692,57.40448314,-78752.99817,3039.318895,749.8068888
0.7765,1.057325363,-0.00299207,0.044894234,1.466827512,144.732727,67.0670969,57.38204811,-78769.52306,3054.685435,753.5978491
0.77675,1.089711139,-0.010931451,-0.02957007,1.569889148,144.7530947,67.09003079,57.33986426,-78759.44589,3043.687693,750.8846811
0.777,1.059310149,0.05092621,-0.023382861,1.481412893,144.7734623,67.11215868,57.33786153,-78752.17265,3035.158093,748.7804095
0.77725,1.079249024,0.067879997,0.003116412,1.478216165,144.79383,67.0590259,57.3688656,-78765.08105,3046.905962,751.6786355
0.7775,1.004145503,-0.077891145,-0.019045466,1.490364344,144.8141977,66.96249447,57.38873035,-78753.04264,3034.180399,748.5392101
0.77775,1.024648538,-0.008634642,0.002355502,1.453574204,144.8345654,66.96486554,57.40123972,-78778.69493,3058.286853,754.4863272
0.778,0.987546179,0.072359174,0.013082296,1.338155768,144.8549331,66.99484227,57.40522992,-78757.50667,3036.251074,749.0500503
0.77825,0.981635712,-0.018056901,-0.044783816,1.433051533,144.8753007,66.95014576,57.38839074,-78750.9492,3028.569139,747.1548995
0.7785,0.998392492,-0.024054038,0.019618779,1.416086934,144.8956684,66.92887674,57.40859785,-78752.71001,3029.662883,747.4247285
0.77875,1.014868092,0.013926119,0.039919674,1.397528145,144.9160361,66.92808447,57.41585621,-78772.30599,3047.851495,751.9119006
0.779,0.992856883,0.024750313,-0.008027845,1.392865743,144.9364038,66.91650131,57.39224788,-78777.22305,3051.831797,752.8938501
0.77925,0.983247722,0.04842064,-0.01832849,1.371682188,144.9567714,66.88967143,57.40109747,-78780.68227,3053.867169,753.3959811
0.7795,0.953183061,0.00325963,0.046171527,1.314102689,144.9771391,66.82723358,57.44440143,-78777.01681,3049.009355,752.1975474
0.77975,0.928013748,-0.039195058,0.020569678,1.327599125,144.9975068,66.75866584,57.46050635,-78782.66836,3052.992931,753.1803047
0.78,0.931241139,0.004291502,0.011855655,1.305588954,145.0178745,66.73586106,57.45911726,-78799.05833,3067.621266,756.7891482
0.78025,0.946580032,0.011123853,0.021748435,1.31548646,145.0382422,66.72187097,57.44800574,-78815.98256,3082.30345,760.4112763
0.7805,0.88226605,0.018748315,-0.009162663,1.241405273,145.0586098,66.72888078,57.42054624,-78818.25986,3081.752124,760.275263
0.78075,0.905250354,0.077624829,-0.03904555,1.261059372,145.0789775,66.74014881,57.42738161,-78813.84863,3074.325285,758.443045
0.781,0.880458856,0.060714721,0.014247685,1.193508034,145.0993452,66.69643796,57.46918901,-78804.14472,3062.180483,755.4468947
0.78125,0.814014971,-0.016662119,-0.038945701,1.19082446,145.1197129,66.58873515,57.49834415,-78811.98875,3066.932115,756.619133
0.7815,0.805755282,-0.017303213,0.017577857,1.140116498,145.1400806,66.52584274,57.54771227,-78814.3652,3066.89532,756.6100556
0.78175,0.821780709,-0.014245333,0.023975998,1.156240793,145.1604482,66.51574664,57.56962449,-78782.97618,3033.222456,748.3028833
0.782,0.833035748,-0.011184613,-0.00288779,1.188084599,145.1808159,66.5075634,57.53500037,-78816.69673,3064.028,755.9026813
0.78225,0.79392968,-0.016490315,-0.043906681,1.16597684,145.2011836,66.52010754,57.50163769,-78808.11206,3052.60984,753.0857952
0.7825,0.824329086,0.020278548,-0.012001662,1.160598294,145.2215513,66.53651336,57.51522092,-78817.67559,3059.107525,754.6887888
0.78275,0.857713711,0.049108023,0.019925285,1.164724962,145.241919,66.50363744,57.53509551,-78819.79864,3058.871149,754.6304744
0.783,0.839505103,-0.058479427,0.034283415,1.209695469,145.2622866,66.42805123,57.55377992,-78831.11719,3067.538668,756.7687711
0.78325,0.838230416,0.004858228,0.022437436,1.166334608,145.2826543,66.43779483,57.56615233,-78827.33548,3061.170942,755.1978385
0.7835,0.839643056,0.005660438,0.017112491,1.171415677,145.303022,66.46354537,57.53497289,-78816.15879,3047.869163,751.9162594
0.78375,0.803142778,-0.010822664,-0.070651611,1.195673817,145.3233897,66.46697959,57.49438571,-78805.74024,3035.128677,748.7731524
0.784,0.847773036,0.005861849,0.029139873,1.174528233,145.3437573,66.44616808,57.51617979,-78841.94036,3068.779031,757.0747714
0.78425,0.814283576,-0.013076734,-0.001628249,1.162053467,145.364125,66.41875909,57.52937884,-78821.18681,3045.72402,751.3870477
0.7845,0.862285052,-0.009548786,0.045328151,1.196045274,145.3844927,66.4162527,57.52992584,-78847.89413,3069.97706,757.370328
0.78475,0.874115386,-0.003187529,0.019571426,1.224917857,145.4048604,66.44712894,57.50315855,-78838.36276,3058.153749,754.4534902
0.785,0.85957288,0.044609847,-0.006961707,1.190674835,145.4252281,66.48134162,57.4663461,-78831.57831,3049.521672,752.3239372
0.78525,0.856187237,-0.006664324,-0.082237679,1.277053433,145.4455957,66.45907253,57.44436006,-78822.80533,3038.705067,749.6554559
0.7855,0.905192717,0.015785451,0.034967717,1.244469685,145.4659634,66.44601136,57.48440486,-78842.36784,3056.003877,753.9231117
0.78575,0.879324647,0.016618117,0.014289928,1.221700881,145.4863311,66.41333921,57.51103274,-78832.73722,3044.415055,751.0641231
0.786,0.84074277,-0.031771315,0.006856909,1.207534097,145.5066988,66.35957248,57.51575356,-78838.0925,3048.100741,751.9733901
0.78625,0.883958666,-0.045350088,0.015277589,1.273537313,145.5270665,66.35987689,57.51179094,-78848.32261,3056.466895,754.0373395
0.7865,0.948999165,0.057495138,0.073672698,1.249494925,145.5474341,66.4210695,57.50891878,-78850.65661,3057.275051,754.2367134
0.78675,0.876248505,0.012321241,-0.031559503,1.253958218,145.5678018,66.41321095,57.46520626,-78825.82154,3031.245708,747.8152152
0.787,0.901312655,-0.030575134,-0.050670049,1.332324932,145.5881695,66.37617508,57.4708423,-78835.17903,3039.217945,749.7819842
0.78725,0.967101874,0.042661556,0.056328888,1.297799726,145.6085372,66.36624093,57.51576688,-78847.5207,3050.242106,752.5016698
0.7875,0.943930845,0.004286164,-0.031183077,1.354635506,145.6289049,66.30260701,57.51436541,-78856.84952,3058.031963,754.4234454
0.78775,0.878723046,-0.069647242,0.010718936,1.288136663,145.6492725,66.27099331,57.54117691,-78839.68154,3039.617406,749.880532
0.788,0.956892839,0.02010611,0.029674924,1.318102424,145.6696402,66.32463367,57.53771402,-78832.97166,3031.783636,747.9479231
0.78825,0.926552495,0.005356268,-0.049782876,1.343455831,145.6900079,66.33626754,57.48058927,-78836.31458,3033.932397,748.4780275
0.7885,0.926259018,0.005701252,-0.02841243,1.326645362,145.7103756,66.32080471,57.47323861,-78848.28066,3044.881988,751.1793166
0.78875,0.942567651,-0.006513607,0.01325016,1.328449036,145.7307432,66.32005782,57.49886488,-78837.08582,3032.894271,748.2219195
0.789,0.976751101,0.033567955,0.031368129,1.335420626,145.7511109,66.32732057,57.48855277,-78857.42873,3052.296068,753.0083869
0.78925,0.962095315,0.024060593,-0.012774768,1.353380088,145.7714786,66.33256312,57.45601195,-78850.98672,3044.904452,751.1848585
0.7895,0.977119923,-0.021840813,0.017219532,1.385949864,145.7918463,66.33652874,57.45853799,-78843.21686,3036.296685,749.0613028
0.78975,1.005581435,0.007257057,0.052134072,1.381205048,145.812214,66.34878811,57.46581549,-78832.37365,3024.883302,746.2455951
0.79,0.987061552,-0.003762965,-0.059119658,1.441975281,145.8325816,66.3448275,57.42159229,-78842.44731,3034.164988,748.5354082
0.79025,0.998668637,-0.015870698,0.018569196,1.411053183,145.8529493,66.34199116,57.43046774,-78840.89579,3032.184077,748.046713
0.7905,1.006294404,0.025746571,0.038032454,1.378098763,145.873317,66.34759646,57.43236528,-78848.6635,3039.541764,749.8618711
0.79075,1.016726467,0.022171886,-0.015716866,1.434054952,145.8936847,66.32861615,57.41385579,-78872.50881,3062.614698,755.5540164
0.791,0.99015611,-0.004505643,-0.020912939,1.4184082,145.9140524,66.31550735,57.43963396,-78831.42182,3021.66479,745.4515809
0.79125,1.041304306,0.02033286,0.054320473,1.420448851,145.93442,66.29035382,57.47299732,-78849.26567,3039.172722,749.7708275
0.7915,0.978153754,-0.056823962,-0.022880077,1.440277678,145.9547877,66.25922298,57.44879932,-78831.80782,3021.854807,745.4984585
0.79175,0.982207502,-0.020379117,0.01233467,1.395314814,145.9751554,66.30515679,57.42915088,-78833.48477,3023.427059,745.8863366
0.792,0.994822642,0.064477111,0.022475604,1.346389875,145.9955231,66.36816515,57.40065596,-78823.89679,3013.951905,743.5487947
0.79225,0.956895996,-0.027017925,-0.034076642,1.396482438,146.0158908,66.32734897,57.37363117,-78826.16857,3016.525949,744.1838172
0.7925,0.967815529,-0.056881984,-0.016531642,1.42146843,146.0362584,66.29275858,57.39967456,-78826.72932,3017.412529,744.4025385
0.79275,1.071755494,0.060724069,0.040980416,1.443977705,146.0566261,66.31439276,57.4331227,-78840.13023,3031.248327,747.8158612
0.793,1.007172969,-0.036858664,-0.017747101,1.463157015,146.0769938,66.29094176,57.40679375,-78821.84743,3013.802252,743.5118749
0.79325,1.003398567,-0.038484832,-0.034127848,1.470374463,146.0973615,66.30948124,57.38243816,-78825.65315,3018.149817,744.5844289
0.7935,1.070539517,0.054771234,-0.004553829,1.480246727,146.1177292,66.35260218,57.37908778,-78820.95472,3014.667727,743.7253896
0.79375,1.004919428,0.006707225,-0.036996624,1.443581202,146.1380968,66.31675965,57.35556724,-78828.10088,3022.59176,745.6802664
0.794,1.000601894,-0.034668494,-0.025124581,1.457391733,146.1584645,66.29029938,57.37049897,-78825.26813,3020.618122,745.1933655
0.79425,1.080643583,0.045832315,0.022453064,1.480252723,146.1788322,66.30279393,57.41098386,-78823.13057,3019.547049,744.9291293
0.7945,1.063563282,-0.008588374,0.022449588,1.494787695,146.1991999,66.26181822,57.40420729,-78834.24879,3031.760781,747.9422849
0.79475,1.010707725,-0.074447083,-0.061639329,1.525664838,146.2195675,66.24567512,57.37010627,-78821.44481,3020.159976,745.0803399
0.795,1.080053301,0.067749859,0.02530446,1.462550849,146.2399352,66.30712336,57.38690673,-78824.46851,3023.899075,746.0027842
0.79525,1.077190823,-0.006630538,0.030212981,1.507378117,146.2603029,66.28522147,57.37878876,-78825.12521,3025.620124,746.4273707
0.7955,1.041638818,-0.08216247,-0.052331011,1.568626545,146.2806706,66.2538949,57.35097515,-78810.55205,3012.406639,743.167574
0.79575,1.104036477,0.017973342,-0.008015722,1.554628142,146.3010383,66.28882353,57.37167961,-78817.71094,3020.418134,745.144028
0.796,1.111592973,0.037940286,0.032611785,1.522156,146.3214059,66.2746607,57.37478828,-78837.53088,3040.953765,750.210215
0.79625,1.059489133,-0.012388618,-0.019742474,1.52109068,146.3417736,66.22973436,57.35595999,-78839.14125,3044.02068,750.9668299
0.7965,1.063093001,-0.043652585,-0.002222048,1.536716772,146.3621413,66.22876799,57.36936216,-78813.87513,3019.7928,744.9897568
0.79675,1.121971699,0.051419863,0.067690514,1.50261598,146.382509,66.26431589,57.39536841,-78820.73608,3027.180688,746.8123656
0.797,1.02970845,-0.003474604,-0.020895256,1.473614213,146.4028767,66.24765135,57.35429709,-78810.72103,3018.167879,744.588885
0.79725,1.010975136,0.001381839,-0.055493737,1.469649385,146.4232443,66.24442952,57.33993151,-78813.61052,3021.987908,745.5312949
0.7975,1.08180834,0.072443817,0.04379875,1.448137144,146.443612,66.24441383,57.37682207,-78827.17106,3036.595851,749.1351077
0.79775,1.072443743,-0.010114762,-0.015857494,1.535045759,146.4639797,66.18684516,57.37601424,-78826.41155,3036.974624,749.2285518
0.798,1.049855177,-0.017972258,0.021077505,1.483294918,146.4843474,66.18896314,57.38443844,-78809.09527,3021.129948,745.3196342
0.79825,1.084185116,0.025725161,0.051501894,1.478998496,146.5047151,66.2243584,57.37326151,-78817.38997,3030.643081,747.6665457
0.7985,1.108542486,0.01360064,-0.026919744,1.577914454,146.5250827,66.22499727,57.32710439,-78823.84186,3038.751168,749.6668292
0.79875,1.047180438,-0.008379391,-0.047044931,1.520865127,146.5454504,66.23159236,57.30894132,-78813.47769,3029.645366,747.4204072
0.799,1.103141171,0.026829578,0.05483172,1.502725348,146.5658181,66.24478979,57.34218204,-78814.03739,3031.34082,747.8386794
0.79925,1.096952789,0.019194027,-0.001699387,1.539167661,146.5861858,66.2203137,57.32895716,-78811.02147,3029.498499,747.3841747
0.7995,1.037788676,-0.043712245,-0.075360854,1.552336224,146.6065534,66.1849292,57.30900788,-78811.39016,3031.045437,747.7658078
0.79975,1.107690099,0.026823714,0.069508347,1.499304995,146.6269211,66.21868857,57.35799936,-78800.25221,3020.86435,745.2541105
0.8,1.113964248,0.010571719,0.049631814,1.533559354,146.6472888,66.21405901,57.34358669,-78812.52495,3034.495343,748.6169074
0.80025,1.054435788,-0.030284974,-0.058260391,1.554186136,146.6676565,66.19652095,57.28721724,-78817.65759,3040.838127,750.1816867
0.8005,1.094570121,0.026049117,0.00015142,1.52975819,146.6880242,66.2236573,57.30429038,-78796.02391,3020.699731,745.2134986
0.80075,1.124374706,0.045927852,0.028089524,1.537922958,146.7083918,66.21392,57.34121358,-78799.67293,3025.60639,746.4239826
0.801,1.09545158,-0.012884736,-0.029212391,1.579096269,146.7287595,66.16454652,57.33163595,-78786.86957,3014.294698,743.6333625
0.80125,1.074942361,-0.041793627,-0.034308671,1.574037212,146.7491272,66.13865445,57.32580389,-78802.45148,3030.631684,747.6637342
0.8015,1.115458179,-0.006344988,0.06414277,1.539050018,146.7694949,66.16519583,57.3463333,-78799.96068,3029.235453,747.3192806
0.80175,1.146515737,0.047729323,0.056183711,1.547975125,146.7898626,66.19830659,57.31796415,-78813.72537,3043.990237,750.9593196
0.802,1.099144374,0.012259962,-0.017697306,1.558701543,146.8102302,66.18351325,57.2823861,-78812.51223,3044.375849,751.0544509
0.80225,1.08056537,-0.023319307,-0.032547344,1.567694629,146.8305979,66.16016598,57.29047201,-78789.06299,3021.899231,745.5094179
0.8025,1.126719923,0.036637769,0.062299225,1.523787727,146.8509656,66.14871165,57.32590644,-78813.53884,3047.290409,751.7734796
0.80275,1.103652465,-0.063443623,-0.012305858,1.615577707,146.8713333,66.10344102,57.32762912,-78781.94296,3017.017413,744.3050625
0.803,1.115290227,-0.050853349,0.032422224,1.593558525,146.891701,66.10273781,57.33295271,-78792.20079,3028.164127,747.0549822
0.80325,1.153591357,0.037665044,0.036485623,1.578992763,146.9120686,66.1398027,57.32532269,-78796.06982,3032.816007,748.2026116
0.8035,1.125144973,-0.009142982,0.021201482,1.58310492,146.9324363,66.14193797,57.29638714,-78786.07552,3023.789517,745.9757558
0.80375,1.134775808,-0.013359388,-0.009983004,1.621326175,146.952804,66.1386204,57.27301243,-78796.65511,3035.201037,748.7910038
0.804,1.145902771,-0.005290904,0.006515584,1.619749805,146.9731717,66.15182952,57.27614453,-78792.05606,3031.465283,747.8693848
0.80425,1.181746197,0.027214064,0.008798389,1.645931392,146.9935393,66.15425805,57.28082202,-78785.93978,3026.1967,746.5696134
0.8045,1.123257673,0.013989652,-0.030694953,1.601274155,147.013907,66.12085452,57.26202887,-78795.19712,3036.224023,749.0433768
0.80475,1.095574233,-0.014050217,-0.042485862,1.589734501,147.0342747,66.10027484,57.25911432,-78800.87901,3042.1418,750.5033059
0.805,1.132754779,0.07763614,0.044062988,1.516460457,147.0546424,66.11828846,57.29249494,-78793.98809,3035.706186,748.9156252
0.80525,1.140350001,0.017596195,0.010719587,1.592698424,147.0750101,66.06504072,57.2959389,-78810.15618,3051.858495,752.9004366
0.8055,1.087444004,-0.065463816,0.011423837,1.578900741,147.0953777,66.04191882,57.28706614,-78804.53147,3046.438163,751.5632285
0.80575,1.129041804,0.04262361,0.036192457,1.540994985,147.1157454,66.10005514,57.27628786,-78789.24768,3031.571239,747.8955245
0.806,1.113756262,0.021144821,0.007685463,1.55479051,147.1361131,66.09776314,57.23791755,-78802.81435,3045.367316,751.2990481
0.80625,1.083154433,-0.070855995,0.000227666,1.584147511,147.1564808,66.07767301,57.21936253,-78795.27596,3037.821387,749.4374501
0.8065,1.142748364,0.049601536,-0.00196311,1.583664503,147.1768485,66.13200816,57.21444567,-78786.33695,3028.666892,747.1790154
0.80675,1.101957053,0.038351286,-0.040365951,1.562803722,147.1972161,66.1199404,57.21076348,-78786.07168,3028.458461,747.1275951
0.807,1.105630742,-0.033559304,-0.025236581,1.605205324,147.2175838,66.06581249,57.24144901,-78789.11271,3031.218748,747.8085641
0.80725,1.154764099,-0.010670818,0.065837864,1.596825747,147.2379515,66.05869367,57.27593778,-78797.47534,3039.495011,749.850337
0.8075,1.136204021,0.020975399,-0.044095304,1.625138631,147.2583192,66.07202611,57.24447291,-78775.93218,3018.694915,744.7189061
0.80775,1.101292681,-0.0234055,-0.007848768,1.579678058,147.2786869,66.06845681,57.22118864,-78779.7014,3022.741231,745.7171413
0.808,1.119622533,0.025166628,-0.019938704,1.580654306,147.2990545,66.07307114,57.2187033,-78791.24624,3034.509057,748.6202907
0.80825,1.138593781,0.015581893,-0.011007518,1.607310127,147.3194222,66.04944159,57.23468144,-78783.63554,3027.672273,746.9336406
0.8085,1.102458545,-0.027610598,0.035673201,1.555343074,147.3397899,66.00685575,57.24512064,-78785.08601,3029.709598,747.4362533
0.80875,1.083218028,-0.043788335,-0.00819699,1.569266335,147.3601576,66.00289762,57.23031791,-78775.05622,3019.995897,745.0398612
0.809,1.134074859,0.045744525,0.011713163,1.563750883,147.3805252,66.03372742,57.21600927,-78799.88883,3045.205202,751.2590541
0.80925,1.118654851,0.01906549,0.005881983,1.564459658,147.4008929,66.02191955,57.21499707,-78792.2972,3037.793719,749.4306243
0.8095,1.107046095,-0.008165173,0.010780687,1.5639223,147.4212606,65.97878094,57.22551901,-78801.29096,3047.102967,751.727237
0.80975,1.086358051,-0.020296965,0.026382861,1.533105258,147.4416283,65.97290908,57.2333958,-78795.28633,3040.968042,750.2137371
0.81,1.091234347,0.070936885,0.029054572,1.473426929,147.461996,65.99524756,57.22136886,-78804.09891,3050.118821,752.4712552
0.81025,1.069762079,-0.031381222,-0.016602609,1.54690763,147.4823636,65.95406085,57.19901851,-78795.25972,3041.636122,750.378554
0.8105,1.085946951,-0.035719554,0.006098075,1.557548734,147.5027313,65.97398176,57.2089149,-78779.43072,3025.931591,746.5042103
0.81075,1.105947086,0.029448581,0.033926682,1.519242189,147.523099,66.02234928,57.19986892,-78768.14046,3014.866706,743.774478
0.811,1.079090275,0.012467887,-0.034340832,1.542596255,147.5434667,66.02482423,57.14650591,-78777.43858,3024.420613,746.1314487
0.81125,1.056905653,-7.46E-05,-0.062109747,1.540535952,147.5638344,66.01698552,57.12571982,-78790.25413,3037.501513,749.3585365
0.8115,1.117393908,-0.005776196,0.0371578,1.55893055,147.584202,66.01019835,57.16178805,-78794.973,3042.611807,750.6192578
0.81175,1.085051205,0.029767176,0.038314232,1.486390165,147.6045697,66.01215704,57.16908619,-78771.27716,3019.150787,744.8313706
0.812,1.119518676,-0.011585459,-0.018466344,1.604510461,147.6249374,66.00379151,57.14639384,-78784.61673,3033.225795,748.3037073
0.81225,1.128413772,0.014158148,0.009542931,1.579068984,147.6453051,66.00944265,57.13325235,-78791.41265,3040.640134,750.1328414
0.8125,1.092410685,0.041883065,-0.023072661,1.533665746,147.6656728,66.0171686,57.12522784,-78774.50513,3024.387136,746.1231899
0.81275,1.074365321,-0.002305215,-0.014884468,1.531614436,147.6860404,65.95972318,57.14951887,-78777.37918,3027.744849,746.9515453
0.813,1.120042086,-0.032541859,0.053990453,1.57238789,147.7064081,65.92968535,57.18566757,-78794.84943,3045.295108,751.2812341
0.81325,1.142665069,0.027548007,0.041667936,1.567124794,147.7267758,65.95722012,57.17140154,-78783.094,3034.480252,748.6131845
0.8135,1.076522527,-0.033430404,-0.042996763,1.576518464,147.7471435,65.94978059,57.12129514,-78783.71577,3035.447259,748.8517473
0.81375,1.095824962,0.014499634,-0.010627728,1.547298745,147.7675111,65.97694682,57.11797569,-78774.34736,3026.246339,746.5818595
0.814,1.113200974,0.025081607,0.037412511,1.530188428,147.7878788,65.98834105,57.12759803,-78778.195,3030.254555,747.5706955
0.81425,1.054902757,-0.02718726,0.009020167,1.505357158,147.8082465,65.95898241,57.10390247,-78785.88406,3038.227921,749.537743
0.8145,1.101406047,-0.010109246,-0.001220113,1.565672287,147.8286142,65.96247714,57.08981856,-78791.53785,3044.890417,751.1813958
0.81475,1.095356759,0.018216719,-0.000113003,1.536431139,147.8489819,65.98273955,57.09005127,-78776.39718,3030.203166,747.5580178
0.815,1.112738208,0.032466426,-0.007799719,1.556988674,147.8693495,65.97948536,57.08372494,-78782.35122,3036.673662,749.1543037
0.81525,1.082262914,0.005919926,0.008329282,1.520478043,147.8897172,65.94300464,57.08915569,-78792.45394,3047.321646,751.7811856
0.8155,1.096383916,-0.022300189,-0.000914338,1.567155047,147.9100849,65.93147007,57.10267305,-78772.52881,3028.084847,747.0354236
0.81575,1.069311986,-0.031280597,0.052319369,1.500855413,147.9304526,65.96027676,57.10261378,-78753.99301,3010.005639,742.5752418
0.816,1.072891651,0.03841391,-0.013563656,1.501076613,147.9508203,65.97379826,57.04819581,-78784.50564,3041.014767,750.2252644
0.81625,1.059287899,-0.004958625,-0.057239922,1.543369163,147.9711879,65.96550645,57.02046469,-78779.79546,3037.057577,749.2490165
0.8165,1.079812411,0.021064264,-0.004644949,1.51580222,147.9915556,65.97645031,57.05676149,-78753.43646,3011.499352,742.9437442
0.81675,1.100358005,0.024515902,0.065415965,1.493390128,148.0119233,65.94309512,57.07105978,-78785.28276,3043.85141,750.9250706
0.817,1.022669486,-0.093629665,-0.013572923,1.525231527,148.032291,65.9096963,57.03270957,-78769.84084,3029.165657,747.3020619
0.81725,1.071537243,0.045363113,-0.055237198,1.52734227,148.0526587,65.96763289,57.01719799,-78770.21689,3029.96331,747.4988446
0.8175,1.11043608,0.018340153,0.031885769,1.534968328,148.0730263,65.96609159,57.04347663,-78762.53122,3022.787121,745.7284626
0.81775,1.111915811,-0.022722886,0.004860097,1.585477262,148.093394,65.92501224,57.04537322,-78765.50032,3026.54194,746.654785
0.818,1.148509956,-0.040758271,-0.011613261,1.661654063,148.1137617,65.91500403,57.04484045,-78770.8583,3032.540188,748.1345663
0.81825,1.109778759,0.015618959,0.046543619,1.52597869,148.1341294,65.94279767,57.05732722,-78749.87381,3012.124152,743.0978839
0.8185,1.113290839,0.05157439,-0.018055054,1.553072313,148.1544971,65.9315122,57.02959171,-78766.97282,3029.973259,747.5012992
0.81875,1.061065516,-0.082255816,-0.014420309,1.571131784,148.1748647,65.89494231,57.01088935,-78766.90485,3030.533474,747.6395055
0.819,1.071537991,0.034911946,0.034089037,1.466592843,148.1952324,65.94855398,57.01189486,-78758.57402,3023.100134,745.8056835
0.81925,1.084231058,0.00981636,-0.01182073,1.534980334,148.2156001,65.95420841,56.98611388,-78758.94754,3024.214254,746.0805395
0.8195,1.093594722,0.01410965,-0.004885646,1.54022984,148.2359678,65.91158797,56.99858011,-78783.05865,3048.869139,752.1629556
0.81975,1.102142457,-0.020002751,0.036482702,1.548557776,148.2563354,65.88230915,57.03231924,-78765.0679,3031.894896,747.9753712
0.82,1.070179432,0.022760539,-0.006444305,1.502350801,148.2767031,65.87285017,57.02191523,-78769.93086,3037.269827,749.301379
0.82025,1.060973558,-0.028815924,-0.010844143,1.528645572,148.2970708,65.86367684,57.00796756,-78765.01686,3032.803238,748.1994615
0.8205,1.043529168,0.015879634,-0.009658195,1.471706277,148.3174385,65.88239569,57.00323145,-78765.99014,3034.092596,748.5175489
0.82075,1.056708501,0.002687829,0.000200113,1.492372521,148.3378062,65.87246969,57.00336059,-78759.73304,3028.106214,747.0406949
0.821,1.077392238,0.001548267,-0.004744269,1.525942092,148.3581738,65.86519241,56.99219967,-78770.85697,3039.423944,749.8328046
0.82125,1.079975267,0.018000441,-0.052526267,1.554131357,148.3785415,65.86566257,56.99407098,-78756.53899,3025.374468,746.366767
0.8215,1.109327322,-0.029055106,0.06474682,1.547857157,148.3989092,65.85244305,57.02075303,-78760.5941,3029.611604,747.412078
0.82175,1.030768365,-0.019077681,-0.013393216,1.480703361,148.4192769,65.83932214,56.99525188,-78745.94568,3015.123364,743.8377962
0.822,1.066103734,-0.034839405,-0.023720748,1.549166492,148.4396446,65.84062039,56.97036308,-78760.50466,3029.983711,747.5038777
0.82225,1.061918008,-0.009304504,-0.010229511,1.515591907,148.4600122,65.86310622,56.95930981,-78757.03468,3026.615966,746.6730472
0.8225,1.082558928,0.050408434,-0.009815465,1.504075588,148.4803799,65.8785673,56.942564,-78768.15336,3037.693537,749.4059093
0.82275,1.041607529,-0.03366979,-0.041151243,1.525989463,148.5007476,65.85176617,56.93170165,-78747.52593,3017.309567,744.3771374
0.823,1.086965459,0.009907243,-0.006931645,1.535235755,148.5211153,65.85092627,56.95589672,-78763.46189,3032.861224,748.2137666
0.82325,1.082364983,0.002858446,0.072598899,1.479805946,148.541483,65.83082242,56.97914726,-78772.56765,3041.744866,750.4053813
0.8235,1.096980118,0.018452697,0.020988711,1.523478039,148.5618506,65.82735124,56.94773113,-78776.33108,3045.679012,751.3759442
0.82375,1.045908547,-0.03690766,-0.039026375,1.53283372,148.5822183,65.81357428,56.92316114,-78765.42024,3034.762706,748.6828666
0.824,1.064927862,0.004233389,2.64E-05,1.503032109,148.602586,65.82596353,56.94328607,-78753.4116,3022.512715,745.6607659
0.82425,1.072967774,-0.016050323,0.02642816,1.51096327,148.6229537,65.82322171,56.94549097,-78749.1402,3018.377584,744.6406198
0.8245,1.058415002,-0.026297451,-0.017855602,1.528080752,148.6433213,65.82879723,56.9005028,-78777.56721,3046.513201,751.5817405
0.82475,1.105613402,-0.003960897,-0.016249526,1.577936172,148.663689,65.88376421,56.87613181,-78754.2491,3023.147048,745.8172573
0.825,1.103967052,0.064787555,0.049524319,1.480532496,148.6840567,65.9116763,56.8676579,-78770.30149,3039.193357,749.7759182
0.82525,1.052031216,-0.061008396,-0.089502138,1.594605741,148.7044244,65.84929711,56.84252303,-78754.39231,3023.405787,745.8810888
0.8255,1.114303827,-0.026618021,0.030549249,1.574641149,148.7247921,65.83824607,56.89758841,-78756.89337,3025.981723,746.5165781
0.82575,1.134086609,0.018534043,0.090293188,1.529415447,148.7451597,65.84353212,56.92712807,-78762.84739,3032.020692,748.0064055
0.826,1.106011042,-0.039650582,-0.034116789,1.616311433,148.7655274,65.80733811,56.88201637,-78752.72174,3022.846789,745.7431827
0.82625,1.041223257,-0.052630758,-0.046949842,1.542941857,148.7858951,65.81298669,56.86461599,-78741.35664,3011.82988,743.0252862
0.8265,1.106034448,0.033284748,0.076162119,1.487705415,148.8062628,65.86303486,56.89034702,-78740.09167,3011.109933,742.8476737
0.82675,1.083888981,-0.024559947,-0.021722549,1.565581021,148.8266305,65.8391685,56.83628331,-78757.29144,3028.626963,747.1691649
0.827,1.081588994,-0.053212661,-0.056370884,1.607089748,148.8469981,65.84310975,56.80382679,-78765.7048,3037.815511,749.4360006
0.82725,1.154296131,0.078545473,0.020247664,1.564194374,148.8673658,65.89551357,56.84553205,-78748.36733,3021.042684,745.2981061
0.8275,1.11641559,0.048996126,0.002362001,1.543591414,148.8877335,65.84171905,56.84850163,-78765.52072,3038.513599,749.6082203
0.82775,1.044785773,-0.055509555,-0.047973531,1.550751268,148.9081012,65.75469674,56.8611872,-78749.12599,3023.235855,745.8391663
0.828,1.085753255,-0.01519709,0.044085117,1.516798785,148.9284689,65.75533661,56.90290666,-78750.98964,3025.511915,746.4006754
0.82825,1.106013515,-0.000499195,0.050990263,1.529737103,148.9488365,65.78064682,56.89533767,-78742.47783,3017.892199,744.5208741
0.8285,1.108822105,-0.004229167,-0.020946221,1.586045101,148.9692042,65.79762068,56.8286224,-78760.97572,3037.308813,749.3109971
0.82875,1.084191998,-0.003109967,-0.027140266,1.554947722,148.9895719,65.8160697,56.81431861,-78745.44713,3022.48421,745.6537338
0.829,1.098899607,0.004361713,0.001386418,1.550018469,149.0099396,65.8168253,56.8279339,-78739.99188,3018.048883,744.5595284
0.82925,1.098019419,-0.040369516,-0.017189219,1.593787,149.0303072,65.78744399,56.82369452,-78749.15844,3027.605972,746.917284
0.8295,1.088811698,-0.017951704,-0.021381018,1.567630332,149.0506749,65.78044958,56.8541548,-78725.36548,3004.451364,741.2049896
0.82975,1.173867185,0.01650202,0.052018023,1.612234801,149.0710426,65.79529164,56.86937687,-78742.06663,3022.286886,745.6050534
0.83,1.126638052,-0.011828967,-0.021599909,1.61698888,149.0914103,65.77940543,56.81263165,-78762.56784,3043.693001,750.8859906
0.83025,1.11209096,-0.013683566,-0.077024224,1.638711458,149.111778,65.7830201,56.79329953,-78743.40398,3025.768195,746.4639003
0.8305,1.148762157,0.026218715,0.045195405,1.574269186,149.1321456,65.80325705,56.84288076,-78728.56083,3012.11707,743.0961366
0.83075,1.162567582,-0.003410766,0.005864847,1.642422833,149.1525133,65.76362003,56.84274442,-78735.22362,3019.837104,745.0006867
0.831,1.10174844,-0.083957823,0.003283902,1.618683045,149.172881,65.73090392,56.82461178,-78731.91217,3017.858399,744.5125355
0.83125,1.158945388,0.043443805,0.031838052,1.585827677,149.1932487,65.79328106,56.81845517,-78737.63324,3024.873777,746.2432453
0.8315,1.138879377,0.055244526,-0.0300606,1.596233731,149.2136164,65.80476143,56.79175748,-78731.64823,3020.212017,745.0931786
0.83175,1.156812594,-0.017922476,-0.050704513,1.684985077,149.233984,65.77276753,56.78086173,-78725.54504,3015.44063,743.9160666
0.832,1.157723258,-0.000422046,0.018354803,1.624750317,149.2543517,65.76636979,56.79468509,-78745.95108,3036.520744,749.1165785
0.83225,1.154825291,-0.020515102,0.011263482,1.640173323,149.2747194,65.77775058,56.7901202,-78726.12677,3017.638579,744.4583055
0.8325,1.158539373,0.014006351,0.023635459,1.611848458,149.2950871,65.79392432,56.76378478,-78745.80385,3038.138711,749.5157347
0.83275,1.168871834,0.019828211,-0.007085636,1.644354455,149.3154548,65.80313169,56.74003722,-78737.50756,3031.102313,747.7798394
0.833,1.135509952,-0.006148931,-0.015158737,1.620957931,149.3358224,65.78625565,56.74654392,-78729.08328,3023.337295,745.8641917
0.83325,1.192020608,-0.022152925,-0.025489938,1.71946516,149.3561901,65.77465056,56.76370394,-78716.13851,3011.434649,742.9277818
0.8335,1.139453257,0.043699056,0.039552119,1.552571087,149.3765578,65.75834036,56.77726277,-78747.8388,3043.373371,750.8071372
0.83375,1.128373214,-0.04836811,-0.020589095,1.644872702,149.3969255,65.70830339,56.7670234,-78736.4513,3032.933392,748.2315707
0.834,1.134287548,-0.040355617,-0.015359494,1.643806464,149.4172931,65.72296937,56.75362374,-78736.87673,3034.285501,748.5651389
0.83425,1.17417269,0.036119344,0.017529879,1.622754935,149.4376608,65.79253868,56.72868898,-78735.10836,3032.676082,748.1680916
0.8345,1.154065109,0.05180132,-0.031197017,1.620716043,149.4580285,65.81265769,56.69755684,-78724.18254,3022.476376,745.651801
0.83475,1.15304674,-0.02325947,-0.008880759,1.653474693,149.4783962,65.7581868,56.71052297,-78734.98048,3033.5,748.3713542
0.835,1.143426163,0.011391204,0.01323452,1.599637363,149.4987639,65.73138029,56.73833132,-78730.61445,3029.576775,747.4034856
0.83525,1.110382379,-0.010306258,-0.010726535,1.585190333,149.5191315,65.71421702,56.75127133,-78712.61391,3011.985382,743.0636489
0.8355,1.12930618,-0.033698775,0.034838706,1.598479579,149.5394992,65.69559217,56.75098495,-78725.71155,3025.315673,746.352262
0.83575,1.099215714,-0.015395366,-0.024392338,1.582698284,149.5598669,65.71481383,56.72425451,-78707.45016,3007.464918,741.9484402
0.836,1.145041583,0.044056446,-0.023309475,1.606782696,149.5802346,65.73385718,56.70650744,-78737.66202,3037.549999,749.3704981
0.83625,1.143150152,0.000574726,-0.010959059,1.624062715,149.6006023,65.70671448,56.71268508,-78738.65084,3038.8401,749.6887689
0.8365,1.120228207,-0.004153018,0.015942134,1.57609793,149.6209699,65.69677932,56.7338435,-78714.4452,3015.056935,743.8214081
0.83675,1.124211836,0.039269362,0.000902321,1.562176837,149.6413376,65.69885551,56.72012115,-78739.77881,3040.53117,750.1059599
0.837,1.071542264,-0.025145193,-0.039043947,1.560871003,149.6617053,65.70558509,56.68088663,-78719.8086,3021.011968,745.2905282
0.83725,1.115825131,0.033545658,0.013983657,1.544592556,149.682073,65.73250022,56.67947434,-78720.91117,3022.457967,745.6472594
0.8375,1.100160323,0.013170054,0.010061835,1.53943893,149.7024407,65.70698791,56.6677454,-78734.63125,3036.275371,749.0560444
0.83775,1.099060605,-0.045357913,-0.051232907,1.622622391,149.7228083,65.67750912,56.65994463,-78741.95172,3043.449421,750.825899
0.838,1.092728108,0.023152402,0.031714239,1.50659083,149.743176,65.68377911,56.70249452,-78721.24728,3022.744147,745.7178607
0.83825,1.135290502,0.002038635,-0.016842972,1.616176924,149.7635437,65.65717111,56.7048442,-78723.70122,3024.83339,746.2332818
0.8385,1.111041764,-0.036630549,0.045595631,1.568148062,149.7839114,65.63847453,56.70006948,-78739.02556,3039.986617,749.9716172
0.83875,1.102611167,0.005539144,0.048566438,1.521981821,149.804279,65.6668255,56.67671121,-78742.03608,3042.927192,750.6970638
0.839,1.086562633,-0.030810872,0.009989381,1.552159199,149.8246467,65.69525975,56.63883824,-78723.00623,3023.637132,745.938162
0.83925,1.148201973,0.045383894,0.017021108,1.580057693,149.8450144,65.72110906,56.61023547,-78758.29229,3058.379723,754.5092384
0.8395,1.088074606,0.005465234,0.016773696,1.523107538,149.8653821,65.69466811,56.59917755,-78756.9364,3057.029316,754.1760898
0.83975,1.069681683,0.015572036,-0.039072505,1.53083932,149.8857498,65.67146935,56.6165935,-78739.5522,3039.254236,749.7909372
0.84,1.119772803,0.028017475,0.035546509,1.538678992,149.9061174,65.64124205,56.67400521,-78731.64469,3030.615307,747.6596938
0.84025,1.081950935,-0.055340752,0.009318004,1.564657962,149.9264851,65.58333262,56.6794173,-78732.87276,3031.509918,747.8803964
0.8405,1.057868803,-0.033737716,0.019174828,1.507743248,149.9468528,65.59906346,56.6640037,-78727.64506,3025.718451,746.4516283
0.84075,1.091183091,0.045930858,-0.001389787,1.512781203,149.9672205,65.66052858,56.62915954,-78723.11166,3021.109111,745.3144936
0.841,1.125925016,0.054033038,-0.032681786,1.580772468,149.9875882,65.67035534,56.58640516,-78735.41669,3033.380607,748.3418997
0.84125,1.072930113,0.012678198,-0.049214346,1.545047895,150.0079558,65.63254957,56.59353726,-78739.46748,3036.955245,749.2237708
0.8415,1.081856036,-0.011863493,0.012911131,1.529535681,150.0283235,65.60613299,56.64387665,-78716.32245,3013.278905,743.3827641
0.84175,1.096439786,-0.04967316,0.063992397,1.546752196,150.0486912,65.58468235,56.65351068,-78724.69655,3021.5621,745.426247
0.842,1.057638024,-0.012748302,-0.04638693,1.538092827,150.0690589,65.6024326,56.59755215,-78736.02747,3032.6841,748.1700697
0.84225,1.103597392,0.0336181,-0.001569695,1.538664406,150.0894266,65.64657058,56.58345177,-78731.80297,3028.577958,747.1570752
0.8425,1.071038489,0.012558587,0.009216279,1.499285589,150.1097942,65.64081932,56.56660151,-78738.77238,3035.531347,748.8724921
0.84275,1.048240442,-0.040937322,-0.027932059,1.531216703,150.1301619,65.6168449,56.55207159,-78728.79008,3025.54669,746.4092546
0.843,1.061982974,-0.008820966,-0.029529372,1.529198848,150.1505296,65.61236177,56.56309343,-78738.35594,3034.879169,748.7115983
0.84325,1.031558691,0.010127083,0.034112353,1.427864496,150.1708973,65.59520224,56.5783003,-78743.22574,3039.238305,749.7870071
0.8435,1.058931801,-0.023363022,0.024013789,1.498219588,150.191265,65.56816397,56.56567215,-78757.69087,3053.196695,753.2305736
0.84375,0.995359341,-0.047358758,-8.51E-05,1.442361077,150.2116326,65.57174397,56.53600092,-78744.69964,3039.494811,749.8502877
0.844,1.057426847,0.027746821,0.011930803,1.467498921,150.2320003,65.61640778,56.50766252,-78769.51572,3062.959134,755.6389896
0.84425,1.002860079,0.038344222,-0.013304785,1.40198056,150.252368,65.62557179,56.49365256,-78742.60708,3035.070902,748.7588994
0.8445,0.995610953,0.019509338,0.042877102,1.364192877,150.2727357,65.58981456,56.50848078,-78760.89006,3052.031817,752.9431955
0.84475,0.962192697,-0.00934275,-0.027381343,1.386889793,150.2931033,65.54735437,56.5099352,-78762.70726,3052.129388,752.9672667
0.845,0.990273402,-0.036637869,0.019402113,1.414311952,150.313471,65.53694084,56.53146274,-78736.13781,3024.625154,746.1819094
0.84525,0.995533418,0.037568483,-0.00371668,1.384883404,150.3338387,65.53773853,56.51124933,-78762.36115,3049.307579,752.2711199
0.8455,0.94115834,-0.004023689,-0.024025052,1.351054441,150.3542064,65.51341548,56.48799663,-78780.1763,3065.082909,756.1629298
0.84575,0.916440052,0.014757064,0.016479644,1.273956009,150.3745741,65.50992051,56.50387743,-78764.2041,3047.503066,751.8259425
0.846,0.946865535,0.004603429,0.021490988,1.320780497,150.3949417,65.49879438,56.5012124,-78775.14709,3056.26882,753.9884739
0.84625,0.931451031,-0.018281243,-0.007164934,1.335333251,150.4153094,65.49529129,56.4823939,-78769.11464,3048.103246,751.9740082
0.8465,0.9191888,-0.007775696,0.038602929,1.279392679,150.4356771,65.52577299,56.46824458,-78763.25651,3040.346827,750.060482
0.84675,0.903177742,0.020192897,-0.031732326,1.287017988,150.4560448,65.56139987,56.42275968,-78756.09797,3031.28008,747.8236949
0.847,0.888528845,0.018667791,-0.031396398,1.267054508,150.4764125,65.55909715,56.40171828,-78765.50434,3038.954151,749.7169057
0.84725,0.838815044,0.044190201,-0.063919289,1.207495582,150.4967801,65.49858542,56.41568949,-78782.10515,3053.476304,753.2995539
0.8475,0.854873103,-0.057483536,0.024819167,1.236186842,150.5171478,65.42742604,56.47605557,-78774.87807,3044.592832,751.1079809
0.84775,0.87601983,6.45E-05,0.088437117,1.181267979,150.5375155,65.44368079,56.48335098,-78780.03315,3047.673581,751.8680089
0.848,0.839069489,-0.017283309,-0.024991932,1.216553196,150.5578832,65.46485258,56.41401387,-78773.98837,3040.072551,749.9928174
0.84825,0.852550167,0.025010047,-0.06389543,1.237981973,150.5782509,65.48919622,56.37478443,-78785.40144,3049.68681,752.364677
0.8485,0.907679364,0.028861937,0.049520071,1.228488584,150.5986185,65.47933352,56.40289242,-78808.75687,3070.647606,757.535753
0.84875,0.828067495,0.003722438,0.024628168,1.151302121,150.6189862,65.4415533,56.40472577,-78801.30289,3061.246053,755.2163686
0.849,0.86649719,0.019748159,0.005018169,1.208034353,150.6393539,65.42693694,56.3910666,-78817.95108,3075.855145,758.8204648
0.84925,0.843689823,-0.005060209,0.021204762,1.182179403,150.6597216,65.43970587,56.39167089,-78795.02847,3050.362365,752.531338
0.8495,0.814772529,0.03936718,0.043384527,1.093759134,150.6800892,65.45518978,56.36847063,-78799.73033,3052.960846,753.1723893
0.84975,0.795524421,-0.039995249,-0.037744312,1.180014816,150.7004569,65.43082641,56.3332313,-78805.349,3056.315291,753.9999383
0.85,0.822370508,0.064284292,-0.013101033,1.130794365,150.7208246,65.45329159,56.3425874,-78812.40155,3060.812278,755.1093553
0.85025,0.803017161,0.023875612,0.04212237,1.089199421,150.7411923,65.42695065,56.3583286,-78801.26422,3047.698925,751.8742612
0.8505,0.749109442,-0.033503974,-0.027407764,1.102497117,150.76156,65.34738013,56.34618347,-78821.26301,3065.038323,756.1519301
0.85075,0.774445562,-0.028134975,-0.010864878,1.123007685,150.7819276,65.33601105,56.37122778,-78815.3197,3056.827989,754.1264221
0.851,0.834813557,0.019976583,0.079573177,1.112609131,150.8022953,65.38243844,56.38299442,-78814.99282,3053.718243,753.3592406
0.85125,0.807343844,0.006049938,-0.033607094,1.162257752,150.822663,65.38102928,56.31942131,-78819.56642,3055.807824,753.8747451
0.8515,0.755112214,-0.044649354,-0.054363977,1.137965133,150.8430307,65.37758058,56.28142966,-78819.34602,3052.940992,753.1674912
0.85175,0.800022268,0.033345763,0.023503152,1.091270672,150.8633984,65.41055108,56.29856158,-78825.17342,3055.979653,753.9171358
0.852,0.752493691,0.006889235,-0.009505932,1.066226164,150.883766,65.38828548,56.29478254,-78803.83288,3032.075387,748.0198989
0.85225,0.767548912,-0.056963714,0.005005177,1.124781829,150.9041337,65.34954973,56.27920726,-78834.47503,3060.30795,754.9849365
0.8525,0.782948832,-0.008839239,0.011572004,1.105607154,150.9245014,65.3878779,56.25966755,-78840.422,3063.235139,755.7070807
0.85275,0.832691246,0.042131043,-0.01164444,1.157920545,150.9448691,65.41812816,56.23977067,-78842.23099,3062.527896,755.5326022
0.853,0.729207012,-0.046150301,0.001713175,1.064291858,150.9652368,65.37242281,56.23728362,-78826.54612,3044.445384,751.0716052
0.85325,0.784340507,0.010043088,0.006205622,1.097745472,150.9856044,65.35653984,56.24947863,-78845.41672,3060.751169,755.0942796
0.8535,0.798466681,0.024321936,0.00285039,1.110300139,151.0059721,65.3450859,56.26379091,-78848.07676,3061.028695,755.1627459
0.85375,0.776719331,-0.001301849,0.051222105,1.06509246,151.0263398,65.31789478,56.2780343,-78848.85755,3059.411356,754.7637447
0.854,0.772652832,0.010618013,-0.00719712,1.090495481,151.0467075,65.30533511,56.2613144,-78850.85156,3059.253819,754.7248798
0.85425,0.727467506,-0.032872786,-0.040517833,1.080729978,151.0670751,65.28699172,56.25457582,-78833.84643,3039.806293,749.9271311
0.8545,0.788886997,-0.001770422,0.047291569,1.085131335,151.0874428,65.28455924,56.27992558,-78859.09187,3062.779227,755.594606
0.85475,0.755486196,0.008723283,-0.005289963,1.066129253,151.1078105,65.28700291,56.2698367,-78840.57264,3041.903633,750.4445495
0.855,0.785403565,0.030913573,0.017797025,1.07640466,151.1281782,65.28250013,56.25252742,-78871.86294,3070.980373,757.6178475
0.85525,0.714180128,-0.005094884,-0.035280306,1.039210587,151.1485459,65.26225162,56.24051772,-78847.95064,3045.221677,751.2631186
0.8555,0.728129321,0.014117225,0.01941629,1.006039519,151.1689135,65.26293013,56.25403791,-78857.25155,3052.286498,753.0060261
0.85575,0.751763948,0.019396406,-0.009526751,1.056769745,151.1892812,65.26742645,56.22742165,-78862.19112,3055.465643,753.7903282
0.856,0.719224859,-0.073347877,-0.043190677,1.100162919,151.2096489,65.26188685,56.18287885,-78862.2584,3053.176555,753.2256051
0.85625,0.753919971,0.041157069,-0.011019891,1.046845921,151.2300166,65.30684506,56.17970425,-78859.77598,3048.653623,752.1097874
0.8565,0.764106732,0.062316655,-0.004664318,1.043074632,151.2503843,65.29780733,56.19302852,-78862.99213,3049.520235,752.3235826
0.85675,0.763050484,-0.064115857,0.016001355,1.117454842,151.2707519,65.21383311,56.21087255,-78883.62915,3067.695294,756.8074109
0.857,0.767537737,0.01750976,-0.000879288,1.07393894,151.2911196,65.20371671,56.23551248,-78875.62935,3057.254713,754.2316959
0.85725,0.776258351,-0.018652004,0.027189039,1.093201129,151.3114873,65.20068093,56.25732865,-78849.72778,3029.558983,747.3990962
0.8575,0.779902371,0.017654902,0.025181565,1.072698163,151.331855,65.20774697,56.23135891,-78865.31586,3043.009967,750.7174848
0.85775,0.737615267,-0.036404375,-0.043741033,1.099853581,151.3522227,65.20552244,56.17853989,-78866.29139,3042.05762,750.4825384
0.858,0.746498515,-0.019413354,-0.028487927,1.089636326,151.3725903,65.21747585,56.1694406,-78872.2486,3045.989905,751.452642
0.85825,0.780607933,0.056106466,-0.009041366,1.073635241,151.392958,65.21434936,56.20010083,-78881.21822,3052.979048,753.1768796
0.8585,0.813267473,0.004183835,0.025802651,1.129240697,151.4133257,65.15216645,56.23336331,-78877.48898,3047.444195,751.8114189
0.85875,0.752998277,-0.040198287,0.027206541,1.077254772,151.4336934,65.09851651,56.24095922,-78896.23614,3063.822811,755.8520607
0.859,0.727970456,-0.003764168,0.025016013,1.015090541,151.454061,65.11119082,56.2357083,-78886.90116,3052.662014,753.0986667
0.85925,0.728909241,0.00758448,0.021341424,1.010520103,151.4744287,65.15123834,56.19749017,-78881.41406,3045.078194,751.2277209
0.8595,0.728622595,0.045292631,-0.071670844,1.058815321,151.4947964,65.17853552,56.15421752,-78883.85495,3045.656784,751.3704605
0.85975,0.788703435,-0.004745986,0.0067907,1.11403887,151.5151641,65.16042952,56.17160165,-78886.51037,3046.564238,751.5943313
0.86,0.769502888,-0.015380382,-0.035403435,1.124418454,151.5355318,65.14106849,56.1739429,-78880.8959,3039.131766,749.7607236
0.86025,0.766052296,0.002340084,0.041205384,1.053646004,151.5558994,65.13413072,56.18892024,-78891.24717,3047.752134,751.8873879
0.8605,0.758172925,0.021185431,0.014374765,1.047106801,151.5762671,65.11761168,56.17603433,-78903.46412,3058.156565,754.4541848
0.86075,0.767414271,0.003849913,-0.023124272,1.099413173,151.5966348,65.10834022,56.16051072,-78900.02182,3053.278469,753.2507474
0.861,0.750716071,0.032589962,-0.016416137,1.051949871,151.6170025,65.11198959,56.18542288,-78869.43579,3021.293609,745.3600097
0.86125,0.741534636,-0.026647415,0.0257164,1.051304609,151.6373702,65.07677133,56.19682003,-78874.49415,3024.690149,746.1979439
0.8615,0.742527317,-0.051580942,-0.024227456,1.104205153,151.6577378,65.08461067,56.16222669,-78890.19022,3038.568489,749.6217618
0.86175,0.826316102,0.049436799,0.013897912,1.124645625,151.6781055,65.15180318,56.14709602,-78893.19428,3040.754546,750.1610672
0.862,0.838298967,0.021194134,-0.016799927,1.183341867,151.6984732,65.13976232,56.13921931,-78893.81095,3040.186129,750.0208374
0.86225,0.786559185,0.001110976,-0.023498326,1.128595446,151.7188409,65.09718298,56.14029395,-78894.79752,3040.63406,750.131343
0.8625,0.80990843,-0.027584132,0.043089622,1.13771686,151.7392086,65.08896014,56.15339444,-78907.86494,3052.605094,753.0846242
0.86275,0.843721834,0.018375178,0.011731472,1.171942492,151.7595762,65.12587664,56.13156274,-78885.02791,3029.20563,747.3119232
0.863,0.772685794,-0.027598197,-0.028097107,1.132125422,151.7799439,65.12144544,56.08796428,-78889.60119,3033.19223,748.2954266
0.86325,0.807027352,-0.003027461,-0.016238611,1.155045531,151.8003116,65.12348425,56.09169336,-78892.60011,3035.524657,748.8708417
0.8635,0.834789517,0.044187827,0.028363595,1.129435349,151.8206793,65.11006188,56.12334075,-78893.8999,3035.914807,748.9670926
0.86375,0.800040304,-0.01739791,0.03309763,1.122032129,151.8410469,65.059822,56.12159234,-78908.80056,3050.120924,752.4717739
0.864,0.815874092,-0.015623384,-0.057776836,1.206826794,151.8614146,65.05441891,56.10596624,-78904.42549,3044.776859,751.1533809
0.86425,0.834267421,0.046105124,0.056874845,1.107093045,151.8817823,65.08745609,56.1365175,-78896.78236,3036.241935,749.0477957
0.8645,0.841317075,9.34E-05,0.018168925,1.177096817,151.90215,65.08557773,56.1062835,-78892.9652,3031.926607,747.9831945
0.86475,0.797589842,-0.026880411,-0.05458665,1.186053796,151.9225177,65.09961902,56.06142019,-78885.67813,3023.944072,746.0138849
0.865,0.867886446,0.065544275,0.040636933,1.152699047,151.9428853,65.13352209,56.07096841,-78902.99212,3040.891958,750.1949671
0.86525,0.805744498,-0.027849837,-0.028607816,1.179416752,151.963253,65.08376719,56.07284312,-78888.51895,3025.986157,746.517672
0.8655,0.810075235,-0.018910945,-0.009090905,1.165481739,151.9836207,65.04628593,56.09749068,-78886.54835,3024.028663,746.0347539
0.86575,0.862677812,-0.001370993,0.04072475,1.193297627,152.0039884,65.05254077,56.11534944,-78886.45783,3023.780105,745.9734339
0.866,0.865225783,0.016001609,0.008057281,1.206641061,152.0243561,65.06075926,56.08721231,-78909.89083,3046.783011,751.6483031
0.86625,0.86406853,-0.002632959,-0.027347132,1.243544991,152.0447237,65.05568668,56.06636259,-78902.68983,3039.662316,749.8916115
0.8665,0.870255434,-0.000563861,0.028725873,1.211344764,152.0650914,65.05987121,56.07787228,-78893.23852,3030.353618,747.5951346
0.86675,0.847459198,0.008357697,0.00082357,1.192031869,152.0854591,65.05651959,56.08085633,-78882.22455,3019.387641,744.8898031
0.867,0.871162025,-0.024538038,0.039221664,1.224119547,152.1058268,65.05698192,56.06834205,-78891.00515,3028.755809,747.2009514
0.86725,0.855861309,0.021856488,-0.006789146,1.20022932,152.1261945,65.08171574,56.03488473,-78893.75443,3032.041393,748.0115125
0.8675,0.854591919,0.003444096,-0.030891363,1.228703457,152.1465621,65.07138718,56.02844506,-78889.48224,3028.39665,747.1123462
0.86775,0.846056037,0.024036748,0.000952745,1.179172657,152.1669298,65.04546076,56.05560698,-78882.45947,3022.001374,745.534617
0.868,0.833908637,-0.003573924,0.030176776,1.161249781,152.1872975,65.01028057,56.07939345,-78895.15064,3034.717855,748.6718018
0.86825,0.846135618,-0.043023499,0.035268934,1.205918082,152.2076652,64.99602586,56.07397461,-78896.21389,3036.66834,749.1529907
0.8685,0.820172773,0.003195283,-0.038046401,1.185619352,152.2280329,65.0445566,56.04088208,-78860.1645,3001.396676,740.451391
0.86875,0.903236645,0.046482603,0.02490686,1.227174075,152.2484005,65.08938497,56.02443989,-78874.34905,3016.414587,744.1563439
0.869,0.853762472,-0.004665233,-0.02853969,1.23122915,152.2687682,65.06052934,55.99296114,-78883.34659,3025.911695,746.499302
0.86925,0.865031741,0.004274522,-0.043981847,1.252811786,152.2891359,65.03381881,56.0069205,-78886.94428,3030.134736,747.5411359
0.8695,0.891079728,0.030111273,0.036212577,1.213302003,152.3095036,65.00102898,56.05339352,-78885.77634,3029.754868,747.4474216
0.86975,0.903735451,-0.044292463,-0.005007216,1.313816384,152.3298712,64.96919357,56.05424126,-78889.75808,3033.881669,748.4655128
0.87,0.896896722,0.019881482,0.032869141,1.231205942,152.3502389,65.01333926,56.04227864,-78896.71051,3041.120375,750.2513179
0.87025,0.913751512,0.03327945,-0.055159085,1.312189076,152.3706066,65.04066169,56.01179432,-78874.57416,3019.713297,744.9701431
0.8705,0.842885505,-0.011978204,-0.000964922,1.201248016,152.3909743,65.018794,56.01033582,-78869.66466,3015.644147,743.9662746
0.87075,0.861260369,-0.016368937,-0.007760902,1.235113464,152.411342,64.99971608,56.01708317,-78877.89251,3024.361332,746.1168239
0.871,0.877745266,-0.014619117,0.00160166,1.250681783,152.4317096,64.99548275,56.02598738,-78862.51067,3009.971994,742.5669414
0.87125,0.905786887,0.024758393,-0.010081076,1.271313935,152.4520773,64.99651408,56.00932807,-78887.74386,3035.997277,748.9874381
0.8715,0.887076061,0.002338736,-0.00504407,1.256460491,152.472445,64.98235505,56.00734703,-78894.20751,3043.114483,750.743269
0.87175,0.85050525,0.010966367,0.022125721,1.179475609,152.4928127,64.98502916,56.025201,-78873.7706,3023.649821,745.9412926
0.872,0.894713944,0.024522164,-0.014634374,1.259238393,152.5131804,64.97246552,56.0178095,-78873.16726,3024.135882,746.0612049
0.87225,0.867805729,-0.029950025,-0.03157986,1.270772399,152.533548,64.94490461,56.02320609,-78858.44173,3010.674943,742.7403608
0.8725,0.900689301,-0.003882927,0.052061048,1.241591943,152.5539157,64.94427845,56.03878753,-78873.36229,3026.688356,746.690906
0.87275,0.889438138,0.014277095,-0.025765789,1.266928772,152.5742834,64.93800117,56.00756987,-78884.84102,3038.979442,749.7231449
0.873,0.898137192,-0.025001642,0.005024458,1.284810191,152.5946511,64.94786705,55.99814742,-78884.5724,3039.718115,749.9053773
0.87325,0.914378917,0.060975969,0.025827578,1.232499689,152.6150188,64.99542314,55.99396444,-78872.37116,3028.393523,747.1115746
0.8735,0.905033012,0.037136773,-0.041888447,1.286914572,152.6353864,64.97538254,55.97349236,-78877.29452,3034.152586,748.5323485
0.87375,0.887283751,-0.03754311,0.004302832,1.279340107,152.6557541,64.9296928,55.99754849,-78873.48841,3031.118231,747.7837663
0.874,0.925366359,0.018923803,0.014205064,1.285253002,152.6761218,64.93064101,56.02093584,-78871.79086,3030.251639,747.5699761
0.87425,0.935999022,0.04332907,-0.011291814,1.302767444,152.6964895,64.91895246,56.02144573,-78869.9712,3029.327156,747.341904
0.8745,0.900314334,-0.037373627,0.000231267,1.300316257,152.7168571,64.88491189,56.01534716,-78877.64109,3037.768403,749.424379
0.87475,0.917101775,-0.021645135,0.040529087,1.285881438,152.7372248,64.91947249,56.0017964,-78865.21954,3026.25104,746.5830192
0.875,0.959154202,0.07718321,-0.004242372,1.308677163,152.7575925,64.97576393,55.95857477,-78875.00601,3036.868516,749.2023748
0.87525,0.943707133,0.019141472,-0.076102632,1.37982066,152.7779602,64.94568257,55.94531771,-78871.54863,3034.035981,748.503582
0.8755,0.963475635,-0.002460089,0.019361029,1.35087393,152.7983279,64.8853963,56.0068513,-78870.85423,3033.907639,748.4719197
0.87575,0.968869389,-0.03470101,0.054280313,1.360714665,152.8186955,64.86345797,56.0309988,-78872.62645,3036.378112,749.081391
0.876,0.950831008,-0.021934848,0.010938724,1.353052693,152.8390632,64.8871171,56.00666772,-78862.62046,3027.133668,746.8007655
0.87625,0.952638252,0.012064947,0.015947482,1.327434674,152.8594309,64.93845463,55.96369841,-78858.48237,3023.372749,745.8729384
0.8765,0.909669981,0.02834653,-0.055043938,1.309334924,152.8797986,64.96259935,55.91603056,-78848.95808,3015.12193,743.8374424
0.87675,0.96277938,-0.00224274,-0.025452116,1.381451359,152.9001663,64.93619959,55.93118724,-78860.86117,3027.819216,746.9698919
0.877,0.971382337,0.00084979,0.030422751,1.352114244,152.9205339,64.91096942,55.96643203,-78851.68252,3019.474134,744.9111412
0.87725,0.94969487,-0.018917194,0.016100757,1.345746468,152.9409016,64.87585972,55.9673499,-78861.65762,3030.075839,747.5266058
0.8775,0.91735576,-0.038070923,-0.032532112,1.34727792,152.9612693,64.8664225,55.95149757,-78860.05008,3028.975341,747.2551105
0.87775,0.960343915,0.013182602,0.051207587,1.313426555,152.981637,64.91331131,55.95959746,-78848.10449,3017.886094,744.5193681
0.878,0.962390043,0.043151525,-0.009720507,1.338952511,153.0020047,64.92325071,55.92450154,-78858.42727,3028.781857,747.2073775
0.87825,0.951597985,-0.049125822,-0.03316787,1.404089236,153.0223723,64.87672853,55.9266441,-78869.52,3040.343788,750.0597323
0.8785,0.984913713,0.05036285,0.076745653,1.303399629,153.04274,64.88571716,55.97898567,-78866.75019,3038.261746,749.5460876
0.87875,0.962160011,-0.024581425,0.021858176,1.363811877,153.0631077,64.86037562,55.96480961,-78847.6832,3020.349345,745.1270577
0.879,0.968892181,-0.016350238,-0.070636156,1.433272042,153.0834754,64.86678364,55.92724593,-78852.17145,3025.832992,746.4798858
0.87925,0.978029473,-0.021470835,0.042126046,1.370751857,153.103843,64.91147986,55.93095389,-78827.30676,3002.075296,740.6188082
0.8795,0.966438805,0.028004704,0.01824776,1.334098953,153.1242107,64.9270361,55.8977187,-78850.11733,3025.92744,746.5031863
0.87975,0.966710282,-0.046513978,-0.028986575,1.420683935,153.1445784,64.90046124,55.8655946,-78860.63691,3037.377666,749.3279831
0.88,0.96368519,0.037702334,-0.043869312,1.370862597,153.1649461,64.90619426,55.88758808,-78837.88874,3015.893836,744.0278735
0.88025,0.948928619,-0.001599785,0.01332813,1.33381984,153.1853138,64.85727153,55.92841862,-78843.15559,3021.931447,745.5173657
0.8805,0.941795687,-0.027699223,-0.030426347,1.373005281,153.2056814,64.79537382,55.95245185,-78839.65704,3019.548384,744.9294587
0.88075,0.982800618,-0.013840879,0.031373435,1.378605198,153.2260491,64.79201901,55.97090763,-78851.49427,3032.007453,748.0031393
0.881,1.046227843,0.011955201,0.029838116,1.450202667,153.2464168,64.82384997,55.96230395,-78843.35406,3024.792597,746.2232179
0.88125,0.998454376,0.003477221,-0.039696712,1.438610861,153.2667845,64.82919714,55.9239671,-78837.07662,3019.478229,744.9121514
0.8815,1.006613511,-0.005253736,0.021982489,1.412131504,153.2871522,64.817563,55.91812829,-78860.16044,3043.390063,750.8112551
0.88175,1.007990816,-0.037776356,0.038457726,1.428087892,153.3075198,64.83128836,55.90842895,-78847.03846,3031.247464,747.8156485
0.882,0.996474996,0.015074311,-0.037667592,1.426667412,153.3278875,64.88944394,55.86791099,-78816.55536,3001.31369,740.4309182
0.88225,1.0274963,0.039006036,0.002507634,1.424446173,153.3482552,64.9049476,55.84948635,-78837.16748,3022.709796,745.7093863
0.8825,0.988187303,-0.028246683,-0.039111918,1.445198877,153.3686229,64.86132543,55.85302883,-78836.76482,3022.827887,745.7385197
0.88275,0.989831587,0.010032995,0.010696307,1.385175664,153.3889906,64.83643578,55.87518158,-78850.26603,3036.938413,749.2196186
0.883,1.032407222,-0.033283298,0.0232778,1.468753768,153.4093582,64.80517387,55.89587832,-78847.78996,3034.902937,748.7174619
0.88325,1.001093778,0.027695404,0.004941148,1.392961669,153.4297259,64.79613334,55.89510784,-78853.11222,3040.448476,750.085559
0.8835,0.993436316,-0.014502857,-0.053975266,1.454156274,153.4500936,64.79270205,55.87985088,-78839.14444,3027.03223,746.7757405
0.88375,1.039548119,0.015149606,-0.003024887,1.461739067,153.4704613,64.81029282,55.89919322,-78830.17778,3018.065084,744.5635253
0.884,0.997546331,-0.001518816,0.022013328,1.396549165,153.4908289,64.79759432,55.90686658,-78817.75222,3005.994861,741.5857736
0.88425,0.998491307,-0.060239169,-0.013279318,1.46519461,153.5111966,64.77085846,55.87723494,-78843.65126,3032.176157,748.0447592
0.8845,1.050724551,-7.10E-05,0.010076718,1.478926039,153.5315643,64.80840241,55.86616628,-78847.70004,3036.636635,749.1451693
0.88475,1.039329181,0.005876396,0.021883032,1.450337042,153.551932,64.84700222,55.85494029,-78820.5512,3009.902897,742.5498952
0.885,1.050508146,0.060440367,0.002495129,1.442887085,153.5722997,64.84999956,55.82143317,-78858.51424,3048.180575,751.9930853
0.88525,1.011530441,-0.006754001,-0.013383372,1.444782156,153.5926673,64.80807737,55.82048738,-78845.50739,3035.929474,748.970711
0.8855,1.02734062,0.022111489,0.043480036,1.40674229,153.613035,64.7883464,55.86245778,-78849.19543,3039.92963,749.9575585
0.88575,1.048104131,-0.006965581,0.057945102,1.448378541,153.6334027,64.78246952,55.87209017,-78843.982,3035.116317,748.7701033
0.886,1.038280151,0.001083966,-0.002089253,1.469065857,153.6537704,64.79328076,55.84345257,-78836.23191,3028.264515,747.079748
0.88625,1.01641642,-0.011496086,-0.016086802,1.456944781,153.6741381,64.78304926,55.82820021,-78836.69181,3029.104874,747.2870665
0.8865,1.040152497,0.014398303,-0.0055299,1.464930194,153.6945057,64.77526963,55.84638232,-78837.88949,3030.791491,747.7031589
0.88675,1.047819224,0.017960342,0.049796597,1.434458793,153.7148734,64.76318051,55.86108766,-78833.70301,3027.348455,746.8537541
0.887,1.030609815,-0.009727978,-0.001129546,1.465217652,153.7352411,64.74601331,55.83609836,-78848.53089,3042.58929,750.6137028
0.88725,1.080580981,0.003353427,0.035694386,1.501083987,153.7556088,64.7646216,55.83409099,-78847.45995,3042.218236,750.5221628
0.8875,1.021201216,0.003161113,-0.025384494,1.460329467,153.7759765,64.77229436,55.83389253,-78816.32546,3011.670326,742.9859239
0.88775,1.054786787,0.008460296,0.021253479,1.47076643,153.7963441,64.75343913,55.83358408,-78834.00334,3029.990169,747.5054708
0.888,1.046749657,-0.029579023,0.008459407,1.495986962,153.8167118,64.74265798,55.81510979,-78837.30563,3034.091626,748.5173096
0.88825,1.046296917,0.053008125,0.005943122,1.439157308,153.8370795,64.76215726,55.81208153,-78841.59922,3038.71993,749.6591227
0.8885,1.034333118,-0.025603517,0.002062777,1.479801726,153.8574472,64.7375292,55.80180238,-78845.54139,3042.768291,750.6578626
0.88875,1.036993756,0.020922803,-0.032612771,1.476253488,153.8778148,64.7472958,55.79522045,-78848.85329,3046.165899,751.4960602
0.889,1.08404054,0.042504667,0.057713158,1.462318765,153.8981825,64.76995486,55.81005018,-78833.7274,3031.61827,747.907127
0.88925,1.040126113,-0.022525928,-0.052497682,1.524452172,153.9185502,64.76071952,55.7639286,-78827.53061,3025.914532,746.500002
0.8895,1.063606649,-0.005112624,-0.028345609,1.52809044,153.9389179,64.77883877,55.75465731,-78818.24509,3016.933251,744.2842995
0.88975,1.034221483,0.041235613,-0.000427512,1.434662084,153.9592856,64.78006928,55.76640344,-78824.15479,3022.478318,745.65228
0.89,1.058782781,-0.00310895,0.015171276,1.488983944,153.9796532,64.73415335,55.77431168,-78841.67871,3040.247408,750.035955
0.89025,1.055368532,-0.052688449,0.002695495,1.529371824,154.0000209,64.71738334,55.77343121,-78833.015,3031.886704,747.9733503
0.8905,1.099463607,0.011702185,0.039671751,1.518935808,154.0203886,64.75035819,55.76759784,-78832.52844,3031.512871,747.8811249
0.89075,1.064195583,0.0369151,0.019109675,1.46554658,154.0407563,64.75626278,55.73984763,-78849.80375,3048.465201,752.0633034
0.891,1.029611315,-0.058860275,-0.048656633,1.532167185,154.061124,64.7263307,55.71388075,-78846.13739,3044.799922,751.1590706
0.89125,1.025642381,0.010830186,0.024570492,1.425544638,154.0814916,64.75312359,55.73348634,-78825.53617,3024.087806,746.0493445
0.8915,1.075040545,0.038624291,0.019432277,1.47947146,154.1018593,64.75925581,55.7330722,-78819.71148,3018.191522,744.5947177
0.89175,1.011264055,-0.043360925,-0.053016425,1.498339086,154.122227,64.71506433,55.70051938,-78831.25733,3029.426826,747.3664928
0.892,1.034489713,0.001239742,0.015253908,1.451428098,154.1425947,64.73935163,55.70922691,-78840.76057,3038.439532,749.5899478
0.89225,1.060184032,0.007084766,0.016277424,1.482849816,154.1629624,64.75289328,55.7134504,-78821.97277,3019.490663,744.9152188
0.8925,1.050036618,0.00760199,-0.005900332,1.483864923,154.18333,64.74197666,55.67740337,-78849.72512,3046.895494,751.676053
0.89275,0.985248469,-0.017654518,-0.033331783,1.429533458,154.2036977,64.73631534,55.65235681,-78835.77843,3032.915773,748.227224
0.893,1.023006322,0.029055997,0.023456398,1.409634227,154.2240654,64.7540009,55.67404641,-78839.37075,3035.648561,748.9014089
0.89325,1.069291069,-0.003161134,0.042136861,1.485682135,154.2444331,64.72999702,55.67957414,-78837.55318,3033.816992,748.4495568
0.8935,1.020354799,-0.036480638,-0.068722078,1.517902861,154.2648008,64.70408559,55.65449601,-78837.66565,3033.292731,748.3202205
0.89375,1.02943809,0.00192404,0.011199986,1.446609831,154.2851684,64.7247649,55.66694579,-78835.72686,3030.918957,747.734605
0.894,1.01434074,0.00606595,-0.009621598,1.437137093,154.3055361,64.73964549,55.64380695,-78832.62086,3027.319255,746.8465502
0.89425,0.984372561,0.000382085,-0.044756624,1.424563666,154.3259038,64.74314624,55.62073592,-78836.11898,3030.368724,747.5988613
0.8945,1.074003249,0.050026482,0.047469013,1.449933618,154.3462715,64.73349049,55.64674115,-78856.10297,3049.906353,752.4188388
0.89475,1.005134234,-0.044447357,-0.052597204,1.490128763,154.3666391,64.67621777,55.63702002,-78828.91301,3022.428453,745.6399782
0.895,1.004312855,-0.064651235,0.001659163,1.467104536,154.3870068,64.669261,55.65102865,-78834.80325,3027.150571,746.8049357
0.89525,1.042003374,0.045703518,0.071282105,1.391246724,154.4073745,64.70387465,55.66992501,-78841.42549,3033.278238,748.3166449
0.8955,1.013114455,0.003280814,-0.017595318,1.4431086,154.4277422,64.68018985,55.63568477,-78850.94078,3041.97327,750.4617291
0.89575,0.991580786,-0.01800074,-0.017969409,1.427741732,154.4481099,64.66554913,55.61397808,-78850.37851,3041.026913,750.2282607
0.896,1.030509474,0.054959174,0.026556552,1.400152337,154.4684775,64.68923356,55.63090703,-78858.22924,3048.241351,752.008079
0.89625,1.029581759,0.004273963,0.001329804,1.452090502,154.4888452,64.68427848,55.62987829,-78833.40613,3022.988072,745.7780376
0.8965,1.011704935,-0.007553232,0.0210984,1.421622113,154.5092129,64.67239511,55.60649362,-78850.62805,3039.72908,749.9080824
0.89675,0.983956809,-0.001130868,-0.017400808,1.404770272,154.5295806,64.67514285,55.5809505,-78852.71996,3041.578158,750.3642542
0.897,0.980608363,0.021737457,-0.023117645,1.388852509,154.5499483,64.67233499,55.5773462,-78838.41104,3026.679262,746.6886626
0.89725,0.993631096,0.026442588,-0.034533272,1.412902556,154.5703159,64.64802202,55.58012155,-78863.04192,3050.47495,752.5591129
0.8975,0.920438493,-0.052291878,0.001196486,1.339429447,154.5906836,64.61805307,55.59593777,-78839.52878,3026.505125,746.6457025
0.89775,0.92888512,0.018977107,0.005711619,1.296286187,154.6110513,64.60870782,55.60243604,-78855.04988,3041.079651,750.2412713
0.898,0.929720816,0.022873274,0.002078892,1.297429924,154.631419,64.59042285,55.60405129,-78858.49996,3043.520384,750.8434057
0.89825,0.942348407,0.015309659,0.038299912,1.295080334,154.6517867,64.57640975,55.60485818,-78872.57662,3056.874196,754.1378216
0.8985,0.903089074,-0.001767079,-0.025304212,1.296623595,154.6721543,64.5723004,55.5743067,-78867.47557,3050.488743,752.5625157
0.89875,0.892461063,0.008885528,0.015890824,1.244640584,154.692522,64.58354486,55.56636476,-78873.91982,3055.684177,753.8442411
0.899,0.883377539,0.011766141,0.007642561,1.235570793,154.7128897,64.59706132,55.56103914,-78847.41559,3027.923844,746.9957039
0.89925,0.895036121,-0.007832632,-0.011469567,1.279428691,154.7332574,64.57424453,55.55122124,-78870.88566,3049.662658,752.3587186
0.8995,0.881920414,-0.006014043,0.046753826,1.220129205,154.753625,64.56106087,55.56079057,-78876.85551,3053.98852,753.4259185
0.89975,0.879619775,0.001969641,0.043780791,1.212701421,154.7739927,64.57776369,55.54264084,-78876.63927,3052.349301,753.0215197
0.9,0.91132067,0.033510918,-0.026777084,1.286161732,154.7943604,64.60079253,55.5032077,-78879.48037,3053.540535,753.3153997
0.90025,0.901995649,-0.010140346,-0.019594289,1.296691737,154.8147281,64.59952254,55.49061928,-78872.5226,3044.988156,751.2055083
0.9005,0.90392623,0.025205945,-0.048147179,1.29768016,154.8350958,64.59023049,55.50706614,-78855.53356,3026.646853,746.6806671
0.90075,0.93076039,0.029768645,-0.010862492,1.303875249,154.8554634,64.55433803,55.53850288,-78866.09837,3035.590131,748.8869941
0.901,0.8955898,-0.025153696,0.011160748,1.277224363,154.8758311,64.49042997,55.56940253,-78864.16598,3032.012737,748.0044429
0.90125,0.918345957,-0.035458077,0.054501282,1.289985443,154.8961988,64.45603453,55.59694398,-78881.79012,3048.206651,751.9995184
0.9015,0.939225695,-0.002179551,0.034385762,1.306260373,154.9165665,64.49179168,55.56055062,-78885.8612,3050.650932,752.6025282
0.90175,0.945814554,0.034126346,-0.006763261,1.319186052,154.9369342,64.55333505,55.48801502,-78897.87414,3061.068142,755.1724776
0.902,0.930120058,0.041490375,-0.026462108,1.30741336,154.9573018,64.58260935,55.45592394,-78882.96538,3045.163167,751.248684
0.90225,0.92375095,0.053522891,-0.048178515,1.308543823,154.9776695,64.56539685,55.47124585,-78870.11003,3031.008219,747.7566261
0.9025,0.916719676,-0.028351796,0.044776028,1.287941572,154.9980372,64.51246759,55.50358761,-78882.86582,3042.489994,750.5892062
0.90275,0.891579639,-0.03182628,0.001703355,1.282841583,155.0184049,64.49474729,55.4854636,-78893.59046,3051.92002,752.9156151
0.903,0.931159825,0.019450498,-0.029635039,1.325424482,155.0387726,64.53590843,55.46199989,-78872.11129,3029.611536,747.4120612
0.90325,0.916091648,0.012465962,0.015331483,1.275898297,155.0591402,64.54700823,55.45028915,-78893.64448,3049.524533,752.3246428
0.9035,0.867759971,-0.01749598,-0.005058489,1.24323966,155.0795079,64.53100062,55.43252347,-78882.13513,3037.150521,749.271946
0.90375,0.90594844,-0.01314163,0.032832091,1.268531553,155.0998756,64.53703115,55.43962871,-78889.62566,3043.251485,750.7770676
0.904,0.96138984,0.040916377,0.062454482,1.28678672,155.1202433,64.57270712,55.42351113,-78895.47352,3048.051868,751.9613331
0.90425,0.889078304,0.016461512,-0.089594406,1.315487818,155.1406109,64.56375624,55.38014882,-78882.26312,3033.944937,748.481121
0.9045,0.928911789,-0.024082768,0.037510254,1.306364812,155.1609786,64.5410341,55.43099823,-78877.69842,3028.309388,747.0908184
0.90475,0.97850046,0.025640209,0.05520339,1.327137566,155.1813463,64.52199753,55.44996849,-78890.14165,3040.036212,749.9838525
0.905,0.92374814,-0.037775383,-0.011284295,1.341459995,155.201714,64.48824802,55.41899305,-78894.67032,3044.175862,751.0051137
0.90525,0.954750679,0.006578468,0.004940743,1.342077546,155.2220817,64.50678494,55.42821439,-78882.63674,3031.545927,747.8892798
0.9055,0.945719009,0.015548822,0.018415711,1.31343679,155.2424493,64.50231774,55.43931387,-78884.28522,3032.730858,748.181605
0.90575,0.904796426,-0.05249028,0.027760873,1.300780323,155.262817,64.47517616,55.42849589,-78881.38849,3029.553151,747.3976575
0.906,0.939757893,0.02925644,0.01035123,1.301217526,155.2831847,64.52152473,55.3971316,-78896.51968,3044.025697,750.9680674
0.90625,0.960036764,0.013422478,0.016117035,1.336813496,155.3035524,64.53472137,55.37953483,-78886.9255,3034.662103,748.6580476
0.9065,0.923964865,-0.021251277,-0.04053296,1.350578169,155.3239201,64.4982594,55.37381605,-78882.02597,3029.489373,747.3819233
0.90675,0.952916704,0.034916033,-0.004503107,1.327001053,155.3442877,64.48383938,55.40122181,-78885.00144,3032.209451,748.0529729
0.907,0.918033475,-0.017708216,0.055246708,1.274886637,155.3646554,64.44518957,55.43087808,-78883.23668,3030.334339,747.5903784
0.90725,0.927128312,-0.01503976,0.008608337,1.316023881,155.3850231,64.42705179,55.41778695,-78893.87189,3040.473526,750.0917389
0.9075,0.950333385,0.01240857,0.021412198,1.320105525,155.4053908,64.4585743,55.39054248,-78899.46881,3045.669279,751.373543
0.90775,0.939233461,-0.005743241,-0.011868036,1.340750736,155.4257585,64.4845848,55.35415458,-78892.39132,3038.390573,749.5778695
0.908,0.924550436,0.028496435,-0.005045153,1.291582661,155.4461261,64.50824653,55.34496197,-78889.71549,3035.308844,748.8176001
0.90825,0.921885113,0.011966243,0.025948895,1.277047208,155.4664938,64.51292093,55.33692565,-78892.43857,3037.490337,749.3557794
0.9085,0.898842946,-0.009752278,-0.027056891,1.29735702,155.4868615,64.48036469,55.32429933,-78885.96198,3030.779516,747.7002046
0.90875,0.905193948,-0.028702794,-0.039354522,1.328325411,155.5072292,64.47306605,55.31851602,-78887.60455,3031.969883,747.9938707
0.909,0.931380311,0.072453029,0.009969686,1.261212822,155.5275968,64.49971537,55.32770895,-78897.44667,3041.1448,750.2573437
0.90925,0.917839703,0.003476117,0.020818094,1.281018844,155.5479645,64.49002957,55.31308718,-78894.99695,3038.286309,749.5521474
0.9095,0.901907531,-0.008768487,-0.007094452,1.286708288,155.5683322,64.47042242,55.29905959,-78899.00682,3041.812808,750.4221429
0.90975,0.904293289,-0.030008081,0.011177326,1.293163335,155.5886999,64.4572697,55.31276707,-78884.54072,3026.910174,746.745629
0.91,0.92877023,0.001316124,0.015098787,1.301981793,155.6090676,64.47267908,55.31190998,-78892.11066,3033.491548,748.3692691
0.91025,0.903092996,-0.011376864,0.001055412,1.284554977,155.6294352,64.46616567,55.30383496,-78875.06651,3016.340639,744.1381008
0.9105,0.858412497,-0.022208526,0.000471548,1.229662735,155.6498029,64.43859574,55.29317695,-78892.31181,3032.956857,748.2373596
0.91075,0.88753455,-0.034159076,-0.008014896,1.285383783,155.6701706,64.43030008,55.28691923,-78898.15607,3038.028324,749.4885021
0.911,0.911536546,0.032221669,0.041099993,1.237308882,155.6905383,64.45171653,55.2913928,-78902.17379,3041.311697,750.2985175
0.91125,0.879329604,-0.032758025,-0.037528457,1.293273098,155.710906,64.4393275,55.26138868,-78885.99408,3024.404079,746.1273698
0.9115,0.848167351,-0.032395861,-0.015017581,1.233199823,155.7312736,64.43540979,55.26342582,-78890.46343,3027.713576,746.9438301
0.91175,0.907577709,0.051504325,0.059364318,1.205151184,155.7516413,64.46263909,55.27180703,-78908.65425,3044.746684,751.1459366
0.912,0.871870015,0.020640357,-0.042197569,1.250623878,155.772009,64.44802925,55.23097902,-78902.18012,3037.519587,749.3629953
0.91225,0.8338914,-0.038456406,-0.041061298,1.235532154,155.7923767,64.41364102,55.22976112,-78900.79445,3035.18884,748.7879948
0.9125,0.907086246,-0.010253892,0.044840567,1.260165045,155.8127444,64.40885678,55.27170905,-78900.71565,3034.288468,748.565871
0.91275,0.887443796,-0.01163112,-0.0115111,1.271399081,155.833112,64.41294854,55.26138329,-78885.11538,3017.434637,744.4079925
0.913,0.856207399,0.004178262,-0.010049621,1.215136744,155.8534797,64.42134143,55.22869426,-78894.07975,3025.560896,746.4127591
0.91325,0.877242071,0.011616463,-0.02636487,1.251900865,155.8738474,64.43083788,55.19510357,-78918.26926,3048.848015,752.1577445
0.9135,0.871450895,-0.000874809,-0.02487082,1.25096785,155.8942151,64.42977471,55.19532101,-78911.41445,3040.709868,750.1500451
0.91375,0.885474685,-0.019057619,0.024760916,1.24937062,155.9145827,64.42029958,55.21500168,-78890.71688,3018.980389,744.7893332
0.914,0.846407328,-0.055013371,-0.016297151,1.248325776,155.9349504,64.39876961,55.19151995,-78899.32538,3026.468904,746.6367666
0.91425,0.914571782,0.035328359,0.008706712,1.262683347,155.9553181,64.43743557,55.1787725,-78927.5026,3053.28133,753.2514534
0.9145,0.866054685,0.014593429,-0.012580337,1.223815421,155.9756858,64.45129954,55.1633344,-78902.29866,3027.183399,746.8130343
0.91475,0.870485649,0.013803294,-0.027089571,1.241458078,155.9960535,64.42167135,55.15822809,-78910.83105,3034.619895,748.6476348
0.915,0.864188001,-0.041083778,0.019015772,1.239937518,156.0164211,64.38555401,55.18271984,-78907.52142,3030.307245,747.5836942
0.91525,0.884082274,0.001801482,0.024411856,1.232056757,156.0367888,64.39688941,55.18752233,-78910.05803,3031.677812,747.9218163
0.9155,0.879719474,0.065390675,0.025329711,1.180981854,156.0571565,64.41407942,55.16606035,-78921.56855,3042.105707,750.4944016
0.91575,0.827996464,-0.050480575,-0.071307612,1.257339848,156.0775242,64.37835406,55.1329059,-78915.66815,3035.398458,748.839708
0.916,0.923559127,0.010673312,0.018678728,1.28539221,156.0978919,64.40571957,55.16333949,-78921.49191,3040.038077,749.9843126
0.91625,0.94230627,0.056191351,0.105211217,1.219971608,156.1182595,64.42798835,55.16474295,-78928.1035,3045.452274,751.3200074
0.9165,0.856505039,-0.041737331,-0.071670941,1.291993045,156.1386272,64.40404205,55.08664172,-78926.25724,3042.982684,750.7107539
0.91675,0.859181199,0.009564014,-0.02986548,1.230369069,156.1589949,64.43052213,55.0833553,-78925.39979,3041.049972,750.2339493
0.917,0.879566848,0.062451623,0.001118268,1.201295542,156.1793626,64.42998509,55.10901939,-78917.71284,3032.262201,748.0659864
0.91725,0.866478881,-0.057904272,0.037695654,1.245192835,156.1997303,64.35828268,55.13381195,-78923.14973,3036.695944,749.1598008
0.9175,0.87346543,-0.020933484,0.0328283,1.228621395,156.2200979,64.3492423,55.14015562,-78912.71384,3025.609726,746.4248055
0.91775,0.877051283,-0.024104497,-0.011539868,1.265635746,156.2404656,64.36764021,55.10277475,-78912.46397,3024.197009,746.076285
0.918,0.884262835,0.040108264,-0.005732581,1.227513815,156.2608333,64.38828536,55.08884003,-78936.62403,3047.252849,751.7642134
0.91825,0.873462838,-0.009785839,0.039269956,1.215899857,156.281201,64.37692612,55.08827975,-78942.21355,3051.807271,752.8877996
0.9185,0.873970379,0.03319136,0.01687988,1.200741249,156.3015687,64.38611356,55.06963919,-78943.19787,3051.878509,752.9053742
0.91875,0.818195197,-0.042849585,0.007936418,1.1834258,156.3219363,64.40094779,55.03359283,-78914.58313,3022.439437,745.642688
0.919,0.837835345,0.034082775,-0.049148962,1.199869525,156.342304,64.4366985,55.00642552,-78924.52429,3031.229061,747.8111082
0.91925,0.825108118,0.034557204,0.008022736,1.137234957,156.3626717,64.42050259,55.0306142,-78925.23433,3030.800552,747.7053941
0.9195,0.83145896,0.003473741,-0.007275893,1.178622598,156.3830394,64.35481134,55.0467723,-78936.03484,3040.363148,750.0645085
0.91975,0.801673087,-0.062230589,-0.007974943,1.185243929,156.403407,64.30162408,55.0568065,-78942.84929,3046.227133,751.5111667
0.92,0.830661059,0.008602044,0.008005461,1.162989086,156.4237747,64.32735657,55.07050452,-78922.11092,3024.575941,746.1697686
0.92025,0.820700282,-0.007749862,0.024616304,1.14940285,156.4441424,64.33278693,55.04757246,-78938.26445,3039.427631,749.8337143
0.9205,0.796868571,-0.008159076,-0.039197709,1.161051133,156.4645101,64.32773898,55.00612646,-78941.19402,3041.443587,750.3310551
0.92075,0.765816672,-0.006050517,-0.016549644,1.099084274,156.4848778,64.3230064,55.01766512,-78936.77544,3035.590098,748.8869862
0.921,0.815339273,-0.009863488,0.0357803,1.136114055,156.5052454,64.31425303,55.03974268,-78939.70728,3037.193476,749.282543
0.92125,0.807630737,-0.009550238,0.018222597,1.136539172,156.5256131,64.3038166,55.02045969,-78945.71464,3041.988501,750.4654866
0.9215,0.774648021,0.019710404,0.007877898,1.076107445,156.5459808,64.31700343,54.97994416,-78964.38061,3059.063128,754.6778361
0.92175,0.753861438,-0.008914603,-0.021674052,1.087862762,156.5663485,64.32219641,54.96183198,-78953.24166,3046.525959,751.5848878
0.922,0.783838747,-0.001558671,0.022241146,1.09427896,156.5867162,64.31733084,54.9879577,-78936.67093,3028.509739,747.1402455
0.92225,0.755516451,-0.022916919,-0.003681221,1.087524543,156.6070838,64.29424443,54.98213824,-78939.89636,3030.011621,747.510763
0.9225,0.774366533,-0.015291057,-0.048767075,1.141152352,156.6274515,64.284249,54.97478827,-78939.58057,3028.18373,747.0598183
0.92275,0.758632463,0.009949055,0.025422551,1.048028171,156.6478192,64.28070424,54.99565189,-78942.51527,3029.669879,747.4264546
0.923,0.766833151,-0.002291007,0.008781027,1.079961844,156.6681869,64.27811107,54.96647993,-78976.59635,3061.504775,755.2801959
0.92325,0.700594631,-0.009397601,-0.054189452,1.037205038,156.6885546,64.30344489,54.91680122,-78951.45711,3035.170382,748.7834412
0.9235,0.764531898,0.076757111,0.034073228,1.004204132,156.7089222,64.31734431,54.92324453,-78984.14301,3066.213323,756.4418055
0.92375,0.734864955,0.017463135,-0.019564065,1.041729106,156.7292899,64.25805212,54.9338357,-78970.95986,3051.500165,752.8120357
0.924,0.697510166,-0.092881813,-0.045336442,1.085726083,156.7496576,64.20538805,54.96163633,-78945.71163,3024.494173,746.149596
0.92425,0.756847125,0.017421815,0.074461849,1.00779612,156.7700253,64.22298965,54.99471044,-78965.55888,3042.14183,750.5033132
0.9245,0.69252901,-0.017231876,0.00819996,0.98626241,156.7903929,64.21692099,54.9546971,-78962.76569,3037.412986,749.3366968
0.92475,0.716164822,-0.007300965,-0.020239352,1.032405567,156.8107606,64.21654935,54.92452452,-78979.5023,3052.198941,752.9844253
0.925,0.737566862,0.016758804,0.01082921,1.023595151,156.8311283,64.22822743,54.93241575,-78976.19519,3047.336755,751.7849131
0.92525,0.728422954,0.029409075,-0.01372507,1.020423759,156.851496,64.22449896,54.92793973,-78974.80733,3044.233782,751.0194026
0.9255,0.685978874,-0.027163149,-0.024408131,1.006592684,156.8718637,64.18832403,54.92670414,-78961.0836,3028.995412,747.260062
0.92575,0.689929561,0.01280296,-0.003562645,0.969381095,156.8922313,64.17850966,54.94214219,-78976.29001,3042.271527,750.5353098
0.926,0.675451843,0.019381128,0.030570312,0.920014222,156.912599,64.17050869,54.93767957,-78980.20652,3044.49082,751.0828145
0.92625,0.679673267,-0.038675629,0.006937613,0.985230412,156.9329667,64.1493305,54.90720907,-78997.74907,3060.215848,754.9622147
0.9265,0.640639795,-0.002570504,-0.003220211,0.910096489,156.9533344,64.17129321,54.8964652,-78986.94009,3047.285621,751.7722983
0.92675,0.6743054,0.057579767,-0.023184221,0.934540047,156.9737021,64.18408123,54.90315787,-78979.16881,3037.611283,749.3856171
0.927,0.604008246,-0.008699346,0.000494295,0.860072209,156.9940697,64.1031152,54.9174066,-78987.6104,3043.988027,750.9587743
0.92725,0.667939029,-0.042481902,0.005425168,0.972582955,157.0144374,64.03175557,54.95650184,-79018.09766,3072.060274,757.8842614
0.9275,0.64464725,-0.033458532,0.055272672,0.902808436,157.0348051,64.03088468,54.99189712,-78984.14665,3035.978167,748.9827237
0.92775,0.644514863,-0.007161912,0.006097315,0.912378974,157.0551728,64.06202556,54.94532045,-78999.54517,3049.045331,752.2064227
0.928,0.603521658,0.010975124,-0.038796173,0.875306102,157.0755405,64.08715314,54.88218123,-79010.21325,3058.002948,754.4162871
0.92825,0.629893736,0.035716719,-0.03866799,0.89752671,157.0959081,64.10308441,54.87163831,-79005.57172,3051.435463,752.7960737
0.9285,0.65802761,0.023277212,0.033324928,0.890652832,157.1162758,64.0805288,54.90305474,-79021.30065,3064.803732,756.0940561
0.92875,0.642207621,0.042902127,0.049405307,0.842985143,157.1366435,64.04378108,54.93008739,-79014.33041,3056.060499,753.9370805
0.929,0.628560378,-0.046949572,-0.002919359,0.925753213,157.1570112,64.00110094,54.92198207,-79010.08146,3050.065392,752.458074
0.92925,0.646181605,-0.008549649,0.015207122,0.909596723,157.1773788,64.01239814,54.90823082,-79030.54537,3068.269922,756.949173
0.9295,0.648615797,0.040558544,0.039585221,0.860611883,157.1977465,64.04733366,54.88338417,-79026.9205,3062.390462,755.4986969
0.92975,0.570966363,0.01643961,-0.054534676,0.838921224,157.2181142,64.04063633,54.86259368,-78998.98155,3032.374158,748.0936065
0.93,0.60244539,0.003260334,-0.044751753,0.883284798,157.2384819,63.99984877,54.89397349,-79001.16382,3032.406202,748.1015116
0.93025,0.602473194,-0.01420493,-0.010792091,0.869711368,157.2588496,63.93643359,54.95187569,-79002.87611,3031.83901,747.9615842
0.9305,0.636351971,-0.032690419,0.05615724,0.890021097,157.2792172,63.88628035,54.9973572,-79014.99434,3042.248046,750.5295169
0.93075,0.61717088,0.011185663,0.030703885,0.843529835,157.2995849,63.8633088,54.97715482,-79044.7382,3069.790708,757.3243545
0.931,0.59300011,-0.04678829,-0.013564968,0.882243833,157.3199526,63.86356809,54.94194386,-79027.249,3050.718326,752.6191543
0.93125,0.627771562,0.039068986,-0.006275825,0.86639654,157.3403203,63.90485967,54.93690982,-79028.35002,3049.642415,752.3537247
0.9315,0.608881876,0.039431249,0.016267818,0.822193397,157.360688,63.90861478,54.93061164,-79026.01002,3045.197236,751.257089
0.93175,0.55347978,-0.004498598,-0.045300914,0.819477283,157.3810556,63.8698491,54.91998865,-79023.12833,3040.348688,750.060941
0.932,0.60529968,-0.026893324,0.012414588,0.86759774,157.4014233,63.83215646,54.94401275,-79040.62175,3055.82414,753.8787704
0.93225,0.588149578,0.005081688,0.028039385,0.808837838,157.421791,63.82840698,54.95480819,-79025.76985,3038.95025,749.7159432
0.9325,0.592505594,0.012566205,-0.011946114,0.838028888,157.4421587,63.83790385,54.93375694,-79043.20988,3054.183402,753.4739966
0.93275,0.630862684,0.023962937,0.026097696,0.856780339,157.4625264,63.8568595,54.9346633,-79030.50113,3040.085552,749.9960249
0.933,0.619995658,0.004040983,-0.014396899,0.884417341,157.482894,63.82781018,54.9192338,-79047.25352,3054.52436,753.5581115
0.93325,0.624999817,0.007297205,-0.027070109,0.898850832,157.5032617,63.79432703,54.93414242,-79046.98369,3052.454945,753.0475823
0.9335,0.649539428,-0.006003515,0.054465861,0.887415149,157.5236294,63.77149431,54.97084298,-79045.75963,3049.51388,752.3220147
0.93375,0.587371433,-0.022954133,-0.000738092,0.847858279,157.5439971,63.76219689,54.94841813,-79032.30653,3034.17633,748.5382064
0.934,0.644172771,-0.015533043,-0.014430966,0.9321866,157.5643647,63.78246968,54.92849918,-79047.9335,3047.923489,751.9296618
0.93425,0.64781279,0.033983832,0.011395878,0.884490075,157.5847324,63.8141006,54.9224374,-79053.83504,3052.133163,752.9681978
0.9345,0.651606074,0.043784304,-0.007892302,0.898362891,157.6051001,63.80061286,54.90858979,-79056.17952,3052.894236,753.1559564
0.93475,0.622452505,-0.062286064,0.011480446,0.92064937,157.6254678,63.75254431,54.91321492,-79047.54265,3042.759212,750.6556229
0.935,0.637070751,0.038856188,-0.008717865,0.881570695,157.6458355,63.77692208,54.91753872,-79037.03254,3030.926556,747.7364798
0.93525,0.647064084,0.009488202,0.031559244,0.886474107,157.6662031,63.76248069,54.92214347,-79050.77427,3042.788783,750.662918
0.9355,0.62138277,0.024742902,0.003818964,0.858954014,157.6865708,63.7255732,54.91941778,-79071.45302,3061.938358,755.3871618
0.93575,0.63510346,-0.027577819,0.030973365,0.898636684,157.7069385,63.69397343,54.93210108,-79067.6224,3056.657427,754.084344
0.936,0.607426729,-0.007129359,0.002567427,0.862338675,157.7273062,63.70432761,54.92820742,-79050.56012,3037.96837,749.4737112
0.93625,0.651188109,0.00169995,-0.017993017,0.932751875,157.7476739,63.71847896,54.89779656,-79056.69475,3042.725143,750.647218
0.9365,0.646410255,0.028980911,-0.024567803,0.913399153,157.7680415,63.72746886,54.88222771,-79075.23421,3059.156093,754.7007707
0.93675,0.671771349,0.038741805,0.002470033,0.921957861,157.7884092,63.72077447,54.90333449,-79070.54011,3052.553364,753.0718625
0.937,0.617058221,-0.017842559,-0.03563003,0.91072353,157.8087769,63.68548809,54.9254334,-79033.57544,3013.973656,743.5541607
0.93725,0.64089362,-0.001445089,0.007462985,0.902171126,157.8291446,63.64675218,54.95760429,-79047.56027,3026.562111,746.6597613
0.9375,0.633286344,-0.007190596,0.016740367,0.889332526,157.8495123,63.60797357,54.95290221,-79086.61742,3063.8893,755.8684636
0.93775,0.620919376,-0.003870692,-0.013444304,0.890433356,157.8698799,63.59711168,54.94173788,-79083.64793,3059.573039,754.8036322
0.938,0.640108981,0.012133972,0.035093901,0.872309015,157.8902476,63.62749825,54.94527332,-79057.82661,3032.696894,748.1732261
0.93825,0.620094219,-0.003557273,-0.017488125,0.89199019,157.9106153,63.63804089,54.90700628,-79066.34863,3039.458523,749.8413353
0.9385,0.649509241,0.047684188,-0.053130632,0.930623346,157.930983,63.63556434,54.89676885,-79081.24066,3052.953193,753.1705011
0.93875,0.68154963,-0.007203,0.020871722,0.954810805,157.9513506,63.58932053,54.94346085,-79069.94988,3040.303711,750.0498451
0.939,0.653070863,-0.005055003,-0.002233585,0.928741911,157.9717183,63.56698317,54.96370911,-79059.79678,3028.733061,747.1953394
0.93925,0.661484926,-0.033979824,0.021800079,0.946561842,157.992086,63.5595066,54.95401006,-79067.65308,3034.94209,748.7271209
0.9395,0.668159919,0.003641884,-0.028065838,0.962974508,158.0124537,63.58963524,54.90911221,-79086.88112,3052.635367,753.0920926
0.93975,0.693979368,0.061837196,-0.019674807,0.956843881,158.0328214,63.62935719,54.8947284,-79077.12976,3041.971887,750.461388
0.94,0.704260526,0.031529492,-0.028788213,0.99677767,158.053189,63.60741121,54.90340913,-79073.00841,3036.870395,749.2028383
0.94025,0.687616149,-0.015879117,0.00011964,0.983774872,158.0735567,63.5446679,54.93225965,-79081.82899,3044.427676,751.0672367
0.9405,0.6803401,-0.009074,-0.003504005,0.971064151,158.0939244,63.51696947,54.96052834,-79061.33626,3023.059534,745.7956673
0.94075,0.684380313,0.007688816,0.001402801,0.961462,158.1142921,63.51977486,54.94828356,-79068.15626,3028.845147,747.2229914
0.941,0.686246381,-0.016639574,-0.040760792,1.011518625,158.1346598,63.52977922,54.91432466,-79066.08521,3026.169751,746.5629649
0.94125,0.725114377,-0.009192616,0.001699588,1.030851278,158.1550274,63.55115638,54.90581463,-79075.23673,3034.120826,748.5245134
0.9415,0.718482553,-0.007893222,-0.016763274,1.033579639,158.1753951,63.55106933,54.89288994,-79081.71843,3039.524061,749.8575036
0.94175,0.732742213,0.037401776,0.009975843,1.003315369,158.1957628,63.53866829,54.90066886,-79092.50235,3049.271016,752.2620997
0.942,0.696528044,-0.01963766,0.00865644,0.993408885,158.2161305,63.51800105,54.91450607,-79069.26266,3025.170175,746.3163674
0.94225,0.735609666,0.017416679,-0.011993696,1.037100248,158.2364982,63.52099827,54.91369857,-79074.20818,3029.140315,747.29581
0.9425,0.713784168,-0.03452617,-0.013229845,1.043537863,158.2568658,63.5085353,54.89912574,-79069.4009,3023.614581,745.9325987
0.94275,0.728145371,0.001126645,-0.011173557,1.036966732,158.2772335,63.52596447,54.88457331,-79074.43076,3027.91517,746.9935639
0.943,0.773990825,0.03188979,0.007267037,1.067326375,158.2976012,63.55893747,54.88064277,-79071.57809,3024.479851,746.1460628
0.94325,0.804309301,0.021416994,-0.0114202,1.131111517,158.3179689,63.56239232,54.86144241,-79075.21269,3027.518093,746.895604
0.9435,0.74288057,-0.021998206,-0.055270898,1.10598028,158.3383366,63.53697308,54.84308635,-79086.51507,3038.126697,749.5127708
0.94375,0.77786902,-0.0206546,0.043008046,1.08706649,158.3587042,63.54516063,54.88313989,-79060.47199,3012.073786,743.0854584
0.944,0.77347329,0.030950157,0.021487286,1.056841095,158.3790719,63.54222976,54.87557534,-79067.90736,3019.344478,744.8791547
0.94425,0.731653857,-0.052569802,-0.025068715,1.090133987,158.3994396,63.50420097,54.83624614,-79094.13503,3045.364555,751.2983668
0.9445,0.77147732,-0.002128836,0.00464794,1.089284035,158.4198073,63.5517918,54.84204311,-79067.18029,3018.451718,744.6589088
0.94475,0.80983223,0.045245968,0.057388559,1.072805235,158.4401749,63.59334176,54.84524356,-79070.82309,3021.921847,745.5149975
0.945,0.795627259,0.02143827,-0.045755022,1.145341728,158.4605426,63.56187299,54.81070727,-79079.61823,3031.073158,747.7726467
0.94525,0.764391637,-0.0093811,-0.041700899,1.117834511,158.4809103,63.51407715,54.82412861,-79081.72545,3033.597645,748.3954434
0.9455,0.842453594,-0.01654034,0.050974043,1.169986603,158.501278,63.49232078,54.88199285,-79074.4223,3026.780823,746.7137178
0.94575,0.835683204,0.017938126,0.036910113,1.143287103,158.5216457,63.48647657,54.87406705,-79085.28921,3037.860431,749.4470825
0.946,0.795481177,-0.047875669,-0.05419814,1.197182394,158.5420133,63.48104129,54.82616009,-79078.05765,3031.076312,747.7734247
0.94625,0.836034132,0.015310681,0.015204238,1.160753509,158.562381,63.51769475,54.83851776,-79082.89223,3035.643765,748.9002259
0.9465,0.811157978,0.041250781,0.045263584,1.08598684,158.5827487,63.51059169,54.85618777,-79068.74129,3022.241138,745.5937673
0.94675,0.754362951,-0.058937335,-0.046134594,1.141235114,158.6031164,63.46537495,54.83845386,-79052.45879,3006.419631,741.6905655
0.947,0.814699148,-0.005193442,0.014054009,1.146135665,158.6234841,63.49242752,54.84258735,-79057.77164,3012.335635,743.150057
0.94725,0.850880015,-0.007254904,0.014535554,1.198475041,158.6438517,63.52207335,54.81362729,-79067.9229,3022.830753,745.7392267
0.9475,0.85506037,0.019760909,-0.029930917,1.217950757,158.6642194,63.52141728,54.78897624,-79078.70615,3034.265765,748.5602702
0.94775,0.858992043,-0.00771315,0.010006084,1.213370933,158.6845871,63.50336663,54.80672694,-79075.55381,3031.878503,747.9713272
0.948,0.842720866,-0.032457839,0.053579976,1.181559824,158.7049548,63.4819624,54.82587563,-79077.88079,3034.138198,748.5287992
0.94825,0.866316156,0.004701307,0.019644231,1.208079794,158.7253225,63.48787626,54.80967162,-79076.69221,3033.703876,748.4216507
0.9485,0.849229848,-0.019265966,-0.051427521,1.251600193,158.7456901,63.4969498,54.78118866,-79063.32959,3020.707512,745.2154183
0.94875,0.889897898,0.009519469,0.011210988,1.243848755,158.7660578,63.53309569,54.78512925,-79056.18877,3014.273054,743.6280227
0.949,0.92111147,0.038030477,0.016750785,1.264180808,158.7864255,63.54961463,54.76608813,-79075.61953,3034.435367,748.6021114
0.94925,0.874761689,0.011632614,-0.029272979,1.250577366,158.8067932,63.53411777,54.74762232,-79067.69647,3027.392724,746.8646754
0.9495,0.9267421,0.016637195,0.054791148,1.260969914,158.8271608,63.52804645,54.76863143,-79088.14386,3048.551356,752.084558
0.94975,0.901840293,0.008379356,0.045500833,1.238130737,158.8475285,63.52339841,54.76849104,-79069.40034,3030.939106,747.7395759
0.95,0.886219053,-0.015019669,-0.026359985,1.282638039,158.8678962,63.50476722,54.74813526,-79068.10707,3030.56341,747.6468906
0.95025,0.945129299,0.008180716,0.031269918,1.309024342,158.8882639,63.50713268,54.76254116,-79079.54964,3042.948847,750.7024061
0.9505,0.929724821,-0.010457652,0.050749536,1.288521227,158.9086316,63.51291464,54.76934337,-79058.75469,3023.172627,745.8235678
0.95075,0.911444945,-0.003418266,-0.011282233,1.29940832,158.9289992,63.50944701,54.74456384,-79070.5707,3035.733807,748.9224394
0.951,0.89163989,-0.034257579,-0.004357496,1.288794575,158.9493669,63.49647212,54.74527613,-79054.63113,3021.075405,745.3061784
0.95125,0.927896502,0.025196338,-0.009628257,1.301934335,158.9697346,63.50377715,54.75716405,-79051.59379,3019.099663,744.8187583
0.9515,0.906340041,-0.026491058,-0.031378805,1.322692097,158.9901023,63.4758637,54.75565446,-79037.58966,3006.414036,741.6891853
0.95175,0.890901871,-0.044105613,-0.029907774,1.31237608,159.01047,63.47341287,54.74831359,-79052.19429,3021.693093,745.4585633
0.952,0.948846221,0.054524193,0.041477587,1.274087885,159.0308376,63.51366487,54.75138646,-79057.25965,3027.996927,747.0137335
0.95225,0.952672491,0.01742706,-0.031959777,1.358905361,159.0512053,63.51266475,54.71495586,-79050.01598,3022.311281,745.6110718
0.9525,0.921323835,-0.02065805,-0.047124812,1.351267236,159.071573,63.48366865,54.71507979,-79051.98899,3025.187597,746.3206655
0.95275,0.900021882,-0.017245242,-0.01767343,1.297514489,159.0919407,63.45906392,54.76513744,-79018.62216,2993.173302,738.4226661
0.953,0.974807203,0.015171584,0.040375414,1.339663585,159.1123084,63.42309103,54.80004937,-79053.62126,3029.064361,747.277072
0.95325,0.924775555,-0.082878878,-0.025487036,1.386239616,159.132676,63.39433045,54.78342149,-79030.33281,3007.346053,741.9191159
0.9535,1.016631573,0.039159437,0.040874132,1.381143476,159.1530437,63.46200814,54.76193794,-79060.21807,3037.968202,749.4736697
0.95375,0.961426855,0.010153864,-0.020354682,1.36738658,159.1734114,63.48590167,54.72317328,-79034.60147,3013.805012,743.5125557
0.954,0.996635606,0.024439524,-0.029170789,1.414326004,159.1937791,63.46905162,54.7175559,-79055.1263,3035.528533,748.8717978
0.95425,0.991068634,0.003329101,0.007478175,1.393950068,159.2141467,63.44609337,54.74970838,-79030.1319,3011.910876,743.0452681
0.9545,0.966028346,-0.009558053,0.037148887,1.347875146,159.2345144,63.41835264,54.76496096,-79042.31937,3025.219246,746.3284732
0.95475,0.956423639,-0.038533124,-0.02795631,1.399662357,159.2548821,63.41460151,54.73453138,-79037.83067,3022.062213,745.549626
0.955,0.998930654,0.01602731,-0.006660726,1.406352641,159.2752498,63.4558543,54.72036846,-79043.35632,3028.56703,747.1543792
0.95525,0.992163738,0.052758447,0.010883208,1.359097979,159.2956175,63.47365712,54.7124335,-79041.06836,3027.473712,746.8846552
0.9555,0.961847691,-0.006113936,-0.045182151,1.397349327,159.3159851,63.43961005,54.70333483,-79036.76807,3024.255369,746.0906827
0.95575,0.966715139,-0.024642526,-0.019442305,1.398328848,159.3363528,63.42794022,54.7234358,-79026.46297,3015.018501,743.8119263
0.956,1.016006074,-0.000189474,0.054613592,1.399975811,159.3567205,63.44581087,54.73811596,-79025.8894,3015.674849,743.9738488
0.95625,1.008229102,0.004477599,-0.013251655,1.432220075,159.3770882,63.45050574,54.70651206,-79030.08165,3021.063657,745.3032799
0.9565,1.024730813,0.013219657,-0.042885751,1.471770282,159.3974559,63.43670495,54.69715714,-79050.24149,3042.277359,750.5367486
0.95675,1.000508915,-0.003461117,0.031552327,1.395728712,159.4178235,63.4166843,54.72935929,-79027.91838,3021.575833,745.4296349
0.957,1.007363352,0.002616382,-0.005206373,1.42649049,159.4381912,63.40737747,54.7403243,-79018.1991,3013.081535,743.3340723
0.95725,1.067825471,0.037800919,0.034947649,1.458696444,159.4585589,63.42418451,54.73527052,-79042.8921,3039.080745,749.7481366
0.9575,1.008604652,-0.021557983,0.021477362,1.427412828,159.4789266,63.41996348,54.70263709,-79031.38551,3029.305581,747.3365816
0.95775,0.977909025,0.018266889,-0.014847829,1.381150167,159.4992943,63.44296699,54.6755428,-79024.16073,3023.885255,745.9993746
0.958,1.038148848,0.04897944,-0.014477767,1.445858128,159.5196619,63.46973366,54.67448953,-79012.60017,3013.859303,743.5259494
0.95825,1.047297503,-0.001525758,-0.024483037,1.499756912,159.5400296,63.44418043,54.66862371,-79026.13503,3028.925162,747.2427312
0.9585,1.033030593,-0.01539386,-0.005214951,1.47555117,159.5603973,63.42777027,54.68990173,-79010.5209,3014.852175,743.7708934
0.95875,1.031452533,-0.024466337,0.037048004,1.451753781,159.580765,63.42344749,54.70358345,-78996.27773,3002.361856,740.6895031
0.959,1.044364129,-0.015957936,-0.048426505,1.522999822,159.6011326,63.41838429,54.67224807,-79016.17523,3023.558379,745.9187335
0.95925,1.060312132,0.041902147,-0.03023606,1.493873547,159.6215003,63.41376217,54.68419984,-79013.92746,3022.843729,745.7424279
0.9595,1.09783856,-0.011896566,0.013647231,1.551655687,159.641868,63.39121204,54.71145812,-79017.46301,3027.869444,746.9822832
0.95975,1.082822791,0.001566129,0.027599378,1.511055972,159.6622357,63.38127616,54.708923,-79016.01294,3027.930991,746.9974671
0.96,1.050347968,-0.048651146,-0.02210027,1.535789447,159.6826034,63.40477575,54.67384803,-78997.88602,3011.170226,742.862548
0.96025,1.120558475,0.106249013,-0.026033803,1.536553377,159.702971,63.46122084,54.65938539,-79008.94215,3023.744787,745.9647208
0.9605,1.095643939,0.012582521,0.003522843,1.538126327,159.7233387,63.40430691,54.66152379,-79017.2418,3033.557005,748.3854175
0.96075,1.051838298,-0.034707063,-0.025676151,1.53026134,159.7437064,63.3579912,54.67321059,-79011.91281,3029.662823,747.4247139
0.961,1.117722805,0.015090026,0.025648119,1.551946403,159.7640741,63.37378649,54.70580911,-79007.41807,3026.136678,746.5548058
0.96125,1.083299932,0.000794208,0.050594096,1.496923516,159.7844418,63.36778411,54.70277192,-78996.25628,3016.325432,744.1343491
0.9615,1.087576075,-0.038937544,-0.048858614,1.600192228,159.8048094,63.36240549,54.66532114,-79006.89154,3028.229389,747.0710824
0.96175,1.089930415,-0.009011025,-0.009974525,1.554819634,159.8251771,63.40004626,54.66564694,-78984.9922,3007.632707,741.989834
0.962,1.108262702,0.02613088,0.020595377,1.534294669,159.8455448,63.41680557,54.6520477,-79000.95678,3024.401552,746.1267464
0.96225,1.113604135,0.009629926,-0.003483127,1.570609741,159.8659125,63.41085636,54.61755073,-79019.49112,3044.333584,751.0440241
0.9625,1.108402098,0.016924243,0.013320205,1.546137527,159.8862802,63.41532729,54.62107465,-79017.14616,3043.114207,750.743201
0.96275,1.11996973,0.018125611,0.004572301,1.567914404,159.9066478,63.40454172,54.64679939,-78994.67126,3021.612311,745.4386342
0.963,1.13664278,0.030888926,0.023811558,1.568800498,159.9270155,63.36668747,54.6627579,-79015.59239,3043.662065,750.8783588
0.96325,1.162022139,-0.014476273,0.001052144,1.652949174,159.9473832,63.34438975,54.64944012,-79026.843,3056.121099,753.9520308
0.9635,1.151916543,0.024724415,0.011627108,1.603431828,159.9677509,63.36945024,54.6440467,-79019.53607,3049.555142,752.3321941
0.96375,1.133977987,-0.006416262,-0.004793709,1.61161492,159.9881185,63.38340206,54.64203232,-78968.65485,3000.105636,740.1328886
0.964,1.120970738,0.014436361,-0.029248142,1.596662186,160.0084862,63.3714873,54.6311235,-78999.36109,3031.36302,747.8441563
0.96425,1.157741901,0.028782089,-0.00447434,1.620618042,160.0288539,63.37630939,54.62651413,-79012.09719,3044.953819,751.1970373
0.9645,1.178912874,0.009455174,-0.042969819,1.692151592,160.0492216,63.37988833,54.6261242,-78979.1999,3013.200748,743.3634826
0.96475,1.173807089,0.01837574,0.017215897,1.634847435,160.0695893,63.36368498,54.63688128,-79001.43381,3036.146584,749.0242725
0.965,1.184782162,0.025877764,0.004117668,1.654539681,160.0899569,63.34734347,54.63490547,-79012.77506,3048.630769,752.1041492
0.96525,1.139639822,-0.020812834,-0.014339036,1.636569425,160.1103246,63.32242326,54.64644425,-79000.54332,3037.240929,749.2942498
0.9655,1.159336615,0.034242928,0.067006578,1.568468735,160.1306923,63.33249768,54.67700097,-78983.17599,3021.335324,745.3703008
0.96575,1.155228516,-0.018580323,-0.001804708,1.648282286,160.15106,63.32556706,54.64495717,-78981.8698,3021.392498,745.3844058
0.966,1.211395894,-0.031437163,-0.03219834,1.758169845,160.1714277,63.33133843,54.62127479,-78987.70779,3028.805275,747.2131547
0.96625,1.187653783,0.045049737,0.030304031,1.626413199,160.1917953,63.37109585,54.62693432,-78979.58818,3021.743624,745.4710294
0.9665,1.219170716,0.037922775,-0.047326319,1.733963334,160.212163,63.3673632,54.61184486,-78972.68545,3016.421582,744.1580695
0.96675,1.186220971,-0.022274576,-0.015107139,1.70402526,160.2325307,63.32453921,54.62314263,-78979.00326,3024.075177,746.0462288
0.967,1.17300729,-0.034357014,0.048826997,1.651795833,160.2528984,63.30487448,54.64857223,-78979.82886,3026.16124,746.5608654
0.96725,1.207698334,0.011962925,0.008394628,1.693554038,160.2732661,63.31902938,54.64446403,-78975.84613,3024.095816,746.0513205
0.9675,1.2233413,-0.012720722,0.003510336,1.736692359,160.2936337,63.3321059,54.62422394,-78970.0776,3019.774285,744.985189
0.96775,1.231122852,0.007017175,0.032422684,1.713464981,160.3140014,63.35547119,54.6009731,-78982.28869,3033.640811,748.4060925
0.968,1.153741671,-0.017506497,-0.041892269,1.673904853,160.3343691,63.35323722,54.57698059,-78961.72938,3014.573112,743.7020479
0.96825,1.233501178,-0.03228317,0.024986524,1.750999001,160.3547368,63.3415415,54.59087196,-78975.4649,3030.166042,747.548859
0.9685,1.200679264,0.028458914,-0.016650741,1.690570251,160.3751045,63.34861179,54.59440359,-78965.93703,3022.126877,745.5655788
0.96875,1.217031048,0.010603975,0.050402913,1.678711245,160.3954721,63.34122307,54.60409156,-78973.05415,3030.791054,747.703051
0.969,1.201260942,-0.003154533,0.031588397,1.67927293,160.4158398,63.32360983,54.6023165,-78969.05983,3028.345045,747.0996149
0.96925,1.239519567,-0.019845063,-0.008774177,1.773234081,160.4362075,63.32193028,54.58911622,-78972.6715,3033.535681,748.3801568
0.9695,1.24849526,0.023948843,0.010085326,1.741655905,160.4565752,63.35054324,54.58578534,-78952.47332,3015.178121,743.851305
0.96975,1.169818285,0.022424194,-0.044574328,1.672050065,160.4769428,63.34731331,54.55501931,-78940.0701,3004.656864,741.255687
0.97,1.179767515,-0.053294446,-0.062673296,1.750482485,160.4973105,63.31249605,54.54852208,-78952.16377,3018.044482,744.5584427
0.97025,1.237481924,0.051742563,0.009733893,1.707368674,160.5176782,63.32943185,54.59084855,-78951.31551,3018.69798,744.7196622
0.9705,1.225201694,-0.025960975,0.029142299,1.731762823,160.5380459,63.30598262,54.60407778,-78941.64398,3010.280321,742.6430065
0.97075,1.169755823,-0.033902675,-0.023375343,1.694835267,160.5584136,63.29737163,54.56726598,-78942.94555,3012.99712,743.3132469
0.971,1.224658966,0.012118566,-0.007181406,1.728599841,160.5787812,63.32275568,54.54936431,-78966.03403,3037.332405,749.3168172
0.97125,1.222260533,-0.008511491,0.002674143,1.732719209,160.5991489,63.33217356,54.55959073,-78934.09987,3006.668476,741.7519562
0.9715,1.243249286,0.02374188,-0.023248459,1.758812935,160.6195166,63.32436233,54.55505676,-78949.06758,3022.891067,745.7541063
0.97175,1.215642505,-0.000263206,0.01955102,1.705712209,160.6398843,63.31269402,54.55662771,-78949.86243,3024.968867,746.2667041
0.972,1.212860666,-0.005118744,0.003042392,1.716741303,160.660252,63.29869881,54.55042248,-78955.95248,3032.382419,748.0956443
0.97225,1.228667794,-0.018553679,-0.028393652,1.770836442,160.6806196,63.2903243,54.55411012,-78949.93581,3027.556398,746.9050539
0.9725,1.308398711,0.046034058,0.07725662,1.763590149,160.7009873,63.31206433,54.58847933,-78948.25281,3027.173402,746.8105679
0.97275,1.218273338,-0.02802085,-0.028916668,1.763159924,160.721355,63.27700874,54.5569473,-78937.21041,3017.478758,744.4188774
0.973,1.233468039,-0.083072482,-0.034712315,1.828633112,160.7417227,63.26916129,54.54507404,-78933.10344,3014.877827,743.7772217
0.97325,1.304318195,0.086116644,0.042363323,1.754553923,160.7620904,63.33764564,54.55838842,-78941.05083,3023.874632,745.9967538
0.9735,1.234175342,0.001098064,-0.012171163,1.753292689,160.782458,63.30335186,54.5381301,-78930.26871,3014.836203,743.7669529
0.97375,1.205517041,-0.050872602,-0.029971982,1.762210231,160.8028257,63.25430938,54.54353993,-78923.663,3009.920024,742.5541205
0.974,1.30271179,0.009612213,0.00969754,1.828658626,160.8231934,63.26845523,54.57211111,-78933.13668,3020.674149,745.2071875
0.97425,1.267750138,0.010071574,0.017114983,1.773666617,160.8435611,63.27020628,54.57139477,-78906.58041,2995.779155,739.0655358
0.9745,1.277469275,-0.045075356,0.000148326,1.83921676,160.8639287,63.25223207,54.53782454,-78931.87005,3022.436084,745.6418609
0.97475,1.309964254,-0.004237054,0.019207699,1.842207161,160.8842964,63.28706966,54.51233346,-78956.24512,3047.835303,751.9079059
0.975,1.312715028,0.050636777,0.002265419,1.82001634,160.9046641,63.32622191,54.50965041,-78929.72666,3022.763708,745.7226864
0.97525,1.307932779,0.02398405,-0.017367738,1.845712807,160.9250318,63.29721977,54.52058037,-78918.22219,3012.734908,743.2485586
0.9755,1.276306382,-0.077621262,-0.029702355,1.881774458,160.9453995,63.24362698,54.52969427,-78925.13087,3020.86356,745.2539157
0.97575,1.307390891,0.047474126,0.051634764,1.77885666,160.9657671,63.26133195,54.55093192,-78929.40561,3026.775402,746.7123806
0.976,1.271608962,-0.023698904,0.016884383,1.803830158,160.9861348,63.24451942,54.52532749,-78931.71873,3030.370052,747.5991887
0.97625,1.261973102,-0.024810722,-0.067521295,1.850727466,161.0065025,63.2516534,54.50253291,-78921.43439,3021.252721,745.3499226
0.9765,1.316938788,0.018295029,0.027166992,1.830318446,161.0268702,63.27502218,54.53692327,-78913.68531,3014.717552,743.7376814
0.97675,1.311373406,0.027597785,0.003259863,1.832984785,161.0472379,63.24397911,54.53682499,-78926.15168,3028.039233,747.0241705
0.977,1.256305697,-0.066080913,-0.04166652,1.853114753,161.0676055,63.20917196,54.52188863,-78918.38981,3021.801176,745.4852277
0.97725,1.338573163,0.029828352,0.045523262,1.839847102,161.0879732,63.24566695,54.53784626,-78910.67377,3015.532549,743.9387432
0.9775,1.322637789,-0.017389493,0.005314987,1.879236009,161.1083409,63.24681768,54.51500125,-78912.74438,3018.702292,744.720726
0.97775,1.334806364,-0.038826953,-0.022141462,1.930920582,161.1287086,63.24996905,54.48469176,-78926.84188,3034.06384,748.5104548
0.978,1.352665105,0.030021819,0.025709038,1.873557116,161.1490763,63.27572813,54.50302263,-78922.29697,3030.881277,747.7253091
0.97825,1.351072667,0.032043134,0.05899913,1.846623827,161.1694439,63.25537469,54.53026381,-78916.27665,3026.416394,746.6238125
0.9785,1.297143272,-0.032552674,0.003437878,1.85554851,161.1898116,63.19128663,54.53073794,-78907.99003,3019.936363,745.025174
0.97875,1.301597392,-0.068890394,-0.014068352,1.900583747,161.2101793,63.17380408,54.53314147,-78902.91266,3016.693934,744.2252595
0.979,1.335033071,0.029647743,0.031554783,1.844746632,161.230547,63.22772305,54.52607007,-78909.76095,3024.990347,746.2720034
0.97925,1.351113312,0.032945883,-0.032838924,1.912385109,161.2509146,63.2456083,54.49058396,-78902.04212,3019.015362,744.797961
0.9795,1.316152326,0.009487536,-0.01925715,1.868560301,161.2712823,63.23245861,54.47636281,-78914.97863,3033.604736,748.3971928
0.97975,1.309296007,0.015281572,-0.016930493,1.853210107,161.29165,63.22468077,54.4978939,-78901.47619,3021.496599,745.4100878
0.98,1.323997426,0.01209932,0.034066812,1.839967445,161.3120177,63.21406297,54.51547564,-78907.27355,3028.940906,747.2466152
0.98025,1.330722254,-0.029985759,-0.021133451,1.91810284,161.3323854,63.20593512,54.493124,-78890.9264,3014.67159,743.7263425
0.9805,1.325525891,-0.008372742,-0.019809145,1.894556073,161.352753,63.22542364,54.47396341,-78895.13154,3020.48265,745.1599442
0.98075,1.355521725,0.028474137,0.020290107,1.882542364,161.3731207,63.24293001,54.472701,-78899.91899,3026.966938,746.7596329
0.981,1.366579443,0.014676151,-0.017509058,1.935039891,161.3934884,63.22535584,54.47139185,-78901.77212,3030.26571,747.5734474
0.98125,1.348589816,-0.016100096,-0.0129979,1.927773142,161.4138561,63.20631034,54.48327047,-78875.93963,3006.398899,741.6854507
0.9815,1.369268576,0.017997661,0.008919076,1.917437423,161.4342238,63.20701214,54.48370784,-78899.2122,3030.790143,747.7028262
0.98175,1.359538241,-0.021011709,0.022784758,1.922172252,161.4545914,63.2008436,54.47478971,-78907.2099,3040.267791,750.0409837
0.982,1.403260294,0.018380163,0.024990252,1.953858997,161.4749591,63.23430483,54.46660934,-78901.21073,3035.841607,748.949034
0.98225,1.41249484,0.055734865,-0.001595914,1.960545105,161.4953268,63.25982944,54.43780727,-78899.4122,3035.49553,748.8636559
0.9825,1.341669999,-0.042193978,-0.036028911,1.952734441,161.5156945,63.23544116,54.41522775,-78878.08958,3015.802614,744.0053688
0.98275,1.359599474,0.020394901,-0.008340245,1.914563572,161.5360622,63.22348891,54.45037631,-78882.88115,3021.915361,745.5133973
0.983,1.387363999,0.002558532,0.038650202,1.93339538,161.5564298,63.18700594,54.48868883,-78884.27225,3024.76617,746.2166985
0.98325,1.325015797,-0.020018263,0.037600641,1.862759872,161.5767975,63.1651027,54.47781963,-78886.01909,3027.908513,746.9919216
0.9835,1.396357223,-0.028563271,0.002409159,1.993601995,161.5971652,63.19107679,54.44586694,-78887.31661,3030.802288,747.7058225
0.98375,1.376214137,0.045544244,-0.015182872,1.926228383,161.6175329,63.22562525,54.43427087,-78881.4324,3026.303262,746.5959026
0.984,1.372649232,-0.027603455,0.008982005,1.954900097,161.6379005,63.20364724,54.43472449,-78883.32848,3029.589699,747.4066741
0.98425,1.405992516,0.003246208,0.012977973,1.976937385,161.6582682,63.19019557,54.44276721,-78892.78368,3040.634175,750.1313714
0.9845,1.37613016,0.014990986,-0.008680012,1.941895821,161.6786359,63.17136425,54.46168387,-78864.72586,3014.134492,743.5938393
0.98475,1.3530509,-0.022651301,0.026389154,1.911803573,161.6990036,63.14019673,54.48090376,-78870.80912,3021.496494,745.4100619
0.985,1.37966983,-0.005069969,0.036807606,1.929387725,161.7193713,63.14637686,54.47583523,-78885.13477,3036.805112,749.1867328
0.98525,1.396503054,-0.000453673,-0.010332395,1.982617377,161.7397389,63.17900968,54.4458398,-78860.5496,3013.881328,743.5313832
0.9855,1.40744614,-0.005903734,0.011484595,1.986597306,161.7601066,63.20778418,54.41743624,-78869.89747,3024.413005,746.1295717
0.98575,1.383182343,0.012529363,-0.008709347,1.953587252,161.7804743,63.2179592,54.38527652,-78865.97794,3022.404129,745.6339776
0.986,1.383804097,-0.023308712,-0.08476019,2.034803137,161.800842,63.19647499,54.3856898,-78868.08143,3025.327297,746.3551297
0.98625,1.374643276,0.035540508,0.071613735,1.868791986,161.8212097,63.18558895,54.45432728,-78847.46396,3006.44587,741.6970388
0.9865,1.388739584,-0.046945238,0.005395186,1.994385157,161.8415773,63.13941305,54.44798066,-78854.4166,3014.922924,743.7883473
0.98675,1.385579436,-0.043603723,-0.013969751,2.000545076,161.861945,63.15099372,54.41834653,-78856.7116,3018.851998,744.7576586
0.987,1.422952582,0.050932481,0.001179682,1.976449513,161.8823127,63.19785111,54.40575939,-78854.38482,3018.090828,744.5698763
0.98725,1.409917666,-0.020528115,-0.007280544,2.013653743,161.9026804,63.18233596,54.39978008,-78848.01837,3013.217174,743.3675347
0.9875,1.390871972,0.030173868,0.01254571,1.936903034,161.9230481,63.17655773,54.38387943,-78883.71932,3050.228303,752.4982645
0.98775,1.373725516,0.041579444,-0.031913764,1.937997986,161.9434157,63.17317416,54.3835327,-78857.03445,3025.27103,746.3412486
0.988,1.390043449,0.014988284,0.014881239,1.94469736,161.9637834,63.14578834,54.42303223,-78850.01429,3019.272433,744.861381
0.98825,1.402005257,-0.023559015,0.013653903,1.990260731,161.9841511,63.11565179,54.44628495,-78853.01431,3023.323505,745.8607896
0.9885,1.417598097,-0.010400055,0.000796186,2.011624153,162.0045188,63.10781419,54.44440882,-78844.71155,3016.553979,744.1907323
0.98875,1.430297169,-0.002329014,-0.001155325,2.025209964,162.0248864,63.12451702,54.42351173,-78860.9021,3033.846626,748.4568677
0.989,1.428666757,0.012222998,-0.043005906,2.043326597,162.0452541,63.14625451,54.41519754,-78830.58401,3005.04282,741.3509032
0.98925,1.419343616,-0.014595671,0.018532397,2.004881896,162.0656218,63.12337307,54.42494065,-78842.08099,3017.609569,744.4511486
0.9895,1.404360965,-0.033331167,0.01016774,2.003153906,162.0859895,63.10563461,54.41465775,-78854.913,3031.659768,747.9173647
0.98975,1.461673269,-0.042286776,-0.001476696,2.098658881,162.1063572,63.1312285,54.39467721,-78849.13949,3027.193851,746.8156129
0.99,1.444047237,0.046775855,0.02850596,1.989084767,162.1267248,63.17347587,54.38555009,-78851.34074,3030.386157,747.6031621
0.99025,1.444767177,0.013363671,-0.033729482,2.058418357,162.1470925,63.15005953,54.37633826,-78838.7428,3019.393236,744.8911833
0.9905,1.413363544,-0.048387157,-0.038195322,2.060058769,162.1674602,63.11796177,54.39043163,-78821.5288,3003.780485,741.0394821
0.99075,1.431582083,0.012308494,0.029260601,1.995277032,162.1878279,63.13329642,54.41441532,-78822.31745,3006.064483,741.6029496
0.991,1.456722079,0.019752805,0.024493903,2.028837282,162.2081956,63.1286425,54.39810611,-78846.62865,3031.841982,747.9623174
0.99125,1.410785549,-0.018812015,-0.072578557,2.060827286,162.2285632,63.09903072,54.38032808,-78830.89552,3018.042835,744.5580364
0.9915,1.4744389,0.023200812,0.01308743,2.059549073,162.2489309,63.08476491,54.4125968,-78843.53048,3032.294066,748.0738475
0.99175,1.449731094,-0.002311864,0.001425171,2.050861469,162.2692986,63.0621966,54.42194525,-78834.3837,3024.761025,746.2154291
0.992,1.413820621,-0.01681605,-0.018273192,2.024256925,162.2896663,63.05946978,54.4098263,-78825.32055,3016.957381,744.2902524
0.99225,1.445164922,1.91E-05,0.001014787,2.043041111,162.310034,63.0957558,54.38790853,-78830.26418,3023.328481,745.8620174
0.9925,1.427621123,0.030735263,-0.027708147,2.018090439,162.3304016,63.12339817,54.36726578,-78814.94748,3009.878228,742.5438093
0.99275,1.484978224,-0.02878464,0.015127984,2.110418454,162.3507693,63.10834389,54.3768409,-78815.83225,3012.443027,743.1765509
0.993,1.43179761,-0.005218126,-0.016206758,2.040061671,162.371137,63.11471795,54.36745244,-78807.00513,3005.27973,741.4093494
0.99325,1.449559592,0.019701815,-0.025249463,2.054647324,162.3915047,63.13619993,54.34617448,-78815.28403,3015.306622,743.8830064
0.9935,1.470083858,-0.006047259,0.012256212,2.074743246,162.4118724,63.13000265,54.34232356,-78819.14444,3020.897733,745.2623462
0.99375,1.485274508,-0.005397676,-0.008514078,2.1103359,162.43224,63.11665399,54.34154712,-78822.47344,3026.270648,746.5878566
0.994,1.428683854,-0.036295425,-0.006426534,2.050999334,162.4526077,63.11162718,54.34097645,-78807.37318,3012.842795,743.2751747
0.99425,1.439427486,0.004638141,0.006505992,2.027779072,162.4729754,63.11887598,54.35048401,-78798.64845,3005.866342,741.5540679
0.9945,1.435140617,0.000263459,0.008632798,2.023330686,162.4933431,63.09402543,54.3524224,-78803.63895,3012.69703,743.2392141
0.99475,1.446074408,0.001628832,-0.011339892,2.05198627,162.5137107,63.08467096,54.34382134,-78822.5321,3033.049293,748.2601638
0.995,1.431999545,-0.0158792,0.027613438,2.017559122,162.5340784,63.10063307,54.34577508,-78791.21537,3003.601919,740.9954296
0.99525,1.486237617,0.009502789,0.013379422,2.085682633,162.5544461,63.11016771,54.33613469,-78813.13709,3026.689383,746.6911594
0.9955,1.447523839,-0.011628493,-0.036630797,2.081457573,162.5748138,63.1044311,54.32821586,-78800.02656,3015.282695,743.8771034
0.99575,1.484191583,0.05522096,-0.008295804,2.067246966,162.5951815,63.09009314,54.34785436,-78810.2025,3027.471563,746.8841251
0.996,1.44095589,-0.030137755,0.006680184,2.054901184,162.6155491,63.03874303,54.36799212,-78800.81191,3019.70628,744.968412
0.99625,1.497389244,-0.052097807,0.015888925,2.1448486,162.6359168,63.02981014,54.37876049,-78802.09695,3022.655296,745.695941
0.9965,1.512242218,0.031739199,0.030637645,2.094526799,162.6562845,63.06965146,54.34721197,-78819.50116,3041.580513,750.364835
0.99675,1.458008378,-0.005937851,-0.09245906,2.134144736,162.6766522,63.08428552,54.29922266,-78790.29427,3014.077133,743.5796886
0.997,1.473570436,0.02053737,0.002567713,2.067722663,162.6970199,63.09318575,54.32210889,-78790.9432,3016.31203,744.1310429
0.99725,1.505709291,0.002686224,0.029332821,2.107006375,162.7173875,63.05797381,54.33966501,-78801.07178,3027.738368,746.9499463
0.9975,1.471149088,-0.035795319,-0.00745794,2.111388925,162.7377552,63.03029101,54.33253692,-78798.98704,3026.925408,746.7493874
0.99775,1.507087964,-0.017160668,0.02297719,2.127799269,162.7581229,63.04444899,54.34401311,-78800.6654,3029.548344,747.3964717
0.998,1.512561021,0.016892799,0.001015207,2.126510352,162.7784906,63.05842333,54.33937936,-78789.87578,3020.322878,745.1205282
0.99825,1.487365915,0.026880121,-0.042974914,2.116563614,162.7988583,63.05095619,54.31142676,-78807.93083,3039.500047,749.8515794
0.9985,1.510826608,-0.011544111,-0.001921967,2.146185789,162.8192259,63.03443841,54.33216219,-78791.17733,3024.184248,746.0731369
0.99875,1.499231479,-0.026794348,0.046826636,2.107997795,162.8395936,63.01994132,54.3485741,-78787.7815,3022.072554,745.5521772
0.999,1.45800269,-0.036149675,-0.026856333,2.106509904,162.8599613,63.01882515,54.3138275,-78791.0649,3026.522243,746.6499256
0.99925,1.525122356,0.006850027,-0.031091658,2.174486719,162.880329,63.05642225,54.29834368,-78779.92263,3017.043596,744.3115217
0.9995,1.517977729,0.026142166,0.005685238,2.124387067,162.9006966,63.06806636,54.3122031,-78768.71954,3007.114741,741.8620506
0.99975,1.535894947,0.014344404,0.00405298,2.15911134,162.9210643,63.02754898,54.32145117,-78800.82775,3040.342822,750.0594938
1,1.472199424,-0.05988191,0.000163489,2.125504284,162.941432,62.99011988,54.32154849,-78780.40539,3021.581123,745.4309402
